source,NR,WR,SR,ER,NER,All India,date
Hydro,139,43,72,30,7,292,31-03-2013
Total,675,820,697,306,28,2526,31-03-2013
Wind Gen(MU),2,19,13,0,0,34,31-03-2013
Hydro,137,43,83,32,5,300,01-04-2013
Total,683,841,706,316,29,2575,01-04-2013
Wind Gen(MU),7,21,19,0,0,48,01-04-2013
Wind Gen(MU),8,25,15,0,0,48,02-04-2013
Total,675,836,709,311,28,2558,02-04-2013
Hydro,136,42,79,29,4,290,02-04-2013
Total,676,835,705,307,28,2551,03-04-2013
Hydro,135,42,80,38,4,299,03-04-2013
Wind Gen(MU),3,22,6,0,0,31,03-04-2013
Total,691,856,711,302,26,2586,04-04-2013
Hydro,133,44,78,38,5,297,04-04-2013
Wind Gen(MU),3,23,15,0,0,42,04-04-2013
Hydro,127,48,87,37,4,303,05-04-2013
Total,673,855,707,305,26,2566,05-04-2013
Wind Gen(MU),2,19,21,0,0,41,05-04-2013
Wind Gen(MU),8,20,34,0,0,61,06-04-2013
Total,678,856,717,311,27,2588,06-04-2013
Hydro,127,40,80,35,4,285,06-04-2013
Hydro,127,33,66,36,4,265,07-04-2013
Wind Gen(MU),13,25,16,0,0,53,07-04-2013
Total,677,842,697,308,27,2552,07-04-2013
Hydro,136,45,71,41,4,298,08-04-2013
Wind Gen(MU),13,18,15,0,0,47,08-04-2013
Total,692,876,715,314,27,2624,08-04-2013
Hydro,137,50,70,44,3,303,09-04-2013
Total,696,876,721,326,28,2647,09-04-2013
Wind Gen(MU),9,16,13,0,0,38,09-04-2013
Hydro,126,47,79,52,3,308,10-04-2013
Total,669,883,717,325,27,2620,10-04-2013
Wind Gen(MU),2,18,18,0,0,39,10-04-2013
Hydro,122,43,75,44,4,289,11-04-2013
Wind Gen(MU),4,19,18,0,0,41,11-04-2013
Total,692,873,709,327,27,2628,11-04-2013
Hydro,123,49,69,39,4,284,12-04-2013
Wind Gen(MU),3,26,9,0,0,39,12-04-2013
Total,699,881,715,320,28,2643,12-04-2013
Wind Gen(MU),2,24,10,0,0,36,13-04-2013
Hydro,121,53,65,35,4,278,13-04-2013
Total,694,874,715,316,28,2626,13-04-2013
Wind Gen(MU),3,23,15,0,0,41,14-04-2013
Total,684,830,717,285,26,2542,14-04-2013
Hydro,124,31,49,35,3,242,14-04-2013
Hydro,134,33,50,46,3,266,15-04-2013
Total,717,878,709,304,24,2632,15-04-2013
Wind Gen(MU),5,32,41,0,0,78,15-04-2013
Wind Gen(MU),15,41,44,0,0,99,16-04-2013
Hydro,140,40,55,31,4,269,16-04-2013
Total,718,880,732,314,27,2671,16-04-2013
Total,729,886,721,302,27,2665,17-04-2013
Hydro,143,45,64,38,5,295,17-04-2013
Wind Gen(MU),7,35,42,0,0,84,17-04-2013
Hydro,143,48,65,40,6,302,18-04-2013
Wind Gen(MU),2,32,38,0,0,72,18-04-2013
Total,723,864,728,295,28,2637,18-04-2013
Total,719,828,718,285,27,2577,19-04-2013
Hydro,137,35,69,33,5,279,19-04-2013
Wind Gen(MU),16,28,24,0,0,68,19-04-2013
Total,716,794,710,273,26,2519,20-04-2013
Wind Gen(MU),15,29,28,0,0,72,20-04-2013
Hydro,135,37,52,27,6,258,20-04-2013
Wind Gen(MU),5,18,17,0,0,39,21-04-2013
Total,681,797,685,265,27,2455,21-04-2013
Hydro,131,31,48,25,5,239,21-04-2013
Total,699,829,701,280,28,2537,22-04-2013
Hydro,133,39,55,34,5,266,22-04-2013
Wind Gen(MU),5,13,14,0,0,31,22-04-2013
Wind Gen(MU),2,14,11,0,0,27,23-04-2013
Total,723,852,705,298,28,2606,23-04-2013
Hydro,137,67,57,37,6,304,23-04-2013
Total,749,870,694,302,28,2642,24-04-2013
Hydro,147,63,67,38,5,319,24-04-2013
Wind Gen(MU),5,23,9,0,0,38,24-04-2013
Wind Gen(MU),5,33,11,0,0,49,25-04-2013
Total,754,862,695,315,27,2653,25-04-2013
Hydro,156,54,58,36,4,307,25-04-2013
Total,748,846,687,313,28,2622,26-04-2013
Hydro,170,39,57,29,5,299,26-04-2013
Wind Gen(MU),5,26,7,0,0,39,26-04-2013
Wind Gen(MU),6,29,10,0,0,46,27-04-2013
Total,748,876,695,332,27,2677,27-04-2013
Hydro,171,40,59,46,4,320,27-04-2013
Hydro,159,30,32,40,4,265,28-04-2013
Wind Gen(MU),7,31,29,0,0,67,28-04-2013
Total,736,865,691,316,27,2635,28-04-2013
Total,767,895,695,328,28,2713,29-04-2013
Hydro,160,39,48,46,5,298,29-04-2013
Wind Gen(MU),5,28,20,0,0,53,29-04-2013
Hydro,167,38,58,51,4,318,30-04-2013
Total,787,902,703,335,28,2754,30-04-2013
Wind Gen(MU),6,19,7,0,0,32,30-04-2013
Wind Gen(MU),8,20,8,0,0,36,01-05-2013
Total,783,856,677,319,28,2663,01-05-2013
Hydro,166,29,44,48,6,293,01-05-2013
Total,784,873,688,327,25,2696,02-05-2013
Hydro,165,39,55,55,4,319,02-05-2013
Wind Gen(MU),2,27,26,0,0,55,02-05-2013
Wind Gen(MU),3,43,46,0,0,92,03-05-2013
Total,793,876,722,320,25,2736,03-05-2013
Hydro,164,34,54,52,8,312,03-05-2013
Hydro,169,40,57,47,6,319,04-05-2013
Wind Gen(MU),9,45,33,0,0,87,04-05-2013
Total,797,880,714,312,25,2728,04-05-2013
Wind Gen(MU),6,40,13,0,0,60,05-05-2013
Total,795,862,688,296,24,2666,05-05-2013
Hydro,170,41,51,45,9,317,05-05-2013
Total,823,888,696,307,26,2739,06-05-2013
Hydro,177,57,64,37,10,344,06-05-2013
Wind Gen(MU),4,24,11,0,0,39,06-05-2013
Total,811,891,701,312,27,2743,07-05-2013
Hydro,173,69,61,37,9,348,07-05-2013
Wind Gen(MU),4,26,23,0,0,53,07-05-2013
Wind Gen(MU),12,32,46,0,0,90,08-05-2013
Hydro,182,64,64,43,9,362,08-05-2013
Total,836,892,729,328,28,2813,08-05-2013
Total,852,894,714,327,27,2815,09-05-2013
Hydro,198,49,56,43,11,356,09-05-2013
Wind Gen(MU),11,33,54,0,0,98,09-05-2013
Wind Gen(MU),16,32,66,0,0,113,10-05-2013
Total,857,878,722,327,27,2812,10-05-2013
Hydro,214,43,45,49,10,360,10-05-2013
Total,819,869,721,327,29,2764,11-05-2013
Hydro,211,32,43,49,11,346,11-05-2013
Wind Gen(MU),8,39,67,0,0,114,11-05-2013
Hydro,217,26,27,44,13,327,12-05-2013
Wind Gen(MU),14,44,81,0,0,138,12-05-2013
Total,789,844,691,289,26,2640,12-05-2013
Total,809,868,712,288,27,2704,13-05-2013
Hydro,202,50,40,54,14,360,13-05-2013
Wind Gen(MU),8,30,69,0,0,106,13-05-2013
Total,835,880,732,303,28,2777,14-05-2013
Hydro,202,47,39,52,16,356,14-05-2013
Wind Gen(MU),7,33,89,0,0,129,14-05-2013
Total,840,873,731,308,32,2784,15-05-2013
Hydro,203,50,37,50,14,355,15-05-2013
Wind Gen(MU),8,34,95,0,0,137,15-05-2013
Wind Gen(MU),10,42,68,0,0,120,16-05-2013
Hydro,204,49,43,47,13,356,16-05-2013
Total,855,875,728,310,29,2797,16-05-2013
Total,879,869,708,300,30,2786,17-05-2013
Hydro,217,43,53,47,14,374,17-05-2013
Wind Gen(MU),25,43,48,0,0,116,17-05-2013
Total,873,864,698,301,30,2766,18-05-2013
Hydro,239,49,54,54,14,410,18-05-2013
Wind Gen(MU),20,37,44,0,0,101,18-05-2013
Total,871,842,689,287,29,2718,19-05-2013
Hydro,253,31,31,43,14,372,19-05-2013
Wind Gen(MU),26,33,39,0,0,98,19-05-2013
Total,891,859,689,309,31,2779,20-05-2013
Wind Gen(MU),20,29,44,0,0,93,20-05-2013
Hydro,267,50,35,49,14,415,20-05-2013
Total,901,874,698,316,33,2821,21-05-2013
Wind Gen(MU),18,40,52,0,0,110,21-05-2013
Hydro,275,47,31,53,12,418,21-05-2013
Total,907,876,727,318,31,2858,22-05-2013
Hydro,279,44,33,57,12,425,22-05-2013
Wind Gen(MU),12,49,86,0,0,147,22-05-2013
Total,912,875,720,319,31,2857,23-05-2013
Hydro,275,44,34,54,13,420,23-05-2013
Wind Gen(MU),15,59,92,0,0,166,23-05-2013
Wind Gen(MU),24,69,105,0,0,197,24-05-2013
Total,925,872,732,319,33,2880,24-05-2013
Hydro,278,44,40,58,18,437,24-05-2013
Wind Gen(MU),33,72,103,0,0,208,25-05-2013
Hydro,281,41,36,53,22,432,25-05-2013
Total,929,870,719,312,33,2862,25-05-2013
Hydro,262,30,26,59,15,392,26-05-2013
Total,904,849,689,309,34,2785,26-05-2013
Wind Gen(MU),27,66,90,0,0,183,26-05-2013
Wind Gen(MU),20,54,90,0,0,164,27-05-2013
Hydro,275,31,30,44,13,395,27-05-2013
Total,916,866,695,302,32,2811,27-05-2013
Hydro,274,41,34,55,13,416,28-05-2013
Wind Gen(MU),13,54,85,0,0,152,28-05-2013
Total,927,864,700,308,31,2831,28-05-2013
Wind Gen(MU),13,57,76,0,0,146,29-05-2013
Hydro,267,45,31,63,17,422,29-05-2013
Total,924,862,684,295,33,2798,29-05-2013
Wind Gen(MU),14,50,64,0,0,128,31-05-2013
Hydro,265,48,32,63,22,430,31-05-2013
Total,909,865,653,254,33,2714,31-05-2013
Hydro,280,41,32,66,19,437,01-06-2013
Wind Gen(MU),17,36,65,0,0,118,01-06-2013
Total,887,842,628,281,33,2671,01-06-2013
Total,860,801,609,295,34,2599,02-06-2013
Hydro,288,25,25,70,17,424,02-06-2013
Wind Gen(MU),17,20,75,0,0,113,02-06-2013
Wind Gen(MU),8,17,76,0,0,101,04-06-2013
Hydro,292,35,39,73,14,452,04-06-2013
Total,908,806,651,318,33,2716,04-06-2013
Total,921,798,669,315,34,2737,05-06-2013
Hydro,292,33,46,71,14,456,05-06-2013
Wind Gen(MU),20,27,74,0,0,121,05-06-2013
Hydro,278,27,35,71,12,423,06-06-2013
Wind Gen(MU),29,34,82,0,0,145,06-06-2013
Total,884,805,657,319,32,2696,06-06-2013
Total,867,768,656,316,32,2640,07-06-2013
Hydro,286,28,28,66,13,421,07-06-2013
Wind Gen(MU),22,23,83,0,0,128,07-06-2013
Total,910,772,641,309,32,2664,08-06-2013
Hydro,296,34,27,58,13,427,08-06-2013
Wind Gen(MU),18,18,91,0,0,127,08-06-2013
Hydro,288,25,25,64,13,414,09-06-2013
Total,894,741,618,311,33,2598,09-06-2013
Wind Gen(MU),17,33,89,0,0,139,09-06-2013
Total,909,749,648,305,35,2646,10-06-2013
Hydro,242,28,37,63,15,385,10-06-2013
Wind Gen(MU),10,33,89,0,0,132,10-06-2013
Hydro,268,24,29,59,15,395,11-06-2013
Total,866,749,658,316,35,2624,11-06-2013
Wind Gen(MU),6,33,97,0,0,136,11-06-2013
Total,891,690,649,311,33,2573,12-06-2013
Hydro,299,27,34,55,14,428,12-06-2013
Wind Gen(MU),3,36,103,0,0,142,12-06-2013
Total,831,692,641,301,34,2499,13-06-2013
Hydro,286,23,33,52,13,406,13-06-2013
Wind Gen(MU),1,31,109,0,0,141,13-06-2013
Wind Gen(MU),2,36,115,0,0,153,14-06-2013
Total,854,727,645,299,35,2559,14-06-2013
Hydro,296,26,36,52,13,423,14-06-2013
Total,762,704,645,300,35,2446,15-06-2013
Hydro,267,39,36,50,12,404,15-06-2013
Wind Gen(MU),3,31,112,0,0,147,15-06-2013
Total,684,673,634,299,33,2323,16-06-2013
Hydro,244,38,40,60,13,395,16-06-2013
Wind Gen(MU),6,39,102,0,0,147,16-06-2013
Wind Gen(MU),7,43,104,0,0,153,17-06-2013
Hydro,169,52,56,59,14,350,17-06-2013
Total,672,677,675,324,35,2384,17-06-2013
Total,753,695,694,331,34,2507,18-06-2013
Hydro,184,63,60,57,15,378,18-06-2013
Wind Gen(MU),10,43,110,0,0,163,18-06-2013
Hydro,206,71,67,59,16,419,19-06-2013
Wind Gen(MU),8,23,96,0,0,126,19-06-2013
Total,808,717,699,320,35,2579,19-06-2013
Total,889,726,710,295,36,2655,20-06-2013
Wind Gen(MU),18,25,98,0,0,141,20-06-2013
Hydro,257,66,64,59,17,464,20-06-2013
Hydro,271,61,68,63,15,478,21-06-2013
Wind Gen(MU),30,48,102,0,0,180,21-06-2013
Total,922,733,717,312,36,2720,21-06-2013
Total,934,744,703,308,34,2723,22-06-2013
Hydro,278,57,60,66,16,476,22-06-2013
Wind Gen(MU),31,54,106,0,0,190,22-06-2013
Wind Gen(MU),27,39,95,0,0,161,23-06-2013
Hydro,280,57,43,63,17,461,23-06-2013
Total,938,718,667,316,33,2672,23-06-2013
Wind Gen(MU),25,41,100,0,0,166,24-06-2013
Total,957,738,678,311,34,2718,24-06-2013
Hydro,260,60,50,68,16,455,24-06-2013
Total,940,726,665,326,31,2688,25-06-2013
Wind Gen(MU),18,44,90,0,0,151,25-06-2013
Hydro,275,52,62,75,17,480,25-06-2013
Total,987,716,685,312,33,2733,26-06-2013
Hydro,280,60,63,69,18,490,26-06-2013
Wind Gen(MU),26,53,90,0,0,168,26-06-2013
Hydro,248,57,65,71,24,464,27-06-2013
Total,923,713,695,315,34,2680,27-06-2013
Wind Gen(MU),33,64,96,0,0,193,27-06-2013
Wind Gen(MU),33,60,82,0,0,174,29-06-2013
Hydro,277,55,71,75,26,504,29-06-2013
Total,884,724,693,300,35,2636,29-06-2013
Hydro,263,47,62,72,24,468,30-06-2013
Wind Gen(MU),25,55,77,0,0,157,30-06-2013
Total,802,715,674,281,34,2505,30-06-2013
Hydro,280,36,76,77,24,492,01-07-2013
Total,918,751,698,299,34,2700,01-07-2013
Wind Gen(MU),19,54,84,0,0,157,01-07-2013
Wind Gen(MU),10,58,96,0,0,164,02-07-2013
Total,939,760,694,313,35,2741,02-07-2013
Hydro,287,39,70,81,21,497,02-07-2013
Hydro,284,42,72,83,20,501,03-07-2013
Wind Gen(MU),10,73,91,0,0,174,03-07-2013
Total,937,749,695,319,36,2736,03-07-2013
Total,957,713,685,308,35,2698,04-07-2013
Hydro,291,49,67,83,19,508,04-07-2013
Wind Gen(MU),7,43,93,0,0,143,04-07-2013
Wind Gen(MU),11,45,78,0,0,134,05-07-2013
Total,941,718,694,329,35,2717,05-07-2013
Hydro,294,53,82,80,19,527,05-07-2013
Total,945,731,692,316,36,2719,06-07-2013
Wind Gen(MU),10,26,78,0,0,114,06-07-2013
Hydro,255,51,75,75,23,478,06-07-2013
Hydro,284,45,68,72,24,492,07-07-2013
Wind Gen(MU),14,28,56,0,0,98,07-07-2013
Total,928,718,648,301,34,2628,07-07-2013
Wind Gen(MU),22,42,68,0,0,132,08-07-2013
Hydro,276,48,67,76,21,489,08-07-2013
Total,894,748,668,312,32,2654,08-07-2013
Hydro,294,41,67,61,23,484,09-07-2013
Wind Gen(MU),28,54,67,0,0,149,09-07-2013
Total,879,746,687,319,33,2664,09-07-2013
Wind Gen(MU),20,60,61,0,0,140,10-07-2013
Hydro,289,38,61,66,24,478,10-07-2013
Total,867,732,674,326,35,2633,10-07-2013
Total,918,731,657,323,35,2664,11-07-2013
Wind Gen(MU),9,50,62,0,0,120,11-07-2013
Hydro,286,36,55,76,19,472,11-07-2013
Hydro,289,46,60,76,17,488,12-07-2013
Wind Gen(MU),4,37,73,0,0,113,12-07-2013
Total,934,708,655,322,34,2653,12-07-2013
Wind Gen(MU),7,47,86,0,0,140,13-07-2013
Total,944,697,658,319,36,2655,13-07-2013
Hydro,295,41,65,79,19,498,13-07-2013
Total,924,676,645,314,34,2593,14-07-2013
Hydro,296,34,56,77,20,483,14-07-2013
Wind Gen(MU),16,45,67,0,0,127,14-07-2013
Hydro,297,41,65,76,18,497,15-07-2013
Wind Gen(MU),25,53,79,0,0,156,15-07-2013
Total,948,704,673,326,35,2685,15-07-2013
Hydro,296,46,57,77,20,496,16-07-2013
Total,951,717,671,328,36,2703,16-07-2013
Wind Gen(MU),13,49,82,0,0,144,16-07-2013
Total,966,724,664,334,37,2724,17-07-2013
Wind Gen(MU),13,53,84,0,0,150,17-07-2013
Hydro,294,60,60,78,20,512,17-07-2013
Wind Gen(MU),24,63,86,0,0,173,18-07-2013
Total,967,721,662,338,35,2722,18-07-2013
Hydro,287,64,61,80,21,513,18-07-2013
Total,964,715,646,328,36,2688,19-07-2013
Hydro,286,72,73,81,22,533,19-07-2013
Wind Gen(MU),29,61,81,0,0,171,19-07-2013
Wind Gen(MU),15,40,69,0,0,124,20-07-2013
Hydro,271,68,85,71,20,515,20-07-2013
Total,891,709,636,323,35,2592,20-07-2013
Total,872,691,619,320,36,2537,21-07-2013
Hydro,290,70,91,71,21,544,21-07-2013
Wind Gen(MU),6,43,60,0,0,110,21-07-2013
Wind Gen(MU),12,47,73,0,0,131,22-07-2013
Hydro,293,79,99,67,21,558,22-07-2013
Total,933,712,646,322,35,2648,22-07-2013
Hydro,298,70,97,68,20,553,23-07-2013
Total,918,704,636,324,36,2617,23-07-2013
Wind Gen(MU),5,48,77,0,0,130,23-07-2013
Hydro,292,81,107,70,20,570,24-07-2013
Total,928,701,651,327,36,2643,24-07-2013
Wind Gen(MU),3,38,77,0,0,119,24-07-2013
Hydro,276,79,112,68,20,555,25-07-2013
Total,913,700,662,322,36,2633,25-07-2013
Wind Gen(MU),10,51,83,0,0,144,25-07-2013
Hydro,292,77,124,70,19,581,26-07-2013
Wind Gen(MU),7,62,79,0,0,147,26-07-2013
Total,918,692,678,314,35,2637,26-07-2013
Wind Gen(MU),11,64,71,0,0,145,28-07-2013
Hydro,301,104,112,67,18,601,28-07-2013
Total,908,668,661,308,36,2579,28-07-2013
Total,940,686,692,301,36,2655,29-07-2013
Hydro,299,107,124,68,16,613,29-07-2013
Wind Gen(MU),15,69,78,0,0,162,29-07-2013
Hydro,308,115,128,74,16,641,30-07-2013
Wind Gen(MU),8,56,98,0,0,162,30-07-2013
Total,926,694,698,306,35,2660,30-07-2013
Wind Gen(MU),11,54,99,0,0,165,31-07-2013
Total,932,685,678,312,33,2640,31-07-2013
Hydro,302,106,138,83,17,646,31-07-2013
Wind Gen(MU),4,43,96,0,0,142,01-08-2013
Total,903,677,675,311,36,2603,01-08-2013
Hydro,291,116,150,70,17,644,01-08-2013
Wind Gen(MU),5,41,93,0,0,138,02-08-2013
Total,932,671,691,318,36,2648,02-08-2013
Hydro,296,98,170,71,16,651,02-08-2013
Total,950,680,700,322,36,2687,03-08-2013
Wind Gen(MU),6,37,80,0,0,122,03-08-2013
Hydro,290,107,185,78,15,675,03-08-2013
Wind Gen(MU),5,36,57,0,0,98,04-08-2013
Total,938,675,672,314,36,2635,04-08-2013
Hydro,302,111,174,80,16,683,04-08-2013
Total,948,713,678,313,32,2684,05-08-2013
Wind Gen(MU),12,31,56,0,0,99,05-08-2013
Hydro,286,109,185,72,16,668,05-08-2013
Wind Gen(MU),11,28,66,0,0,106,06-08-2013
Total,880,721,686,321,33,2641,06-08-2013
Hydro,291,104,191,72,21,679,06-08-2013
Wind Gen(MU),12,26,74,0,0,112,07-08-2013
Hydro,296,109,194,74,21,694,07-08-2013
Total,883,727,696,314,32,2652,07-08-2013
Wind Gen(MU),17,36,73,0,0,125,08-08-2013
Hydro,266,106,202,77,22,673,08-08-2013
Total,884,737,716,310,34,2681,08-08-2013
Total,869,714,706,313,35,2636,09-08-2013
Hydro,279,107,199,76,23,684,09-08-2013
Wind Gen(MU),19,44,69,0,0,131,09-08-2013
Total,862,706,692,311,35,2606,10-08-2013
Hydro,299,104,197,71,23,694,10-08-2013
Wind Gen(MU),10,51,58,0,0,119,10-08-2013
Total,858,698,668,309,36,2568,11-08-2013
Wind Gen(MU),3,33,47,0,0,83,11-08-2013
Hydro,301,98,178,68,24,669,11-08-2013
Hydro,296,103,168,68,21,656,12-08-2013
Wind Gen(MU),7,30,57,0,0,94,12-08-2013
Total,897,727,670,312,34,2641,12-08-2013
Total,882,725,684,332,36,2658,14-08-2013
Hydro,291,106,166,73,20,656,14-08-2013
Wind Gen(MU),6,37,64,0,0,107,14-08-2013
Total,749,672,646,315,35,2417,15-08-2013
Hydro,289,104,132,74,19,617,15-08-2013
Wind Gen(MU),3,34,48,0,0,84,15-08-2013
Hydro,313,108,142,76,18,657,16-08-2013
Total,768,706,652,318,35,2478,16-08-2013
Wind Gen(MU),4,23,52,0,0,79,16-08-2013
Total,758,728,647,314,36,2483,17-08-2013
Wind Gen(MU),9,31,64,0,0,104,17-08-2013
Hydro,298,88,164,74,19,642,17-08-2013
Wind Gen(MU),11,43,61,0,0,115,18-08-2013
Hydro,308,112,157,73,19,669,18-08-2013
Total,763,703,635,306,35,2441,18-08-2013
Wind Gen(MU),17,59,82,0,0,158,19-08-2013
Hydro,313,110,159,73,18,672,19-08-2013
Total,791,725,673,309,37,2533,19-08-2013
Wind Gen(MU),13,72,79,0,0,164,20-08-2013
Hydro,314,98,168,67,17,664,20-08-2013
Total,784,686,692,288,37,2487,20-08-2013
Total,803,707,706,270,35,2521,21-08-2013
Hydro,312,95,161,69,15,651,21-08-2013
Wind Gen(MU),15,66,78,0,0,159,21-08-2013
Total,824,725,716,295,35,2594,22-08-2013
Wind Gen(MU),12,53,82,0,0,147,22-08-2013
Hydro,319,91,167,81,15,672,22-08-2013
Hydro,316,92,177,87,15,688,23-08-2013
Total,853,736,730,315,36,2669,23-08-2013
Wind Gen(MU),7,57,85,0,0,148,23-08-2013
Hydro,314,87,177,83,16,676,24-08-2013
Total,879,736,736,311,37,2698,24-08-2013
Wind Gen(MU),4,47,86,0,0,137,24-08-2013
Total,885,721,720,301,35,2662,25-08-2013
Hydro,297,85,158,84,16,640,25-08-2013
Wind Gen(MU),6,46,81,0,0,133,25-08-2013
Total,925,754,742,309,33,2763,26-08-2013
Hydro,314,97,161,84,15,671,26-08-2013
Wind Gen(MU),20,43,71,0,0,133,26-08-2013
Wind Gen(MU),24,35,48,0,0,107,27-08-2013
Hydro,314,123,177,80,19,712,27-08-2013
Total,944,764,738,314,33,2793,27-08-2013
Hydro,316,114,161,88,18,697,30-08-2013
Total,908,784,729,329,36,2786,30-08-2013
Wind Gen(MU),14,22,14,0,0,51,30-08-2013
Total,913,803,718,317,36,2788,31-08-2013
Wind Gen(MU),17,17,8,0,0,42,31-08-2013
Hydro,312,119,150,71,18,668,31-08-2013
Hydro,301,115,115,78,17,626,01-09-2013
Total,898,794,690,298,36,2715,01-09-2013
Wind Gen(MU),15,12,10,0,0,37,01-09-2013
Wind Gen(MU),19,17,21,0,0,57,02-09-2013
Hydro,306,126,127,87,18,663,02-09-2013
Total,937,832,701,304,34,2807,02-09-2013
Hydro,295,130,112,77,18,632,03-09-2013
Total,940,852,705,307,35,2839,03-09-2013
Wind Gen(MU),21,26,41,0,0,88,03-09-2013
Wind Gen(MU),19,30,42,0,0,92,04-09-2013
Hydro,285,125,114,84,20,628,04-09-2013
Total,943,861,705,312,35,2855,04-09-2013
Wind Gen(MU),25,37,55,0,0,116,05-09-2013
Total,945,859,728,327,35,2893,05-09-2013
Hydro,282,114,108,87,22,613,05-09-2013
Wind Gen(MU),20,29,36,0,0,85,06-09-2013
Total,943,860,725,325,35,2888,06-09-2013
Hydro,276,109,118,85,23,610,06-09-2013
Total,933,867,696,320,35,2850,07-09-2013
Wind Gen(MU),10,18,33,0,0,61,07-09-2013
Hydro,263,125,101,91,23,604,07-09-2013
Wind Gen(MU),8,9,16,0,0,33,08-09-2013
Hydro,241,108,79,88,19,534,08-09-2013
Total,928,856,646,313,34,2777,08-09-2013
Wind Gen(MU),5,7,29,0,0,41,09-09-2013
Hydro,244,83,76,79,18,499,09-09-2013
Total,930,849,628,315,34,2756,09-09-2013
Hydro,243,109,82,82,17,534,10-09-2013
Wind Gen(MU),7,10,37,0,0,54,10-09-2013
Total,946,873,659,318,36,2832,10-09-2013
Hydro,249,93,96,78,17,532,11-09-2013
Wind Gen(MU),7,10,20,0,0,37,11-09-2013
Total,956,875,658,319,36,2844,11-09-2013
Wind Gen(MU),4,6,21,0,0,31,12-09-2013
Hydro,249,101,107,76,20,551,12-09-2013
Total,969,869,662,328,36,2864,12-09-2013
Hydro,246,90,105,71,16,528,13-09-2013
Total,962,870,663,313,36,2844,13-09-2013
Wind Gen(MU),4,9,20,0,0,32,13-09-2013
Hydro,221,61,111,64,15,473,15-09-2013
Wind Gen(MU),10,18,20,0,0,48,15-09-2013
Total,912,837,640,300,35,2724,15-09-2013
Hydro,220,62,145,71,16,514,16-09-2013
Total,849,839,660,319,37,2704,16-09-2013
Wind Gen(MU),9,17,34,0,0,60,16-09-2013
Total,905,838,659,303,37,2742,17-09-2013
Hydro,209,63,141,76,18,507,17-09-2013
Wind Gen(MU),3,12,38,0,0,53,17-09-2013
Total,939,810,663,308,37,2756,18-09-2013
Hydro,202,57,149,75,17,499,18-09-2013
Wind Gen(MU),5,14,43,0,0,61,18-09-2013
Wind Gen(MU),2,23,48,0,0,72,19-09-2013
Total,948,832,673,305,37,2795,19-09-2013
Hydro,201,46,156,69,17,489,19-09-2013
Wind Gen(MU),9,65,55,0,0,129,21-09-2013
Total,868,795,661,321,36,2681,21-09-2013
Hydro,183,46,165,60,15,469,21-09-2013
Hydro,187,70,160,63,17,498,22-09-2013
Wind Gen(MU),6,64,60,0,0,130,22-09-2013
Total,834,746,651,317,38,2586,22-09-2013
Hydro,217,90,165,72,15,558,24-09-2013
Wind Gen(MU),5,37,73,0,0,115,24-09-2013
Total,869,740,728,342,37,2716,24-09-2013
Total,852,721,739,331,33,2675,25-09-2013
Hydro,217,92,166,72,15,562,25-09-2013
Wind Gen(MU),9,32,60,0,0,101,25-09-2013
Total,862,722,753,333,34,2704,26-09-2013
Hydro,208,83,159,72,17,538,26-09-2013
Wind Gen(MU),9,35,52,0,0,95,26-09-2013
Hydro,199,88,146,64,19,516,27-09-2013
Total,872,734,757,320,35,2719,27-09-2013
Wind Gen(MU),11,37,51,0,0,99,27-09-2013
Wind Gen(MU),13,36,63,0,0,112,28-09-2013
Hydro,265,87,135,54,17,558,28-09-2013
Total,858,741,757,317,33,2706,28-09-2013
Hydro,201,78,121,48,17,466,29-09-2013
Wind Gen(MU),10,26,57,0,0,94,29-09-2013
Total,810,733,721,290,33,2587,29-09-2013
Wind Gen(MU),7,29,59,0,0,94,30-09-2013
Hydro,195,91,126,46,19,477,30-09-2013
Total,817,764,750,296,34,2661,30-09-2013
Total,815,766,758,301,34,2674,01-10-2013
Hydro,193,88,126,54,16,475,01-10-2013
Wind Gen(MU),4,23,48,0,0,75,01-10-2013
Total,793,748,712,303,35,2590,02-10-2013
Hydro,191,74,111,59,14,449,02-10-2013
Wind Gen(MU),4,13,37,0,0,54,02-10-2013
Wind Gen(MU),3,13,57,0,0,72,03-10-2013
Hydro,190,75,122,60,13,460,03-10-2013
Total,810,755,715,312,35,2627,03-10-2013
Wind Gen(MU),2,20,71,0,0,94,04-10-2013
Total,777,747,720,314,35,2594,04-10-2013
Hydro,184,76,132,68,14,474,04-10-2013
Hydro,185,90,143,74,16,507,05-10-2013
Wind Gen(MU),2,15,65,0,0,82,05-10-2013
Total,774,763,713,312,33,2594,05-10-2013
Hydro,181,95,124,75,20,496,06-10-2013
Total,777,761,678,305,30,2552,06-10-2013
Wind Gen(MU),3,16,44,0,0,63,06-10-2013
Wind Gen(MU),2,8,45,0,0,55,07-10-2013
Hydro,180,101,130,74,22,507,07-10-2013
Total,807,789,698,300,32,2626,07-10-2013
Hydro,179,102,133,66,19,500,08-10-2013
Total,833,783,690,300,33,2640,08-10-2013
Wind Gen(MU),3,12,39,0,0,53,08-10-2013
Wind Gen(MU),4,10,38,0,0,51,09-10-2013
Hydro,177,102,117,63,19,478,09-10-2013
Total,839,773,669,309,34,2624,09-10-2013
Total,849,768,695,316,36,2663,10-10-2013
Wind Gen(MU),3,11,32,0,0,46,10-10-2013
Hydro,176,103,130,66,19,494,10-10-2013
Wind Gen(MU),2,13,51,0,0,66,11-10-2013
Hydro,175,92,130,67,17,481,11-10-2013
Total,755,763,711,313,36,2578,11-10-2013
Total,736,753,710,274,35,2508,12-10-2013
Hydro,179,88,106,52,16,441,12-10-2013
Wind Gen(MU),6,10,57,0,0,74,12-10-2013
Wind Gen(MU),2,8,41,0,0,51,13-10-2013
Total,691,691,664,173,33,2251,13-10-2013
Hydro,165,68,103,48,13,396,13-10-2013
Wind Gen(MU),5,9,46,0,0,59,14-10-2013
Hydro,164,93,118,44,15,434,14-10-2013
Total,705,734,695,179,32,2346,14-10-2013
Wind Gen(MU),6,6,16,0,0,29,16-10-2013
Total,757,788,704,271,35,2554,16-10-2013
Hydro,145,109,119,78,13,464,16-10-2013
Wind Gen(MU),7,6,6,0,0,19,17-10-2013
Hydro,144,94,115,73,14,440,17-10-2013
Total,751,798,703,288,36,2576,17-10-2013
Hydro,142,78,120,65,16,421,18-10-2013
Total,770,796,714,299,37,2615,18-10-2013
Wind Gen(MU),5,9,8,0,0,22,18-10-2013
Total,748,810,705,302,36,2601,19-10-2013
Hydro,133,82,116,71,14,416,19-10-2013
Wind Gen(MU),2,6,11,0,0,18,19-10-2013
Total,719,810,669,295,34,2528,20-10-2013
Wind Gen(MU),2,6,7,0,0,15,20-10-2013
Hydro,133,69,89,65,15,371,20-10-2013
Wind Gen(MU),2,7,12,0,0,22,21-10-2013
Hydro,132,64,99,61,14,370,21-10-2013
Total,731,833,679,297,32,2572,21-10-2013
Total,738,829,668,296,33,2564,22-10-2013
Wind Gen(MU),4,12,16,0,0,32,22-10-2013
Hydro,128,52,79,58,12,329,22-10-2013
Total,729,827,653,287,34,2530,23-10-2013
Hydro,126,58,70,55,13,322,23-10-2013
Wind Gen(MU),5,19,18,0,0,42,23-10-2013
Wind Gen(MU),7,19,20,0,0,45,24-10-2013
Hydro,186,55,71,56,14,382,24-10-2013
Total,719,828,639,285,35,2505,24-10-2013
Total,727,837,636,297,34,2531,25-10-2013
Hydro,125,57,89,81,12,363,25-10-2013
Wind Gen(MU),6,16,29,0,0,51,25-10-2013
Wind Gen(MU),4,11,33,0,0,49,26-10-2013
Total,731,842,623,278,32,2507,26-10-2013
Hydro,123,55,97,59,13,348,26-10-2013
Total,705,827,608,276,33,2448,27-10-2013
Hydro,121,72,90,67,13,363,27-10-2013
Wind Gen(MU),2,5,34,0,0,41,27-10-2013
Hydro,123,84,128,74,12,421,28-10-2013
Wind Gen(MU),3,5,29,0,0,37,28-10-2013
Total,711,859,651,281,31,2533,28-10-2013
Hydro,120,68,124,67,14,393,29-10-2013
Total,719,869,659,288,31,2566,29-10-2013
Wind Gen(MU),15,5,8,0,0,28,29-10-2013
Total,718,868,673,293,32,2584,30-10-2013
Hydro,118,64,108,64,12,367,30-10-2013
Wind Gen(MU),8,5,8,0,0,21,30-10-2013
Hydro,117,68,108,59,12,364,31-10-2013
Total,710,883,695,286,32,2606,31-10-2013
Wind Gen(MU),6,5,6,0,0,18,31-10-2013
Total,734,869,674,284,33,2594,01-11-2013
Wind Gen(MU),5,5,10,0,0,20,01-11-2013
Hydro,120,62,95,56,12,346,01-11-2013
Wind Gen(MU),4,6,11,0,0,21,02-11-2013
Hydro,116,41,74,63,13,306,02-11-2013
Total,744,852,634,287,34,2551,02-11-2013
Hydro,113,27,69,52,15,277,03-11-2013
Total,698,781,595,282,32,2388,03-11-2013
Wind Gen(MU),4,9,18,0,0,30,03-11-2013
Total,673,744,624,287,32,2359,04-11-2013
Hydro,118,32,68,51,14,283,04-11-2013
Wind Gen(MU),3,8,18,0,0,29,04-11-2013
Wind Gen(MU),3,10,23,0,0,36,05-11-2013
Total,679,768,656,286,32,2420,05-11-2013
Hydro,119,52,83,46,11,310,05-11-2013
Wind Gen(MU),8,6,21,0,0,35,06-11-2013
Total,699,803,676,285,33,2496,06-11-2013
Hydro,119,55,103,43,13,333,06-11-2013
Total,679,829,687,290,33,2518,07-11-2013
Hydro,114,52,103,40,12,321,07-11-2013
Wind Gen(MU),10,7,22,0,0,38,07-11-2013
Total,679,834,698,283,34,2528,08-11-2013
Hydro,116,51,104,40,13,324,08-11-2013
Wind Gen(MU),12,16,15,0,0,43,08-11-2013
Hydro,116,56,107,39,11,329,09-11-2013
Total,682,838,696,283,32,2530,09-11-2013
Wind Gen(MU),10,32,21,0,0,62,09-11-2013
Total,671,827,681,279,32,2490,10-11-2013
Wind Gen(MU),8,32,18,0,0,58,10-11-2013
Hydro,116,63,100,36,12,327,10-11-2013
Total,688,859,692,276,31,2546,11-11-2013
Wind Gen(MU),3,19,16,0,0,39,11-11-2013
Hydro,117,61,111,37,11,337,11-11-2013
Wind Gen(MU),3,6,9,0,0,19,12-11-2013
Hydro,116,56,107,44,11,335,12-11-2013
Total,710,872,704,275,31,2592,12-11-2013
Hydro,113,70,106,45,11,345,13-11-2013
Total,715,874,694,280,32,2595,13-11-2013
Wind Gen(MU),4,6,8,0,0,18,13-11-2013
Hydro,114,81,107,38,10,351,14-11-2013
Wind Gen(MU),7,10,8,0,0,26,14-11-2013
Total,705,877,687,277,32,2578,14-11-2013
Wind Gen(MU),8,26,14,0,0,48,15-11-2013
Total,704,870,689,274,31,2568,15-11-2013
Hydro,110,61,92,40,10,312,15-11-2013
Total,715,860,666,281,33,2554,16-11-2013
Wind Gen(MU),6,28,15,0,0,49,16-11-2013
Hydro,109,63,84,35,11,303,16-11-2013
Total,693,841,621,276,32,2462,17-11-2013
Hydro,108,54,63,27,9,262,17-11-2013
Wind Gen(MU),6,33,19,0,0,58,17-11-2013
Hydro,108,73,79,29,9,297,18-11-2013
Total,719,863,647,284,30,2544,18-11-2013
Wind Gen(MU),4,30,15,0,0,49,18-11-2013
Wind Gen(MU),1,13,9,0,0,23,19-11-2013
Total,725,885,663,290,32,2594,19-11-2013
Hydro,108,81,92,30,9,320,19-11-2013
Wind Gen(MU),1,6,8,0,0,15,20-11-2013
Hydro,109,72,96,37,9,324,20-11-2013
Total,720,891,679,292,32,2613,20-11-2013
Total,729,894,672,287,31,2614,21-11-2013
Hydro,108,80,96,36,9,329,21-11-2013
Wind Gen(MU),6,4,5,0,0,15,21-11-2013
Wind Gen(MU),2,10,4,0,0,15,22-11-2013
Total,733,891,672,280,32,2609,22-11-2013
Hydro,109,83,93,29,10,324,22-11-2013
Wind Gen(MU),5,13,5,0,0,22,23-11-2013
Total,725,902,665,289,32,2612,23-11-2013
Hydro,105,82,89,31,10,317,23-11-2013
Wind Gen(MU),3,7,6,0,0,16,24-11-2013
Total,706,891,629,277,31,2534,24-11-2013
Hydro,106,55,68,23,9,261,24-11-2013
Total,711,903,660,270,32,2575,25-11-2013
Hydro,106,68,84,27,10,294,25-11-2013
Wind Gen(MU),3,8,5,0,0,16,25-11-2013
Wind Gen(MU),1,7,6,0,0,14,26-11-2013
Hydro,106,77,89,33,10,315,26-11-2013
Total,720,910,667,282,32,2611,26-11-2013
Total,731,913,678,285,32,2638,27-11-2013
Wind Gen(MU),1,8,8,0,0,17,27-11-2013
Hydro,107,64,86,33,10,301,27-11-2013
Total,730,903,680,281,33,2627,28-11-2013
Hydro,104,59,92,34,10,299,28-11-2013
Wind Gen(MU),3,19,9,0,0,31,28-11-2013
Wind Gen(MU),5,31,9,0,0,45,29-11-2013
Hydro,104,57,107,40,9,317,29-11-2013
Total,740,895,650,280,33,2597,29-11-2013
Total,737,899,677,276,33,2622,30-11-2013
Wind Gen(MU),3,19,12,0,0,33,30-11-2013
Hydro,106,68,103,32,10,319,30-11-2013
Wind Gen(MU),2,9,15,0,0,26,01-12-2013
Hydro,104,66,83,29,10,291,01-12-2013
Total,718,887,664,269,31,2569,01-12-2013
Wind Gen(MU),2,6,14,0,0,23,02-12-2013
Total,718,913,665,271,32,2598,02-12-2013
Hydro,104,72,87,31,11,305,02-12-2013
Wind Gen(MU),4,10,25,0,0,38,03-12-2013
Hydro,103,56,91,35,10,295,03-12-2013
Total,726,898,684,276,32,2616,03-12-2013
Wind Gen(MU),7,24,31,0,0,61,04-12-2013
Total,732,902,688,289,32,2644,04-12-2013
Hydro,104,61,81,32,10,288,04-12-2013
Total,718,905,689,279,31,2624,05-12-2013
Hydro,106,61,91,22,8,287,05-12-2013
Wind Gen(MU),3,20,24,0,0,47,05-12-2013
Total,753,896,701,281,32,2663,06-12-2013
Wind Gen(MU),1,11,12,0,0,24,06-12-2013
Hydro,106,64,108,22,8,308,06-12-2013
Total,758,888,693,278,31,2649,07-12-2013
Hydro,106,58,86,23,8,281,07-12-2013
Wind Gen(MU),2,9,12,0,0,23,07-12-2013
Total,741,867,684,270,33,2595,08-12-2013
Hydro,105,58,77,18,8,266,08-12-2013
Wind Gen(MU),2,10,9,0,0,20,08-12-2013
Hydro,106,54,87,17,7,271,09-12-2013
Wind Gen(MU),2,6,7,0,0,15,09-12-2013
Total,750,887,691,278,31,2637,09-12-2013
Total,765,894,714,278,31,2682,10-12-2013
Hydro,107,57,87,18,8,276,10-12-2013
Wind Gen(MU),3,6,7,0,0,16,10-12-2013
Total,763,890,720,283,32,2687,11-12-2013
Hydro,109,62,94,17,8,291,11-12-2013
Wind Gen(MU),1,7,10,0,0,19,11-12-2013
Hydro,108,60,81,16,8,273,12-12-2013
Total,768,893,708,281,32,2681,12-12-2013
Wind Gen(MU),3,16,22,0,0,40,12-12-2013
Wind Gen(MU),2,16,27,0,0,45,13-12-2013
Total,776,888,705,277,31,2677,13-12-2013
Hydro,107,57,81,17,8,269,13-12-2013
Total,775,886,698,275,32,2666,14-12-2013
Hydro,109,62,93,21,8,293,14-12-2013
Wind Gen(MU),8,7,16,0,0,30,14-12-2013
Total,747,869,676,271,32,2594,15-12-2013
Hydro,103,51,78,22,8,262,15-12-2013
Wind Gen(MU),8,3,8,0,0,19,15-12-2013
Hydro,106,51,96,14,8,275,16-12-2013
Total,767,885,692,274,31,2649,16-12-2013
Wind Gen(MU),2,7,18,0,0,26,16-12-2013
Hydro,105,66,88,16,8,284,17-12-2013
Wind Gen(MU),0,4,26,0,0,30,17-12-2013
Total,771,897,709,279,32,2687,17-12-2013
Total,760,896,711,283,31,2681,18-12-2013
Hydro,104,69,97,15,7,293,18-12-2013
Wind Gen(MU),5,6,18,0,0,29,18-12-2013
Hydro,106,70,98,18,8,300,19-12-2013
Wind Gen(MU),2,5,9,0,0,16,19-12-2013
Total,753,891,703,285,31,2663,19-12-2013
Hydro,106,59,95,19,8,287,20-12-2013
Total,758,892,721,272,31,2674,20-12-2013
Wind Gen(MU),3,8,10,0,0,21,20-12-2013
Hydro,106,55,90,18,8,276,21-12-2013
Wind Gen(MU),4,9,16,0,0,30,21-12-2013
Total,746,837,729,288,31,2631,21-12-2013
Total,709,867,709,278,32,2594,22-12-2013
Hydro,102,47,67,22,7,244,22-12-2013
Wind Gen(MU),5,14,24,0,0,44,22-12-2013
Wind Gen(MU),8,36,32,0,0,76,23-12-2013
Hydro,103,45,88,27,8,271,23-12-2013
Total,733,883,725,287,32,2660,23-12-2013
Wind Gen(MU),7,36,38,0,0,81,24-12-2013
Hydro,104,48,102,17,7,279,24-12-2013
Total,742,899,725,288,32,2687,24-12-2013
Wind Gen(MU),5,23,23,0,0,51,25-12-2013
Hydro,108,55,95,33,7,298,25-12-2013
Total,766,890,719,294,33,2702,25-12-2013
Wind Gen(MU),7,21,26,0,0,53,26-12-2013
Hydro,107,55,86,18,7,273,26-12-2013
Total,760,904,731,271,33,2698,26-12-2013
Total,776,901,733,279,32,2722,27-12-2013
Wind Gen(MU),4,21,17,0,0,43,27-12-2013
Hydro,106,48,95,17,7,273,27-12-2013
Total,778,888,735,289,33,2723,28-12-2013
Wind Gen(MU),3,18,14,0,0,35,28-12-2013
Hydro,110,48,93,18,7,276,28-12-2013
Wind Gen(MU),5,20,16,0,0,41,29-12-2013
Hydro,105,46,74,16,7,248,29-12-2013
Total,754,887,713,295,33,2682,29-12-2013
Wind Gen(MU),6,20,21,0,0,46,30-12-2013
Total,767,885,734,285,32,2702,30-12-2013
Hydro,101,38,73,19,7,238,30-12-2013
Total,724,862,745,288,32,2651,31-12-2013
Hydro,102,46,80,21,7,256,31-12-2013
Wind Gen(MU),10,34,29,0,0,73,31-12-2013
Hydro,97,63,89,22,7,277,08-01-2014
Wind Gen(MU),14,17,23,0,0,54,08-01-2014
Total,810,886,768,293,33,2791,08-01-2014
Wind Gen(MU),10,21,18,0,0,49,09-01-2014
Hydro,99,67,94,21,6,287,09-01-2014
Total,791,891,764,296,33,2775,09-01-2014
Total,805,884,766,300,33,2789,10-01-2014
Wind Gen(MU),10,22,17,0,0,49,10-01-2014
Hydro,100,57,106,23,6,292,10-01-2014
Wind Gen(MU),10,35,13,0,0,58,11-01-2014
Total,800,867,760,291,34,2751,11-01-2014
Hydro,97,42,117,18,6,280,11-01-2014
Hydro,97,45,82,16,7,248,12-01-2014
Wind Gen(MU),5,32,13,0,0,50,12-01-2014
Total,785,860,742,286,34,2707,12-01-2014
Hydro,96,57,90,19,7,268,13-01-2014
Total,791,876,764,299,33,2763,13-01-2014
Wind Gen(MU),6,19,17,0,0,41,13-01-2014
Hydro,96,57,79,17,7,255,14-01-2014
Wind Gen(MU),7,15,16,0,0,38,14-01-2014
Total,799,835,730,299,33,2696,14-01-2014
Hydro,98,63,83,20,6,270,15-01-2014
Total,804,842,703,299,32,2679,15-01-2014
Wind Gen(MU),5,16,14,0,0,35,15-01-2014
Total,807,861,723,298,33,2723,16-01-2014
Hydro,97,64,86,20,7,273,16-01-2014
Wind Gen(MU),2,15,14,0,0,32,16-01-2014
Wind Gen(MU),5,21,16,0,0,42,17-01-2014
Total,800,859,754,295,33,2741,17-01-2014
Hydro,97,54,88,19,7,265,17-01-2014
Total,716,841,764,294,33,2648,18-01-2014
Hydro,96,53,82,16,7,253,18-01-2014
Wind Gen(MU),5,14,17,0,0,37,18-01-2014
Hydro,93,53,71,14,7,238,19-01-2014
Wind Gen(MU),14,28,20,0,0,62,19-01-2014
Total,753,840,742,286,32,2653,19-01-2014
Wind Gen(MU),8,21,37,0,0,66,20-01-2014
Hydro,92,64,77,16,7,256,20-01-2014
Total,768,865,759,290,32,2714,20-01-2014
Total,739,843,760,297,31,2669,21-01-2014
Hydro,90,51,78,13,7,239,21-01-2014
Wind Gen(MU),8,15,31,0,0,54,21-01-2014
Hydro,101,42,80,16,6,246,22-01-2014
Total,719,821,766,297,31,2634,22-01-2014
Wind Gen(MU),6,17,23,0,0,45,22-01-2014
Wind Gen(MU),10,17,17,0,0,44,23-01-2014
Hydro,86,51,81,17,6,240,23-01-2014
Total,691,827,769,295,32,2613,23-01-2014
Hydro,85,46,83,19,5,238,24-01-2014
Total,744,810,779,298,32,2662,24-01-2014
Wind Gen(MU),7,23,16,0,0,46,24-01-2014
Wind Gen(MU),5,27,24,0,0,55,25-01-2014
Hydro,82,40,76,18,4,220,25-01-2014
Total,735,814,773,297,33,2652,25-01-2014
Wind Gen(MU),4,26,26,0,0,56,26-01-2014
Hydro,80,34,66,19,4,202,26-01-2014
Total,717,772,733,288,33,2542,26-01-2014
Total,734,816,752,288,32,2622,27-01-2014
Hydro,81,49,83,16,4,233,27-01-2014
Wind Gen(MU),4,29,37,0,0,70,27-01-2014
Wind Gen(MU),6,15,23,0,0,44,28-01-2014
Total,767,840,768,300,32,2707,28-01-2014
Hydro,82,51,85,17,4,239,28-01-2014
Wind Gen(MU),1,8,21,0,0,30,29-01-2014
Hydro,89,48,86,17,5,245,29-01-2014
Total,771,848,768,300,30,2716,29-01-2014
Hydro,87,60,92,18,4,261,30-01-2014
Total,764,860,760,303,31,2718,30-01-2014
Wind Gen(MU),4,10,22,0,0,37,30-01-2014
Wind Gen(MU),5,14,26,0,0,44,31-01-2014
Hydro,87,49,88,18,4,247,31-01-2014
Total,773,861,763,297,32,2725,31-01-2014
Total,771,864,768,298,28,2729,01-02-2014
Hydro,88,58,89,20,4,259,01-02-2014
Wind Gen(MU),7,16,28,0,0,50,01-02-2014
Wind Gen(MU),4,12,28,0,0,44,02-02-2014
Hydro,87,64,67,19,4,240,02-02-2014
Total,741,847,746,292,29,2656,02-02-2014
Wind Gen(MU),3,8,20,0,0,32,03-02-2014
Hydro,92,80,89,15,4,280,03-02-2014
Total,750,876,761,300,30,2717,03-02-2014
Hydro,94,78,96,17,4,289,04-02-2014
Total,770,891,774,302,30,2767,04-02-2014
Wind Gen(MU),2,8,13,0,0,23,04-02-2014
Wind Gen(MU),1,5,9,0,0,15,05-02-2014
Hydro,93,77,96,17,4,287,05-02-2014
Total,763,943,767,293,29,2795,05-02-2014
Total,759,913,769,297,32,2771,06-02-2014
Hydro,90,74,92,19,4,279,06-02-2014
Wind Gen(MU),14,9,16,0,0,39,06-02-2014
Hydro,101,63,92,16,4,275,07-02-2014
Total,741,909,770,296,33,2749,07-02-2014
Wind Gen(MU),7,19,17,0,0,44,07-02-2014
Total,750,910,778,292,32,2761,08-02-2014
Hydro,101,55,89,21,4,269,08-02-2014
Wind Gen(MU),5,19,15,0,0,39,08-02-2014
Wind Gen(MU),3,16,9,0,0,27,09-02-2014
Hydro,99,64,74,17,5,260,09-02-2014
Total,740,883,747,286,31,2687,09-02-2014
Total,762,898,770,297,31,2758,10-02-2014
Hydro,99,61,84,20,5,269,10-02-2014
Wind Gen(MU),2,17,6,0,0,26,10-02-2014
Wind Gen(MU),4,14,10,0,0,28,11-02-2014
Total,783,899,782,297,32,2794,11-02-2014
Hydro,97,54,92,17,4,264,11-02-2014
Total,796,902,786,300,32,2816,12-02-2014
Hydro,101,59,94,15,4,273,12-02-2014
Wind Gen(MU),12,14,10,0,0,36,12-02-2014
Total,802,892,798,297,32,2820,13-02-2014
Wind Gen(MU),15,23,11,0,0,49,13-02-2014
Hydro,101,49,96,16,4,265,13-02-2014
Hydro,103,37,93,16,4,253,14-02-2014
Wind Gen(MU),4,17,10,0,0,31,14-02-2014
Total,747,870,799,294,34,2743,14-02-2014
Hydro,103,46,93,16,4,262,15-02-2014
Total,742,852,791,282,34,2701,15-02-2014
Wind Gen(MU),3,20,8,0,0,30,15-02-2014
Total,748,824,755,270,32,2628,16-02-2014
Hydro,103,43,88,18,4,256,16-02-2014
Wind Gen(MU),3,13,11,0,0,28,16-02-2014
Wind Gen(MU),5,19,9,0,0,34,17-02-2014
Hydro,104,67,96,22,5,295,17-02-2014
Total,756,857,773,279,29,2695,17-02-2014
Total,777,874,778,285,31,2745,18-02-2014
Hydro,107,72,98,19,7,303,18-02-2014
Wind Gen(MU),2,16,25,0,0,43,18-02-2014
Total,784,883,779,287,30,2763,19-02-2014
Wind Gen(MU),3,10,16,0,0,29,19-02-2014
Hydro,106,70,97,22,4,299,19-02-2014
Wind Gen(MU),2,13,15,0,0,29,20-02-2014
Total,781,899,781,289,31,2780,20-02-2014
Hydro,115,69,97,21,4,306,20-02-2014
Total,769,893,789,296,33,2779,21-02-2014
Hydro,104,57,92,20,4,277,21-02-2014
Wind Gen(MU),8,17,11,0,0,36,21-02-2014
Total,746,873,797,295,31,2742,22-02-2014
Hydro,106,52,86,22,4,270,22-02-2014
Wind Gen(MU),9,16,9,0,0,34,22-02-2014
Wind Gen(MU),10,31,14,0,0,54,23-02-2014
Hydro,105,53,80,18,4,260,23-02-2014
Total,736,840,767,288,32,2662,23-02-2014
Hydro,108,57,83,21,3,272,24-02-2014
Total,761,846,788,291,32,2718,24-02-2014
Wind Gen(MU),12,36,24,0,0,72,24-02-2014
Total,766,831,787,294,32,2710,25-02-2014
Hydro,109,56,92,23,4,284,25-02-2014
Wind Gen(MU),8,23,28,0,0,59,25-02-2014
Wind Gen(MU),8,20,19,0,0,48,26-02-2014
Hydro,108,59,105,21,4,297,26-02-2014
Total,768,811,779,299,33,2691,26-02-2014
Total,745,785,777,300,32,2639,27-02-2014
Hydro,107,42,104,17,3,273,27-02-2014
Wind Gen(MU),8,21,13,0,0,42,27-02-2014
Total,683,770,773,288,30,2544,28-02-2014
Hydro,106,45,94,21,4,270,28-02-2014
Wind Gen(MU),7,26,11,0,0,44,28-02-2014
Total,688,775,761,290,28,2542,01-03-2014
Hydro,105,51,93,20,4,273,01-03-2014
Wind Gen(MU),2,12,9,0,0,22,01-03-2014
Total,681,762,745,294,28,2511,02-03-2014
Hydro,106,47,68,20,4,245,02-03-2014
Wind Gen(MU),4,12,11,0,0,27,02-03-2014
Total,708,801,750,291,29,2578,03-03-2014
Wind Gen(MU),7,14,11,0,0,32,03-03-2014
Hydro,109,49,81,21,4,262,03-03-2014
Wind Gen(MU),7,16,10,0,0,33,04-03-2014
Total,723,790,748,287,29,2577,04-03-2014
Hydro,108,46,82,19,4,258,04-03-2014
Wind Gen(MU),8,20,13,0,0,41,05-03-2014
Hydro,110,46,80,23,4,263,05-03-2014
Total,729,811,768,285,31,2623,05-03-2014
Total,731,814,765,296,31,2638,06-03-2014
Hydro,110,47,78,24,4,262,06-03-2014
Wind Gen(MU),8,21,11,0,0,40,06-03-2014
Total,741,821,765,299,32,2658,07-03-2014
Wind Gen(MU),6,22,18,0,0,45,07-03-2014
Hydro,108,48,76,24,4,260,07-03-2014
Total,737,822,751,299,30,2640,08-03-2014
Hydro,107,42,69,24,4,246,08-03-2014
Wind Gen(MU),4,20,24,0,0,48,08-03-2014
Total,741,790,727,289,30,2577,09-03-2014
Wind Gen(MU),5,14,25,0,0,43,09-03-2014
Hydro,105,38,58,23,4,227,09-03-2014
Wind Gen(MU),10,11,14,0,0,35,10-03-2014
Hydro,109,42,70,24,4,248,10-03-2014
Total,694,818,760,304,30,2605,10-03-2014
Wind Gen(MU),6,11,30,0,0,46,11-03-2014
Hydro,120,55,81,25,4,284,11-03-2014
Total,665,830,776,310,32,2613,11-03-2014
Hydro,121,61,86,27,5,300,12-03-2014
Total,681,842,778,311,33,2645,12-03-2014
Wind Gen(MU),10,17,30,0,0,56,12-03-2014
Total,725,846,792,315,32,2710,13-03-2014
Hydro,128,60,85,28,4,304,13-03-2014
Wind Gen(MU),10,29,36,0,0,75,13-03-2014
Hydro,128,60,89,29,4,310,14-03-2014
Wind Gen(MU),2,18,31,0,0,52,14-03-2014
Total,748,849,800,322,32,2751,14-03-2014
Wind Gen(MU),4,12,25,0,0,40,15-03-2014
Hydro,129,47,98,29,4,307,15-03-2014
Total,756,872,803,322,30,2783,15-03-2014
Hydro,126,49,90,24,4,293,16-03-2014
Wind Gen(MU),4,14,30,0,0,48,16-03-2014
Total,753,843,782,304,27,2709,16-03-2014
Wind Gen(MU),17,21,22,0,0,59,17-03-2014
Total,698,763,794,301,28,2584,17-03-2014
Hydro,136,34,90,24,4,288,17-03-2014
Wind Gen(MU),4,14,25,0,0,44,18-03-2014
Hydro,148,54,111,24,4,340,18-03-2014
Total,677,837,798,310,32,2653,18-03-2014
Wind Gen(MU),4,9,16,0,0,29,19-03-2014
Hydro,154,65,115,26,4,364,19-03-2014
Total,751,894,798,319,27,2789,19-03-2014
Wind Gen(MU),4,15,9,0,0,28,20-03-2014
Hydro,147,74,126,28,3,378,20-03-2014
Total,766,909,793,322,29,2818,20-03-2014
Hydro,141,64,119,29,4,357,21-03-2014
Total,773,887,795,323,31,2809,21-03-2014
Wind Gen(MU),10,35,10,0,0,55,21-03-2014
Hydro,142,50,110,31,4,338,22-03-2014
Total,779,894,822,326,32,2853,22-03-2014
Wind Gen(MU),6,23,10,0,0,39,22-03-2014
Total,752,889,818,311,30,2800,23-03-2014
Hydro,140,54,93,24,4,314,23-03-2014
Wind Gen(MU),9,15,10,0,0,34,23-03-2014
Total,689,919,832,313,32,2786,24-03-2014
Hydro,135,55,113,14,4,321,24-03-2014
Wind Gen(MU),7,18,10,0,0,34,24-03-2014
Total,713,921,840,315,32,2822,25-03-2014
Hydro,137,62,114,23,4,339,25-03-2014
Wind Gen(MU),4,15,16,0,0,36,25-03-2014
Hydro,134,68,107,25,4,337,26-03-2014
Total,761,930,845,333,32,2902,26-03-2014
Wind Gen(MU),6,15,31,0,0,52,26-03-2014
Total,743,938,834,343,32,2890,27-03-2014
Wind Gen(MU),7,20,18,0,0,44,27-03-2014
Hydro,131,69,121,30,4,354,27-03-2014
Wind Gen(MU),5,18,13,0,0,35,28-03-2014
Hydro,135,66,120,34,4,360,28-03-2014
Total,728,939,824,341,33,2865,28-03-2014
Wind Gen(MU),5,17,18,0,0,40,29-03-2014
Hydro,143,67,123,33,4,369,29-03-2014
Total,731,941,822,334,33,2861,29-03-2014
Hydro,137,54,113,30,4,338,30-03-2014
Total,714,915,808,333,32,2802,30-03-2014
Wind Gen(MU),7,20,15,0,0,42,30-03-2014
Wind Gen(MU),5,27,17,0,0,48,31-03-2014
Total,741,928,823,335,33,2860,31-03-2014
Hydro,142,55,111,24,6,337,31-03-2014
Total,748,927,831,336,32,2874,01-04-2014
Hydro,142,59,115,30,4,350,01-04-2014
Wind Gen(MU),7,29,20,0,0,55,01-04-2014
Total,751,928,828,339,31,2877,02-04-2014
Hydro,140,56,120,31,3,351,02-04-2014
Wind Gen(MU),9,22,15,0,0,46,02-04-2014
Total,743,950,829,352,31,2905,03-04-2014
Hydro,143,56,120,32,3,353,03-04-2014
Wind Gen(MU),3,13,12,0,0,28,03-04-2014
Total,764,951,825,343,28,2911,04-04-2014
Wind Gen(MU),6,13,9,0,0,28,04-04-2014
Hydro,129,52,125,34,3,342,04-04-2014
Wind Gen(MU),6,18,8,0,0,32,05-04-2014
Hydro,132,64,120,36,3,354,05-04-2014
Total,758,960,801,335,31,2885,05-04-2014
Wind Gen(MU),17,20,11,0,0,48,06-04-2014
Hydro,135,57,98,33,3,326,06-04-2014
Total,738,938,787,331,33,2826,06-04-2014
Total,724,963,816,345,32,2880,07-04-2014
Hydro,140,63,97,27,3,330,07-04-2014
Wind Gen(MU),5,22,14,0,0,41,07-04-2014
Wind Gen(MU),3,20,25,0,0,48,08-04-2014
Hydro,153,73,99,34,3,360,08-04-2014
Total,748,962,812,351,29,2902,08-04-2014
Hydro,147,62,81,34,4,327,09-04-2014
Total,748,956,813,350,29,2896,09-04-2014
Wind Gen(MU),3,19,38,0,0,60,09-04-2014
Wind Gen(MU),6,16,17,0,0,39,10-04-2014
Hydro,143,49,85,37,6,321,10-04-2014
Total,749,963,784,345,32,2872,10-04-2014
Wind Gen(MU),3,27,27,0,0,57,11-04-2014
Total,755,956,807,351,32,2900,11-04-2014
Hydro,144,49,91,36,3,323,11-04-2014
Hydro,145,51,93,34,3,326,12-04-2014
Total,757,946,800,349,31,2884,12-04-2014
Wind Gen(MU),13,28,17,0,0,59,12-04-2014
Total,709,922,773,334,32,2769,13-04-2014
Hydro,137,46,66,31,3,282,13-04-2014
Wind Gen(MU),13,25,12,0,0,50,13-04-2014
Wind Gen(MU),7,13,13,0,0,33,14-04-2014
Hydro,141,62,77,30,3,313,14-04-2014
Total,736,941,785,339,32,2832,14-04-2014
Total,786,956,785,345,31,2903,15-04-2014
Hydro,136,71,79,34,3,323,15-04-2014
Wind Gen(MU),7,12,9,0,0,28,15-04-2014
Hydro,142,72,77,32,3,326,16-04-2014
Total,762,960,798,347,31,2898,16-04-2014
Wind Gen(MU),4,16,17,0,0,37,16-04-2014
Wind Gen(MU),5,25,28,0,0,59,17-04-2014
Total,738,959,804,351,31,2884,17-04-2014
Hydro,134,59,80,32,3,308,17-04-2014
Total,663,934,787,339,32,2755,18-04-2014
Hydro,130,53,73,33,3,292,18-04-2014
Wind Gen(MU),2,18,23,0,0,43,18-04-2014
Total,693,933,785,348,31,2791,19-04-2014
Hydro,134,56,79,37,3,308,19-04-2014
Wind Gen(MU),3,10,9,0,0,22,19-04-2014
Wind Gen(MU),3,11,12,0,0,26,20-04-2014
Total,699,883,751,338,33,2703,20-04-2014
Hydro,141,47,71,28,2,289,20-04-2014
Hydro,143,66,85,35,2,331,21-04-2014
Wind Gen(MU),3,8,9,0,0,19,21-04-2014
Total,739,911,789,343,33,2816,21-04-2014
Hydro,143,69,94,34,2,342,22-04-2014
Total,760,937,809,353,35,2893,22-04-2014
Wind Gen(MU),3,21,11,0,0,35,22-04-2014
Hydro,145,82,99,31,2,360,23-04-2014
Wind Gen(MU),2,18,9,0,0,29,23-04-2014
Total,770,954,809,353,36,2921,23-04-2014
Total,789,956,782,357,34,2918,24-04-2014
Hydro,149,71,85,36,2,343,24-04-2014
Wind Gen(MU),3,24,15,0,0,41,24-04-2014
Wind Gen(MU),4,20,16,0,0,40,25-04-2014
Hydro,155,84,99,31,2,370,25-04-2014
Total,801,976,804,361,33,2975,25-04-2014
Total,809,981,800,367,31,2989,26-04-2014
Hydro,157,86,95,33,3,374,26-04-2014
Wind Gen(MU),2,20,15,0,0,38,26-04-2014
Wind Gen(MU),1,19,13,0,0,32,27-04-2014
Total,805,966,764,351,33,2919,27-04-2014
Hydro,157,83,73,39,2,354,27-04-2014
Total,848,1001,794,351,31,3024,28-04-2014
Hydro,176,65,89,40,6,376,28-04-2014
Hydro,166,75,90,38,3,372,28-04-2014
Wind Gen(MU),1,21,9,0,0,31,28-04-2014
Total,827,994,788,348,29,2985,28-04-2014
Wind Gen(MU),3,18,11,0,0,31,28-04-2014
Wind Gen(MU),7,22,11,0,0,39,30-04-2014
Hydro,190,56,85,41,3,375,30-04-2014
Total,858,965,783,357,31,2994,30-04-2014
Wind Gen(MU),6,28,13,0,0,47,01-05-2014
Total,875,934,753,340,31,2934,01-05-2014
Hydro,202,43,64,36,3,349,01-05-2014
Hydro,207,50,91,35,3,386,02-05-2014
Wind Gen(MU),7,34,11,0,0,51,02-05-2014
Total,861,939,759,315,30,2904,02-05-2014
Wind Gen(MU),6,32,8,0,0,46,03-05-2014
Hydro,207,45,88,31,2,373,03-05-2014
Total,846,961,760,288,30,2886,03-05-2014
Wind Gen(MU),3,23,4,0,0,30,04-05-2014
Hydro,220,33,63,19,5,341,04-05-2014
Total,840,929,741,282,30,2821,04-05-2014
Total,833,960,746,290,30,2859,05-05-2014
Wind Gen(MU),3,18,12,0,0,34,05-05-2014
Hydro,227,51,73,20,6,377,05-05-2014
Total,878,966,748,316,31,2940,06-05-2014
Hydro,236,58,70,31,5,400,06-05-2014
Wind Gen(MU),2,14,12,0,0,28,06-05-2014
Total,901,961,697,322,26,2907,07-05-2014
Wind Gen(MU),3,21,9,0,0,33,07-05-2014
Hydro,246,50,64,35,7,402,07-05-2014
Hydro,244,37,51,35,8,376,08-05-2014
Wind Gen(MU),7,24,14,0,0,45,08-05-2014
Total,847,960,666,330,27,2830,08-05-2014
Hydro,255,37,65,34,12,404,09-05-2014
Wind Gen(MU),4,36,23,0,0,62,09-05-2014
Total,860,949,655,331,29,2825,09-05-2014
Wind Gen(MU),8,54,42,0,0,103,10-05-2014
Total,852,942,685,322,31,2832,10-05-2014
Hydro,252,33,66,37,13,402,10-05-2014
Hydro,246,27,75,30,8,385,11-05-2014
Total,827,911,688,317,31,2774,11-05-2014
Wind Gen(MU),9,47,24,0,0,81,11-05-2014
Hydro,239,41,90,40,7,416,12-05-2014
Wind Gen(MU),13,51,23,0,0,87,12-05-2014
Total,828,944,730,334,30,2866,12-05-2014
Wind Gen(MU),13,54,32,0,0,98,13-05-2014
Hydro,227,41,92,40,8,408,13-05-2014
Total,740,941,761,344,31,2818,13-05-2014
Wind Gen(MU),6,33,49,0,0,88,14-05-2014
Hydro,209,52,91,41,10,402,14-05-2014
Total,706,930,775,321,32,2763,14-05-2014
Wind Gen(MU),5,32,58,0,0,95,15-05-2014
Total,786,941,780,331,32,2869,15-05-2014
Hydro,226,36,87,52,7,408,15-05-2014
Total,820,948,804,340,34,2946,16-05-2014
Hydro,213,40,84,42,8,387,16-05-2014
Wind Gen(MU),5,31,68,0,0,104,16-05-2014
Wind Gen(MU),6,22,60,0,0,88,17-05-2014
Hydro,213,29,70,42,6,360,17-05-2014
Total,821,928,782,349,34,2914,17-05-2014
Hydro,210,37,65,40,8,360,18-05-2014
Total,803,908,743,345,31,2830,18-05-2014
Wind Gen(MU),4,18,25,0,0,47,18-05-2014
Wind Gen(MU),4,22,31,0,0,58,19-05-2014
Hydro,214,48,80,43,7,392,19-05-2014
Total,825,933,750,356,32,2896,19-05-2014
Wind Gen(MU),2,28,44,0,0,75,20-05-2014
Hydro,221,49,72,40,6,389,20-05-2014
Total,863,948,740,351,32,2934,20-05-2014
Wind Gen(MU),2,33,56,0,0,91,21-05-2014
Total,883,948,754,359,33,2976,21-05-2014
Hydro,223,57,63,56,8,407,21-05-2014
Total,904,955,759,355,32,3006,22-05-2014
Wind Gen(MU),11,44,66,0,0,121,22-05-2014
Hydro,221,51,65,47,7,391,22-05-2014
Hydro,229,50,78,47,8,411,23-05-2014
Wind Gen(MU),11,44,64,0,0,119,23-05-2014
Total,891,936,774,352,32,2985,23-05-2014
Total,868,932,760,358,31,2948,24-05-2014
Wind Gen(MU),7,41,65,0,0,114,24-05-2014
Hydro,236,50,69,42,7,403,24-05-2014
Hydro,223,27,50,33,6,339,25-05-2014
Total,823,903,715,325,30,2796,25-05-2014
Wind Gen(MU),6,34,64,0,0,105,25-05-2014
Hydro,227,39,79,28,6,379,26-05-2014
Wind Gen(MU),4,24,55,0,0,83,26-05-2014
Total,856,938,695,306,31,2826,26-05-2014
Hydro,228,29,74,42,7,379,27-05-2014
Total,911,939,725,291,32,2898,27-05-2014
Wind Gen(MU),6,24,40,0,0,69,27-05-2014
Total,933,945,718,292,32,2920,28-05-2014
Hydro,236,32,69,57,6,400,28-05-2014
Wind Gen(MU),11,29,24,0,0,64,28-05-2014
Hydro,247,34,60,74,7,422,29-05-2014
Wind Gen(MU),19,44,51,0,0,114,29-05-2014
Total,935,947,726,329,32,2969,29-05-2014
Wind Gen(MU),19,58,68,0,0,145,30-05-2014
Total,874,952,748,350,34,2958,30-05-2014
Hydro,243,30,62,76,7,418,30-05-2014
Total,886,950,754,315,34,2939,31-05-2014
Wind Gen(MU),19,53,76,0,0,148,31-05-2014
Hydro,261,34,69,66,8,439,31-05-2014
Hydro,257,28,50,60,7,402,01-06-2014
Wind Gen(MU),19,40,76,0,0,135,01-06-2014
Total,843,912,731,314,34,2834,01-06-2014
Hydro,253,28,59,57,7,404,02-06-2014
Total,885,932,744,321,34,2917,02-06-2014
Wind Gen(MU),19,26,86,0,0,131,02-06-2014
Hydro,255,32,56,58,7,408,03-06-2014
Wind Gen(MU),15,30,56,0,0,101,03-06-2014
Total,927,926,665,337,35,2890,03-06-2014
Wind Gen(MU),8,36,73,0,0,117,04-06-2014
Hydro,234,29,62,52,5,382,04-06-2014
Total,946,952,734,343,35,3011,04-06-2014
Total,976,945,741,342,36,3040,05-06-2014
Wind Gen(MU),6,41,78,0,0,125,05-06-2014
Hydro,279,23,61,54,5,422,05-06-2014
Wind Gen(MU),15,45,86,0,0,145,06-06-2014
Total,975,956,744,358,36,3069,06-06-2014
Hydro,282,28,54,59,7,430,06-06-2014
Hydro,285,24,48,55,7,418,07-06-2014
Wind Gen(MU),15,47,92,0,0,153,07-06-2014
Total,1012,958,740,350,36,3095,07-06-2014
Wind Gen(MU),14,58,104,0,0,176,08-06-2014
Hydro,288,25,40,61,8,421,08-06-2014
Total,998,943,716,334,37,3028,08-06-2014
Wind Gen(MU),14,55,91,0,0,161,09-06-2014
Total,1007,961,713,338,35,3055,09-06-2014
Hydro,297,26,51,62,7,444,09-06-2014
Hydro,285,34,50,64,7,439,10-06-2014
Wind Gen(MU),15,36,87,0,0,138,10-06-2014
Total,1026,954,724,338,35,3077,10-06-2014
Wind Gen(MU),14,48,109,0,0,171,11-06-2014
Hydro,288,29,53,65,7,442,11-06-2014
Total,1029,940,750,346,36,3102,11-06-2014
Hydro,284,26,66,57,8,440,12-06-2014
Wind Gen(MU),23,55,108,0,0,186,12-06-2014
Total,956,920,756,355,36,3023,12-06-2014
Wind Gen(MU),21,73,104,0,0,198,13-06-2014
Hydro,290,26,62,50,7,436,13-06-2014
Total,910,929,748,348,37,2971,13-06-2014
Hydro,288,19,60,44,7,418,14-06-2014
Wind Gen(MU),19,64,101,0,0,184,14-06-2014
Total,940,915,758,339,37,2990,14-06-2014
Hydro,282,17,41,45,7,391,15-06-2014
Wind Gen(MU),26,58,105,0,0,189,15-06-2014
Total,964,883,724,336,35,2941,15-06-2014
Wind Gen(MU),29,40,100,0,0,170,16-06-2014
Hydro,294,24,56,51,7,432,16-06-2014
Total,1039,904,755,343,37,3077,16-06-2014
Wind Gen(MU),28,54,117,0,0,199,17-06-2014
Hydro,287,20,51,53,5,415,17-06-2014
Total,1050,908,772,347,36,3113,17-06-2014
Hydro,242,25,47,46,7,367,18-06-2014
Wind Gen(MU),26,48,112,0,0,185,18-06-2014
Total,1041,900,761,341,36,3078,18-06-2014
Wind Gen(MU),28,59,119,0,0,206,19-06-2014
Total,1052,907,759,331,36,3085,19-06-2014
Hydro,231,27,42,45,7,352,19-06-2014
Total,1068,897,773,316,36,3090,20-06-2014
Wind Gen(MU),24,85,120,0,0,229,20-06-2014
Hydro,291,26,52,46,7,422,20-06-2014
Total,1044,901,773,306,35,3058,21-06-2014
Hydro,300,24,55,58,7,443,21-06-2014
Wind Gen(MU),26,98,107,0,0,231,21-06-2014
Total,1002,881,738,312,32,2965,22-06-2014
Hydro,277,19,47,61,7,411,22-06-2014
Wind Gen(MU),23,103,93,0,0,219,22-06-2014
Hydro,288,21,66,68,7,449,23-06-2014
Wind Gen(MU),24,102,106,0,0,232,23-06-2014
Total,1008,916,765,337,33,3058,23-06-2014
Hydro,295,24,77,69,7,472,24-06-2014
Wind Gen(MU),22,99,119,0,0,240,24-06-2014
Total,1013,942,779,333,34,3101,24-06-2014
Wind Gen(MU),13,93,125,0,0,231,25-06-2014
Hydro,300,22,79,63,7,471,25-06-2014
Total,1013,953,785,334,35,3120,25-06-2014
Total,1017,944,781,330,36,3109,26-06-2014
Wind Gen(MU),14,65,90,0,0,169,26-06-2014
Hydro,308,35,89,61,7,500,26-06-2014
Total,1032,929,782,324,38,3105,27-06-2014
Hydro,308,34,88,65,15,510,27-06-2014
Wind Gen(MU),19,47,63,0,0,129,27-06-2014
Hydro,303,26,74,65,15,484,28-06-2014
Wind Gen(MU),24,59,56,0,0,139,28-06-2014
Total,1051,938,765,326,38,3119,28-06-2014
Total,1018,932,752,321,38,3060,29-06-2014
Wind Gen(MU),32,71,76,0,0,179,29-06-2014
Hydro,303,21,54,57,15,449,29-06-2014
Hydro,298,26,66,59,7,456,30-06-2014
Total,1037,971,756,314,37,3115,30-06-2014
Wind Gen(MU),2,82,72,0,0,157,30-06-2014
Wind Gen(MU),2,82,90,0,0,174,01-07-2014
Hydro,290,25,72,57,7,450,01-07-2014
Total,1010,980,769,304,39,3102,01-07-2014
Wind Gen(MU),2,79,102,0,0,183,02-07-2014
Hydro,310,16,68,63,7,464,02-07-2014
Total,1003,986,785,316,40,3131,02-07-2014
Total,993,948,785,317,37,3080,03-07-2014
Hydro,307,27,72,68,17,491,03-07-2014
Wind Gen(MU),23,74,106,0,0,204,03-07-2014
Hydro,307,19,82,65,18,491,04-07-2014
Wind Gen(MU),24,69,96,0,0,188,04-07-2014
Total,1006,955,778,312,37,3087,04-07-2014
Wind Gen(MU),21,51,97,0,0,169,05-07-2014
Hydro,307,21,74,66,17,485,05-07-2014
Total,1022,956,753,311,35,3078,05-07-2014
Wind Gen(MU),19,44,79,0,0,141,06-07-2014
Hydro,258,18,53,68,15,412,06-07-2014
Total,1007,925,725,320,35,3012,06-07-2014
Total,1031,941,742,317,35,3066,07-07-2014
Hydro,313,20,62,65,14,473,07-07-2014
Wind Gen(MU),24,52,76,0,0,152,07-07-2014
Hydro,314,18,54,72,16,473,08-07-2014
Wind Gen(MU),2,58,85,0,0,145,08-07-2014
Total,1063,939,739,339,38,3117,08-07-2014
Total,1084,919,737,328,39,3106,09-07-2014
Wind Gen(MU),26,45,95,0,0,166,09-07-2014
Hydro,308,17,44,71,18,459,09-07-2014
Total,1071,914,717,343,40,3085,10-07-2014
Hydro,312,13,38,70,18,451,10-07-2014
Wind Gen(MU),2,44,91,0,0,137,10-07-2014
Wind Gen(MU),15,62,104,0,0,181,11-07-2014
Hydro,311,12,35,62,18,438,11-07-2014
Total,1096,887,707,336,38,3064,11-07-2014
Wind Gen(MU),18,49,109,0,0,176,12-07-2014
Hydro,309,15,42,62,16,443,12-07-2014
Total,1072,870,709,344,38,3032,12-07-2014
Total,1048,860,682,341,38,2968,13-07-2014
Hydro,305,15,43,60,15,438,13-07-2014
Wind Gen(MU),13,38,83,0,0,134,13-07-2014
Wind Gen(MU),9,37,101,0,0,147,14-07-2014
Hydro,313,20,53,67,15,468,14-07-2014
Total,1050,874,715,347,38,3025,14-07-2014
Total,1059,850,726,347,38,3019,15-07-2014
Hydro,309,14,60,65,16,464,15-07-2014
Wind Gen(MU),12,44,111,0,0,167,15-07-2014
Hydro,273,14,64,62,17,429,16-07-2014
Wind Gen(MU),2,41,116,0,0,158,16-07-2014
Total,1028,805,730,340,40,2943,16-07-2014
Total,1006,810,757,343,39,2954,17-07-2014
Hydro,294,15,69,62,17,458,17-07-2014
Wind Gen(MU),7,44,121,0,0,172,17-07-2014
Hydro,294,15,68,65,16,458,18-07-2014
Wind Gen(MU),9,73,123,0,0,205,18-07-2014
Total,914,809,768,340,38,2869,18-07-2014
Total,948,791,748,338,37,2861,19-07-2014
Hydro,290,12,61,65,16,443,19-07-2014
Wind Gen(MU),19,91,124,0,0,234,19-07-2014
Hydro,277,10,55,62,16,418,20-07-2014
Total,948,774,726,337,37,2822,20-07-2014
Wind Gen(MU),21,95,116,0,0,232,20-07-2014
Total,1002,802,750,320,36,2910,21-07-2014
Hydro,295,17,63,62,16,452,21-07-2014
Wind Gen(MU),22,90,122,0,0,234,21-07-2014
Total,1024,776,755,317,35,2906,22-07-2014
Hydro,303,20,70,61,16,470,22-07-2014
Wind Gen(MU),22,94,124,0,0,240,22-07-2014
Hydro,296,22,74,67,17,476,23-07-2014
Total,1004,754,748,340,39,2885,23-07-2014
Wind Gen(MU),15,86,121,0,0,221,23-07-2014
Wind Gen(MU),8,85,116,0,0,209,24-07-2014
Hydro,297,23,80,74,18,492,24-07-2014
Total,1002,749,763,342,39,2895,24-07-2014
Total,1008,771,765,342,34,2919,25-07-2014
Hydro,314,26,77,70,16,504,25-07-2014
Wind Gen(MU),10,51,111,0,0,171,25-07-2014
Hydro,316,28,85,74,17,519,26-07-2014
Wind Gen(MU),8,48,115,0,0,170,26-07-2014
Total,1023,779,762,340,37,2942,26-07-2014
Total,1006,775,725,334,38,2878,27-07-2014
Wind Gen(MU),12,61,113,0,0,186,27-07-2014
Hydro,316,33,55,67,17,487,27-07-2014
Total,986,789,738,342,38,2892,28-07-2014
Wind Gen(MU),21,71,119,0,0,212,28-07-2014
Hydro,315,39,73,57,17,501,28-07-2014
Hydro,320,46,73,63,16,518,29-07-2014
Wind Gen(MU),9,75,126,0,0,210,29-07-2014
Total,975,773,740,345,38,2870,29-07-2014
Wind Gen(MU),5,54,119,0,0,177,30-07-2014
Total,995,764,747,350,37,2893,30-07-2014
Hydro,332,55,77,74,15,552,30-07-2014
Wind Gen(MU),4,39,116,0,0,159,31-07-2014
Total,1024,776,754,345,39,2938,31-07-2014
Hydro,328,60,97,75,17,576,31-07-2014
Wind Gen(MU),5,42,108,0,0,155,01-08-2014
Hydro,321,54,109,74,15,573,01-08-2014
Total,1000,776,751,343,39,2909,01-08-2014
Hydro,327,55,106,76,15,580,02-08-2014
Wind Gen(MU),3,58,115,0,0,177,02-08-2014
Total,1005,782,742,353,39,2921,02-08-2014
Total,989,769,706,333,38,2835,03-08-2014
Hydro,310,51,86,73,17,537,03-08-2014
Wind Gen(MU),9,84,101,0,0,194,03-08-2014
Total,993,786,744,320,38,2881,04-08-2014
Hydro,331,35,99,76,18,559,04-08-2014
Wind Gen(MU),19,78,118,0,0,214,04-08-2014
Total,953,769,758,315,39,2834,05-08-2014
Hydro,326,34,105,74,18,558,05-08-2014
Wind Gen(MU),11,62,126,0,0,199,05-08-2014
Wind Gen(MU),11,51,108,0,0,170,06-08-2014
Hydro,335,35,122,81,15,588,06-08-2014
Total,973,766,767,337,37,2880,06-08-2014
Hydro,330,41,126,85,16,599,07-08-2014
Wind Gen(MU),23,53,96,0,0,171,07-08-2014
Total,957,785,783,347,38,2909,07-08-2014
Total,966,795,779,339,38,2917,08-08-2014
Hydro,335,55,134,83,16,623,08-08-2014
Wind Gen(MU),15,44,90,0,0,149,08-08-2014
Wind Gen(MU),7,26,75,0,0,108,09-08-2014
Total,956,801,758,342,39,2896,09-08-2014
Hydro,319,75,132,85,17,627,09-08-2014
Wind Gen(MU),8,28,62,0,0,98,10-08-2014
Total,915,762,728,323,38,2765,10-08-2014
Hydro,336,61,109,79,17,602,10-08-2014
Wind Gen(MU),14,35,60,0,0,108,11-08-2014
Hydro,340,64,127,85,16,632,11-08-2014
Total,948,745,768,338,38,2837,11-08-2014
Wind Gen(MU),20,48,65,0,0,133,12-08-2014
Hydro,315,57,127,85,18,601,12-08-2014
Total,950,823,759,340,39,2911,12-08-2014
Hydro,336,60,128,88,21,632,13-08-2014
Total,981,839,772,342,39,2973,13-08-2014
Wind Gen(MU),30,63,68,0,0,161,13-08-2014
Wind Gen(MU),33,78,74,0,0,185,14-08-2014
Hydro,334,49,129,84,22,619,14-08-2014
Total,1000,843,778,335,36,2992,14-08-2014
Total,940,791,744,310,35,2820,15-08-2014
Hydro,324,41,110,82,23,580,15-08-2014
Wind Gen(MU),33,78,65,0,0,177,15-08-2014
Total,953,821,741,311,35,2861,16-08-2014
Hydro,325,58,127,82,23,614,16-08-2014
Wind Gen(MU),26,67,61,0,0,155,16-08-2014
Total,958,823,730,306,37,2853,17-08-2014
Wind Gen(MU),7,28,42,0,0,77,17-08-2014
Hydro,321,61,127,78,23,609,17-08-2014
Hydro,329,64,133,84,24,634,18-08-2014
Total,1003,832,742,322,37,2937,18-08-2014
Wind Gen(MU),6,11,15,0,0,32,18-08-2014
Hydro,330,69,132,90,26,647,19-08-2014
Total,1020,879,740,327,39,3004,19-08-2014
Wind Gen(MU),8,7,11,0,0,26,19-08-2014
Total,1034,893,735,321,38,3021,20-08-2014
Hydro,274,71,130,88,24,587,20-08-2014
Wind Gen(MU),21,11,21,0,0,53,20-08-2014
Wind Gen(MU),23,14,22,0,0,59,21-08-2014
Total,1075,909,740,325,37,3086,21-08-2014
Hydro,323,62,129,86,23,622,21-08-2014
Hydro,325,47,123,86,22,604,22-08-2014
Wind Gen(MU),16,8,22,0,0,46,22-08-2014
Total,1082,901,749,335,37,3104,22-08-2014
Wind Gen(MU),6,7,33,0,0,46,23-08-2014
Total,1077,906,732,324,36,3075,23-08-2014
Hydro,323,56,118,75,24,596,23-08-2014
Hydro,313,63,107,81,25,589,24-08-2014
Wind Gen(MU),8,8,32,0,0,48,24-08-2014
Total,1072,860,701,324,36,2993,24-08-2014
Total,1073,876,735,332,36,3052,25-08-2014
Hydro,295,70,114,83,25,587,25-08-2014
Wind Gen(MU),11,18,50,0,0,79,25-08-2014
Hydro,301,58,98,86,27,569,26-08-2014
Wind Gen(MU),16,36,71,0,0,123,26-08-2014
Total,1089,875,739,338,36,3076,26-08-2014
Total,1048,869,729,337,37,3020,27-08-2014
Hydro,301,59,92,86,26,564,27-08-2014
Wind Gen(MU),11,30,76,0,0,118,27-08-2014
Hydro,296,60,92,84,26,558,28-08-2014
Wind Gen(MU),5,14,85,0,0,104,28-08-2014
Total,1048,849,708,322,37,2964,28-08-2014
Wind Gen(MU),1,14,69,0,0,84,29-08-2014
Hydro,281,53,102,85,24,545,29-08-2014
Total,1030,831,679,337,36,2912,29-08-2014
Wind Gen(MU),4,15,85,0,0,104,30-08-2014
Total,1035,848,681,336,36,2936,30-08-2014
Hydro,269,72,125,84,21,571,30-08-2014
Wind Gen(MU),5,41,70,0,0,116,31-08-2014
Hydro,221,41,136,81,21,500,31-08-2014
Total,987,783,666,324,37,2796,31-08-2014
Wind Gen(MU),5,41,84,0,0,130,01-09-2014
Hydro,265,40,147,78,21,552,01-09-2014
Total,949,783,706,309,38,2785,01-09-2014
Wind Gen(MU),18,39,76,0,0,134,02-09-2014
Total,914,784,730,312,38,2777,02-09-2014
Hydro,261,48,152,82,22,566,02-09-2014
Total,890,787,758,322,39,2795,03-09-2014
Hydro,269,53,152,81,20,575,03-09-2014
Wind Gen(MU),17,37,74,0,0,128,03-09-2014
Total,811,781,765,329,38,2723,04-09-2014
Hydro,261,63,144,84,21,573,04-09-2014
Wind Gen(MU),7,60,76,0,0,142,04-09-2014
Wind Gen(MU),17,74,82,0,0,173,05-09-2014
Hydro,226,52,144,82,20,524,05-09-2014
Total,731,794,775,333,38,2670,05-09-2014
Wind Gen(MU),15,56,81,0,0,151,06-09-2014
Hydro,228,59,145,80,19,531,06-09-2014
Total,744,789,737,326,37,2633,06-09-2014
Wind Gen(MU),5,46,65,0,0,115,07-09-2014
Total,770,765,686,327,36,2584,07-09-2014
Hydro,232,68,143,90,18,550,07-09-2014
Total,831,743,719,318,38,2649,08-09-2014
Hydro,241,71,152,86,17,567,08-09-2014
Wind Gen(MU),4,62,82,0,0,147,08-09-2014
Total,868,749,749,344,38,2747,09-09-2014
Hydro,260,90,152,94,18,614,09-09-2014
Wind Gen(MU),3,69,90,0,0,162,09-09-2014
Total,859,774,784,342,38,2796,10-09-2014
Hydro,260,104,162,90,18,635,10-09-2014
Wind Gen(MU),0,47,87,0,0,134,10-09-2014
Hydro,251,116,158,84,18,627,11-09-2014
Total,857,790,798,349,39,2832,11-09-2014
Wind Gen(MU),5,27,79,0,0,111,11-09-2014
Total,830,801,807,353,39,2830,12-09-2014
Hydro,244,104,153,88,19,607,12-09-2014
Wind Gen(MU),0,26,77,0,0,103,12-09-2014
Total,837,811,798,339,39,2824,13-09-2014
Hydro,238,116,149,91,20,614,13-09-2014
Wind Gen(MU),11,24,75,0,0,110,13-09-2014
Total,820,799,756,335,38,2748,14-09-2014
Wind Gen(MU),10,19,52,0,0,80,14-09-2014
Hydro,224,99,141,86,19,570,14-09-2014
Total,853,833,762,343,38,2829,15-09-2014
Hydro,229,113,146,85,18,591,15-09-2014
Wind Gen(MU),7,11,55,0,0,72,15-09-2014
Total,888,849,758,348,39,2882,16-09-2014
Wind Gen(MU),10,16,67,0,0,93,16-09-2014
Hydro,223,96,135,87,18,559,16-09-2014
Wind Gen(MU),18,17,65,0,0,99,17-09-2014
Total,926,843,757,345,39,2910,17-09-2014
Hydro,243,91,131,89,18,571,17-09-2014
Wind Gen(MU),18,18,66,0,0,102,18-09-2014
Total,950,869,764,344,38,2965,18-09-2014
Hydro,230,98,140,88,17,573,18-09-2014
Wind Gen(MU),20,24,69,0,0,114,19-09-2014
Total,977,908,769,347,38,3039,19-09-2014
Hydro,237,98,144,89,19,587,19-09-2014
Wind Gen(MU),0,25,69,0,0,94,20-09-2014
Hydro,238,102,137,89,21,586,20-09-2014
Total,996,886,755,327,38,3003,20-09-2014
Total,976,881,732,308,37,2934,21-09-2014
Hydro,231,96,144,87,25,583,21-09-2014
Wind Gen(MU),21,18,49,0,0,87,21-09-2014
Total,970,932,761,315,31,3009,22-09-2014
Hydro,233,104,156,88,25,605,22-09-2014
Wind Gen(MU),18,11,26,0,0,54,22-09-2014
Total,979,957,750,316,31,3033,23-09-2014
Wind Gen(MU),23,12,17,0,0,52,23-09-2014
Hydro,228,107,156,88,24,603,23-09-2014
Hydro,233,98,145,90,25,590,24-09-2014
Total,971,979,744,333,35,3062,24-09-2014
Wind Gen(MU),24,14,9,0,0,47,24-09-2014
Total,986,955,748,337,35,3062,25-09-2014
Wind Gen(MU),0,9,9,0,0,19,25-09-2014
Hydro,225,102,127,89,25,567,25-09-2014
Total,960,995,745,334,36,3069,26-09-2014
Hydro,202,97,135,88,23,546,26-09-2014
Wind Gen(MU),10,7,9,0,0,27,26-09-2014
Total,930,1014,735,342,37,3057,27-09-2014
Wind Gen(MU),14,11,9,0,0,34,27-09-2014
Hydro,195,105,139,90,24,554,27-09-2014
Total,941,1000,718,334,36,3028,28-09-2014
Hydro,196,86,115,87,23,507,28-09-2014
Wind Gen(MU),0,11,12,0,0,23,28-09-2014
Total,925,1028,731,341,35,3059,29-09-2014
Wind Gen(MU),0,10,7,0,0,17,29-09-2014
Hydro,207,101,146,90,23,566,29-09-2014
Wind Gen(MU),16,10,9,0,0,34,30-09-2014
Total,944,1021,730,344,38,3077,30-09-2014
Hydro,205,98,149,85,22,558,30-09-2014
Hydro,202,73,148,76,22,521,01-10-2014
Total,935,1012,735,338,40,3060,01-10-2014
Wind Gen(MU),12,7,7,0,0,26,01-10-2014
Hydro,195,49,128,66,19,457,02-10-2014
Wind Gen(MU),13,5,5,0,0,22,02-10-2014
Total,927,997,721,331,38,3013,02-10-2014
Wind Gen(MU),22,7,7,0,0,35,03-10-2014
Hydro,199,47,141,63,18,468,03-10-2014
Total,947,957,727,325,37,2993,03-10-2014
Hydro,205,64,133,59,18,480,04-10-2014
Wind Gen(MU),19,10,14,0,0,43,04-10-2014
Total,946,996,745,320,37,3044,04-10-2014
Hydro,204,62,130,60,17,472,05-10-2014
Wind Gen(MU),11,13,20,0,0,43,05-10-2014
Total,944,1005,741,332,38,3059,05-10-2014
Wind Gen(MU),5,10,35,0,0,50,06-10-2014
Total,959,1018,747,335,38,3096,06-10-2014
Hydro,209,59,131,58,17,473,06-10-2014
Wind Gen(MU),3,11,37,0,0,51,07-10-2014
Total,929,1009,751,335,39,3063,07-10-2014
Hydro,190,52,117,67,17,443,07-10-2014
Wind Gen(MU),6,11,27,0,0,43,08-10-2014
Total,860,1009,741,343,39,2992,08-10-2014
Hydro,179,46,107,63,16,411,08-10-2014
Total,869,1003,747,347,39,3004,09-10-2014
Hydro,173,46,115,71,16,421,09-10-2014
Wind Gen(MU),5,11,14,0,0,29,09-10-2014
Wind Gen(MU),2,7,38,0,0,48,10-10-2014
Hydro,175,42,116,72,16,420,10-10-2014
Total,861,1008,756,350,39,3014,10-10-2014
Wind Gen(MU),3,11,51,0,0,65,11-10-2014
Hydro,178,28,118,72,16,412,11-10-2014
Total,878,1014,750,346,39,3027,11-10-2014
Total,839,979,683,301,38,2839,12-10-2014
Hydro,157,38,103,43,15,357,12-10-2014
Wind Gen(MU),4,14,50,0,0,68,12-10-2014
Hydro,162,29,136,40,15,382,13-10-2014
Wind Gen(MU),10,16,38,0,0,64,13-10-2014
Total,843,961,719,301,40,2864,13-10-2014
Hydro,156,43,147,57,16,418,14-10-2014
Wind Gen(MU),15,12,11,0,0,37,14-10-2014
Total,748,983,738,321,40,2828,14-10-2014
Wind Gen(MU),10,14,10,0,0,34,15-10-2014
Hydro,216,42,153,65,14,490,15-10-2014
Total,749,984,737,323,38,2831,15-10-2014
Hydro,155,48,152,62,15,432,16-10-2014
Total,747,1009,745,329,38,2868,16-10-2014
Wind Gen(MU),7,13,11,0,0,31,16-10-2014
Wind Gen(MU),7,9,11,0,0,26,17-10-2014
Hydro,150,35,146,58,16,405,17-10-2014
Total,755,1003,738,340,38,2874,17-10-2014
Hydro,147,38,135,60,14,393,18-10-2014
Total,760,993,709,327,36,2825,18-10-2014
Wind Gen(MU),3,8,9,0,0,19,18-10-2014
Wind Gen(MU),3,7,10,0,0,20,19-10-2014
Total,759,984,669,313,34,2759,19-10-2014
Hydro,142,29,122,49,14,356,19-10-2014
Total,778,1012,685,328,35,2839,20-10-2014
Hydro,140,30,126,54,14,364,20-10-2014
Wind Gen(MU),3,13,18,0,0,33,20-10-2014
Total,813,1014,685,328,37,2877,21-10-2014
Hydro,139,30,111,49,13,342,21-10-2014
Wind Gen(MU),3,13,22,0,0,38,21-10-2014
Total,826,989,644,335,39,2833,22-10-2014
Wind Gen(MU),2,13,18,0,0,34,22-10-2014
Hydro,138,36,91,53,12,330,22-10-2014
Wind Gen(MU),2,10,12,0,0,23,23-10-2014
Hydro,130,32,83,48,11,304,23-10-2014
Total,790,892,627,335,38,2682,23-10-2014
Wind Gen(MU),2,9,11,0,0,22,24-10-2014
Hydro,134,25,91,49,13,311,24-10-2014
Total,744,853,658,335,38,2628,24-10-2014
Wind Gen(MU),3,22,6,0,0,30,25-10-2014
Total,778,840,652,327,37,2634,25-10-2014
Hydro,131,22,78,48,13,291,25-10-2014
Wind Gen(MU),3,14,4,0,0,21,26-10-2014
Hydro,126,23,52,46,12,258,26-10-2014
Total,756,836,600,322,36,2550,26-10-2014
Total,785,888,631,320,36,2660,27-10-2014
Hydro,132,33,67,45,12,289,27-10-2014
Wind Gen(MU),2,9,4,0,0,15,27-10-2014
Total,785,919,650,319,37,2709,28-10-2014
Hydro,126,38,69,45,13,291,28-10-2014
Wind Gen(MU),9,4,5,0,0,17,28-10-2014
Total,761,932,674,326,36,2729,29-10-2014
Hydro,120,33,79,42,12,286,29-10-2014
Wind Gen(MU),8,7,8,0,0,23,29-10-2014
Total,781,935,681,323,36,2757,30-10-2014
Hydro,124,41,70,47,13,295,30-10-2014
Wind Gen(MU),1,18,10,0,0,28,30-10-2014
Total,799,942,701,325,36,2803,31-10-2014
Hydro,118,50,88,47,13,315,31-10-2014
Wind Gen(MU),2,18,7,0,0,27,31-10-2014
Hydro,117,37,73,40,9,276,01-11-2014
Total,781,945,685,323,36,2770,01-11-2014
Wind Gen(MU),1,16,9,0,0,25,01-11-2014
Total,757,945,652,312,36,2702,02-11-2014
Hydro,117,40,63,39,9,269,02-11-2014
Wind Gen(MU),2,16,7,0,0,24,02-11-2014
Wind Gen(MU),3,14,9,0,0,27,03-11-2014
Hydro,119,50,82,38,9,298,03-11-2014
Total,771,978,683,311,36,2779,03-11-2014
Total,773,980,707,306,36,2802,04-11-2014
Wind Gen(MU),4,8,5,0,0,17,04-11-2014
Hydro,116,60,92,34,9,311,04-11-2014
Wind Gen(MU),2,9,6,0,0,16,05-11-2014
Total,769,993,715,309,37,2822,05-11-2014
Hydro,109,54,82,29,9,283,05-11-2014
Total,776,991,726,314,37,2844,06-11-2014
Wind Gen(MU),4,12,4,0,0,20,06-11-2014
Hydro,106,54,92,32,9,293,06-11-2014
Hydro,116,44,97,32,9,298,07-11-2014
Total,778,990,732,314,36,2851,07-11-2014
Wind Gen(MU),6,8,6,0,0,19,07-11-2014
Wind Gen(MU),9,15,10,0,0,34,08-11-2014
Hydro,120,37,101,29,9,295,08-11-2014
Total,783,989,731,313,36,2852,08-11-2014
Total,771,970,704,308,36,2789,09-11-2014
Hydro,114,33,88,28,8,271,09-11-2014
Wind Gen(MU),15,19,9,0,0,43,09-11-2014
Wind Gen(MU),9,22,6,0,0,37,10-11-2014
Total,762,995,725,317,36,2836,10-11-2014
Hydro,116,49,108,29,8,310,10-11-2014
Total,775,1009,732,320,35,2870,11-11-2014
Hydro,116,44,106,27,8,301,11-11-2014
Wind Gen(MU),3,28,11,0,0,41,11-11-2014
Total,773,1005,715,312,35,2841,12-11-2014
Hydro,112,33,96,24,8,274,12-11-2014
Wind Gen(MU),9,28,16,0,0,54,12-11-2014
Total,780,1009,680,316,36,2820,13-11-2014
Hydro,112,37,73,26,8,257,13-11-2014
Wind Gen(MU),10,34,24,0,0,67,13-11-2014
Total,771,994,666,307,36,2773,14-11-2014
Wind Gen(MU),3,37,18,0,0,59,14-11-2014
Hydro,111,39,82,25,8,266,14-11-2014
Hydro,110,27,77,25,8,246,15-11-2014
Wind Gen(MU),1,19,19,0,0,39,15-11-2014
Total,784,951,670,304,35,2744,15-11-2014
Total,764,920,650,296,32,2662,16-11-2014
Hydro,106,19,52,26,7,210,16-11-2014
Wind Gen(MU),1,7,21,0,0,29,16-11-2014
Total,770,941,691,303,34,2740,17-11-2014
Hydro,109,27,75,27,7,244,17-11-2014
Wind Gen(MU),2,6,28,0,0,37,17-11-2014
Hydro,111,34,82,27,7,261,18-11-2014
Wind Gen(MU),1,11,31,0,0,43,18-11-2014
Total,771,958,709,295,35,2767,18-11-2014
Total,772,959,704,297,34,2766,19-11-2014
Wind Gen(MU),1,12,25,0,0,39,19-11-2014
Hydro,108,33,86,27,7,262,19-11-2014
Wind Gen(MU),1,8,23,0,0,32,20-11-2014
Total,787,961,715,303,35,2800,20-11-2014
Hydro,103,34,89,24,7,256,20-11-2014
Wind Gen(MU),1,4,17,0,0,22,21-11-2014
Hydro,104,39,93,25,7,267,21-11-2014
Total,841,966,724,299,36,2865,21-11-2014
Hydro,102,31,91,29,8,260,22-11-2014
Total,774,969,719,302,33,2797,22-11-2014
Wind Gen(MU),0,37,11,0,0,49,22-11-2014
Hydro,95,23,80,26,8,231,23-11-2014
Total,744,946,680,290,35,2695,23-11-2014
Wind Gen(MU),4,6,18,0,0,28,23-11-2014
Hydro,101,32,94,29,8,264,24-11-2014
Total,771,971,711,300,35,2788,24-11-2014
Wind Gen(MU),8,10,24,0,0,42,24-11-2014
Hydro,96,36,97,21,8,259,25-11-2014
Wind Gen(MU),4,13,25,0,0,42,25-11-2014
Total,795,977,717,292,37,2816,25-11-2014
Wind Gen(MU),1,9,24,0,0,34,26-11-2014
Hydro,107,36,96,13,8,260,26-11-2014
Total,807,975,724,290,37,2833,26-11-2014
Hydro,107,42,96,23,7,276,27-11-2014
Total,799,977,725,296,36,2832,27-11-2014
Wind Gen(MU),10,8,17,0,0,35,27-11-2014
Total,801,969,716,292,36,2814,28-11-2014
Wind Gen(MU),3,5,9,0,0,17,28-11-2014
Hydro,99,39,105,18,7,267,28-11-2014
Hydro,96,42,104,21,7,269,29-11-2014
Total,813,967,704,293,37,2814,29-11-2014
Wind Gen(MU),2,5,9,0,0,16,29-11-2014
Hydro,97,37,73,25,7,239,30-11-2014
Total,802,938,679,291,33,2742,30-11-2014
Wind Gen(MU),3,11,17,0,0,32,30-11-2014
Wind Gen(MU),6,17,27,0,0,50,01-12-2014
Total,794,954,701,295,36,2780,01-12-2014
Hydro,95,44,91,24,7,262,01-12-2014
Wind Gen(MU),2,12,26,0,0,40,02-12-2014
Hydro,97,41,98,26,7,269,02-12-2014
Total,791,968,721,293,36,2809,02-12-2014
Total,800,965,725,295,37,2822,03-12-2014
Wind Gen(MU),1,9,19,0,0,29,03-12-2014
Hydro,102,43,103,24,7,278,03-12-2014
Wind Gen(MU),1,11,17,0,0,29,04-12-2014
Hydro,99,44,99,24,7,273,04-12-2014
Total,808,972,741,298,35,2854,04-12-2014
Total,785,963,747,286,34,2816,05-12-2014
Wind Gen(MU),2,21,16,0,0,39,05-12-2014
Hydro,98,36,96,18,7,255,05-12-2014
Wind Gen(MU),3,36,20,0,0,58,06-12-2014
Hydro,97,32,91,23,7,249,06-12-2014
Total,800,961,746,289,35,2830,06-12-2014
Wind Gen(MU),2,22,15,0,0,39,07-12-2014
Total,794,936,712,290,34,2767,07-12-2014
Hydro,94,36,64,23,7,224,07-12-2014
Total,812,958,745,291,36,2841,08-12-2014
Wind Gen(MU),1,13,10,0,0,24,08-12-2014
Hydro,97,48,84,22,7,258,08-12-2014
Hydro,100,56,81,27,6,270,09-12-2014
Total,819,977,769,297,36,2899,09-12-2014
Wind Gen(MU),2,13,12,0,0,27,09-12-2014
Wind Gen(MU),9,27,13,0,0,49,10-12-2014
Hydro,99,53,82,25,6,264,10-12-2014
Total,819,975,749,293,36,2872,10-12-2014
Total,825,982,730,291,37,2865,11-12-2014
Hydro,100,44,81,22,6,253,11-12-2014
Wind Gen(MU),19,28,11,0,0,57,11-12-2014
Wind Gen(MU),21,22,15,0,0,58,12-12-2014
Hydro,101,35,75,22,6,239,12-12-2014
Total,818,953,721,292,37,2821,12-12-2014
Hydro,95,26,71,28,6,227,13-12-2014
Total,790,867,704,308,37,2706,13-12-2014
Wind Gen(MU),14,18,12,0,0,43,13-12-2014
Wind Gen(MU),4,15,6,0,0,25,14-12-2014
Hydro,84,24,52,23,6,189,14-12-2014
Total,695,840,664,295,37,2530,14-12-2014
Wind Gen(MU),3,22,10,0,0,34,15-12-2014
Total,735,859,714,295,36,2639,15-12-2014
Hydro,95,28,67,24,6,220,15-12-2014
Hydro,95,33,62,22,6,219,16-12-2014
Total,771,863,733,291,37,2695,16-12-2014
Wind Gen(MU),3,44,24,0,0,71,16-12-2014
Wind Gen(MU),3,46,28,0,0,77,17-12-2014
Total,789,863,721,291,37,2701,17-12-2014
Hydro,96,27,61,26,6,217,17-12-2014
Wind Gen(MU),2,37,30,0,0,69,18-12-2014
Total,801,869,717,302,36,2725,18-12-2014
Hydro,94,167,59,26,6,352,18-12-2014
Total,808,880,722,301,36,2747,19-12-2014
Hydro,93,39,63,22,7,225,19-12-2014
Wind Gen(MU),3,31,24,0,0,58,19-12-2014
Wind Gen(MU),7,28,22,0,0,56,20-12-2014
Hydro,96,37,65,24,8,230,20-12-2014
Total,804,891,725,304,37,2760,20-12-2014
Total,786,884,691,302,36,2700,21-12-2014
Hydro,90,22,52,27,7,198,21-12-2014
Wind Gen(MU),0,13,12,0,0,25,21-12-2014
Total,798,907,723,307,36,2771,22-12-2014
Hydro,96,32,75,19,7,227,22-12-2014
Wind Gen(MU),3,12,17,0,0,32,22-12-2014
Hydro,96,41,84,14,7,241,23-12-2014
Wind Gen(MU),5,13,18,0,0,35,23-12-2014
Total,815,917,732,304,37,2804,23-12-2014
Hydro,96,48,72,22,6,244,24-12-2014
Total,822,922,739,300,38,2820,24-12-2014
Wind Gen(MU),8,18,14,0,0,39,24-12-2014
Hydro,97,46,67,26,7,243,25-12-2014
Total,830,919,734,305,38,2824,25-12-2014
Wind Gen(MU),3,23,10,0,0,37,25-12-2014
Total,836,923,736,300,35,2829,26-12-2014
Hydro,97,37,77,25,7,244,26-12-2014
Wind Gen(MU),1,33,15,0,0,49,26-12-2014
Total,880,914,732,295,37,2858,27-12-2014
Hydro,96,32,73,20,7,227,27-12-2014
Wind Gen(MU),1,25,18,0,0,43,27-12-2014
Wind Gen(MU),2,26,17,0,0,45,28-12-2014
Hydro,90,27,51,20,6,195,28-12-2014
Total,824,893,709,284,37,2747,28-12-2014
Total,845,917,726,286,36,2810,29-12-2014
Hydro,93,44,74,18,6,235,29-12-2014
Wind Gen(MU),4,22,7,0,0,33,29-12-2014
Hydro,95,42,80,16,6,239,30-12-2014
Wind Gen(MU),10,22,8,0,0,39,30-12-2014
Total,847,917,738,294,38,2833,30-12-2014
Hydro,94,39,83,19,7,241,31-12-2014
Total,850,875,752,301,38,2816,31-12-2014
Wind Gen(MU),16,31,7,0,0,54,31-12-2014
Total,827,767,736,294,38,2662,01-01-2015
Hydro,89,26,57,7,6,185,01-01-2015
Wind Gen(MU),21,36,14,0,0,71,01-01-2015
Wind Gen(MU),12,18,6,0,0,36,02-01-2015
Total,796,783,751,283,36,2648,02-01-2015
Hydro,92,33,70,23,6,223,02-01-2015
Wind Gen(MU),2,8,5,0,0,15,03-01-2015
Hydro,93,32,82,23,6,236,03-01-2015
Total,803,801,744,283,38,2669,03-01-2015
Hydro,85,23,58,29,5,201,04-01-2015
Wind Gen(MU),8,19,8,0,0,35,04-01-2015
Total,803,798,720,284,34,2639,04-01-2015
Total,803,820,749,292,35,2699,05-01-2015
Hydro,90,28,80,23,6,228,05-01-2015
Wind Gen(MU),1,24,15,0,0,41,05-01-2015
Hydro,93,33,78,18,6,228,06-01-2015
Wind Gen(MU),2,10,12,0,0,24,06-01-2015
Total,826,847,763,289,36,2762,06-01-2015
Wind Gen(MU),2,7,5,0,0,13,07-01-2015
Hydro,91,34,84,21,6,237,07-01-2015
Total,828,853,768,295,36,2779,07-01-2015
Hydro,91,43,84,20,6,244,08-01-2015
Wind Gen(MU),2,7,5,0,0,14,08-01-2015
Total,830,863,773,295,36,2797,08-01-2015
Total,844,864,778,303,36,2825,09-01-2015
Hydro,92,44,76,14,6,232,09-01-2015
Wind Gen(MU),3,11,12,0,0,25,09-01-2015
Hydro,82,47,67,18,7,222,10-01-2015
Total,839,874,776,304,36,2829,10-01-2015
Wind Gen(MU),2,12,19,0,0,33,10-01-2015
Hydro,90,39,53,19,7,208,11-01-2015
Wind Gen(MU),28,15,18,0,0,62,11-01-2015
Total,826,860,738,300,35,2760,11-01-2015
Wind Gen(MU),4,14,17,0,0,35,12-01-2015
Hydro,94,46,71,19,7,235,12-01-2015
Total,843,888,752,304,35,2822,12-01-2015
Total,835,897,758,311,35,2835,13-01-2015
Wind Gen(MU),4,13,15,0,0,31,13-01-2015
Hydro,92,81,77,18,7,275,13-01-2015
Wind Gen(MU),9,17,10,0,0,35,14-01-2015
Total,817,841,753,301,36,2749,14-01-2015
Hydro,90,47,88,17,7,249,14-01-2015
Hydro,91,55,76,19,7,248,15-01-2015
Total,814,865,705,303,34,2721,15-01-2015
Wind Gen(MU),8,33,12,0,0,53,15-01-2015
Total,827,887,692,303,36,2744,16-01-2015
Hydro,92,47,86,18,6,250,16-01-2015
Wind Gen(MU),5,28,12,0,0,45,16-01-2015
Hydro,93,54,96,21,6,271,17-01-2015
Wind Gen(MU),5,22,15,0,0,42,17-01-2015
Total,821,900,712,307,38,2779,17-01-2015
Hydro,91,47,80,23,7,248,18-01-2015
Total,803,889,709,304,36,2741,18-01-2015
Wind Gen(MU),25,17,15,0,0,56,18-01-2015
Wind Gen(MU),24,12,18,0,0,54,19-01-2015
Hydro,93,51,86,25,7,261,19-01-2015
Total,819,909,742,315,36,2821,19-01-2015
Wind Gen(MU),9,10,17,0,0,36,20-01-2015
Hydro,92,52,82,18,6,250,20-01-2015
Total,833,916,761,312,36,2859,20-01-2015
Total,842,912,763,307,35,2859,21-01-2015
Hydro,89,52,80,14,6,241,21-01-2015
Wind Gen(MU),5,6,19,0,0,30,21-01-2015
Total,769,885,768,308,36,2765,22-01-2015
Wind Gen(MU),5,12,14,0,0,31,22-01-2015
Hydro,82,49,80,18,6,234,22-01-2015
Total,791,881,778,302,36,2788,23-01-2015
Wind Gen(MU),6,21,15,0,0,42,23-01-2015
Hydro,85,52,85,16,5,243,23-01-2015
Hydro,83,56,67,20,5,231,24-01-2015
Wind Gen(MU),6,27,16,0,0,49,24-01-2015
Total,793,887,773,310,36,2798,24-01-2015
Total,778,846,738,302,36,2701,25-01-2015
Wind Gen(MU),7,28,20,0,0,55,25-01-2015
Hydro,81,57,50,19,5,212,25-01-2015
Total,745,802,728,297,35,2608,26-01-2015
Hydro,83,41,49,21,5,200,26-01-2015
Wind Gen(MU),4,22,20,0,0,46,26-01-2015
Hydro,84,54,58,20,5,221,27-01-2015
Wind Gen(MU),6,23,23,0,0,51,27-01-2015
Total,772,836,760,304,35,2708,27-01-2015
Total,797,874,783,304,36,2794,28-01-2015
Wind Gen(MU),10,34,18,0,0,62,28-01-2015
Hydro,81,52,67,21,5,225,28-01-2015
Wind Gen(MU),2,23,14,0,0,40,29-01-2015
Hydro,85,51,75,15,5,232,29-01-2015
Total,808,873,790,301,37,2809,29-01-2015
Total,821,881,795,303,35,2835,30-01-2015
Wind Gen(MU),5,28,21,0,0,54,30-01-2015
Hydro,83,45,69,14,5,217,30-01-2015
Wind Gen(MU),4,12,25,0,0,40,31-01-2015
Hydro,89,46,63,16,5,218,31-01-2015
Total,829,886,787,304,35,2841,31-01-2015
Total,794,866,753,301,36,2750,01-02-2015
Hydro,116,39,56,17,5,232,01-02-2015
Wind Gen(MU),3,8,17,0,0,28,01-02-2015
Hydro,92,48,58,16,5,220,02-02-2015
Wind Gen(MU),8,10,32,0,0,50,02-02-2015
Total,792,907,777,302,36,2813,02-02-2015
Wind Gen(MU),9,25,31,0,0,66,03-02-2015
Hydro,94,58,61,19,5,237,03-02-2015
Total,765,899,790,303,36,2793,03-02-2015
Hydro,90,51,66,23,5,235,04-02-2015
Total,796,913,792,306,35,2842,04-02-2015
Wind Gen(MU),8,43,33,0,0,84,04-02-2015
Hydro,94,44,73,20,5,236,05-02-2015
Total,799,919,797,310,36,2861,05-02-2015
Wind Gen(MU),7,30,28,0,0,66,05-02-2015
Wind Gen(MU),3,17,28,0,0,47,06-02-2015
Hydro,95,45,69,19,5,233,06-02-2015
Total,796,919,803,305,36,2860,06-02-2015
Total,789,921,797,307,36,2850,07-02-2015
Hydro,95,53,73,16,5,242,07-02-2015
Wind Gen(MU),5,20,25,0,0,50,07-02-2015
Total,780,884,764,304,36,2768,08-02-2015
Hydro,92,42,57,17,5,213,08-02-2015
Wind Gen(MU),21,20,14,0,0,55,08-02-2015
Hydro,93,48,65,18,5,229,09-02-2015
Wind Gen(MU),16,24,20,0,0,60,09-02-2015
Total,790,900,794,310,36,2830,09-02-2015
Total,802,915,804,318,37,2875,10-02-2015
Hydro,97,46,75,17,6,241,10-02-2015
Wind Gen(MU),10,42,22,0,0,74,10-02-2015
Total,816,888,806,314,37,2861,11-02-2015
Hydro,95,37,83,21,6,241,11-02-2015
Wind Gen(MU),2,28,16,0,0,46,11-02-2015
Hydro,95,40,86,19,6,245,12-02-2015
Wind Gen(MU),2,14,14,0,0,30,12-02-2015
Total,815,904,809,311,36,2874,12-02-2015
Hydro,102,40,88,17,4,252,13-02-2015
Total,824,911,825,314,34,2908,13-02-2015
Wind Gen(MU),17,13,8,0,0,38,13-02-2015
Wind Gen(MU),10,11,8,0,0,29,14-02-2015
Hydro,102,41,93,19,4,259,14-02-2015
Total,820,920,814,310,36,2900,14-02-2015
Total,809,971,786,310,36,2913,15-02-2015
Hydro,100,34,67,19,3,224,15-02-2015
Wind Gen(MU),9,9,6,0,0,24,15-02-2015
Wind Gen(MU),14,13,13,0,0,40,16-02-2015
Hydro,103,42,86,21,3,256,16-02-2015
Total,785,937,813,316,33,2885,16-02-2015
Total,808,940,827,317,36,2928,17-02-2015
Hydro,111,41,95,18,5,268,17-02-2015
Wind Gen(MU),7,18,7,0,0,32,17-02-2015
Hydro,112,37,90,19,4,262,18-02-2015
Total,810,951,817,312,36,2926,18-02-2015
Wind Gen(MU),2,15,8,0,0,25,18-02-2015
Hydro,115,39,94,20,4,273,19-02-2015
Total,821,966,819,310,35,2952,19-02-2015
Wind Gen(MU),7,11,9,0,0,27,19-02-2015
Wind Gen(MU),5,9,19,0,0,34,20-02-2015
Total,800,964,828,315,36,2942,20-02-2015
Hydro,122,45,93,17,4,282,20-02-2015
Wind Gen(MU),8,13,30,0,0,51,21-02-2015
Hydro,129,31,75,16,4,254,21-02-2015
Total,812,968,822,317,35,2954,21-02-2015
Hydro,125,37,59,13,4,236,22-02-2015
Total,789,958,788,316,34,2884,22-02-2015
Wind Gen(MU),7,10,24,0,0,40,22-02-2015
Total,798,977,808,338,32,2953,23-02-2015
Wind Gen(MU),10,11,27,0,0,48,23-02-2015
Hydro,131,42,74,21,4,271,23-02-2015
Hydro,131,50,77,23,4,285,24-02-2015
Total,793,993,827,350,36,2998,24-02-2015
Wind Gen(MU),10,20,21,0,0,51,24-02-2015
Wind Gen(MU),12,28,11,0,0,52,25-02-2015
Total,773,986,830,342,36,2967,25-02-2015
Hydro,136,43,84,26,4,293,25-02-2015
Total,786,971,837,347,33,2973,26-02-2015
Hydro,156,40,86,23,4,309,26-02-2015
Wind Gen(MU),6,23,9,0,0,37,26-02-2015
Hydro,149,39,92,25,4,309,27-02-2015
Total,807,957,838,340,32,2974,27-02-2015
Wind Gen(MU),6,15,10,0,0,30,27-02-2015
Hydro,126,38,91,20,6,282,28-02-2015
Total,794,924,820,337,24,2899,28-02-2015
Wind Gen(MU),20,16,10,0,0,46,28-02-2015
Total,592,752,783,330,38,2494,01-03-2015
Wind Gen(MU),2,24,14,0,0,41,01-03-2015
Total,614,722,757,333,35,2461,01-03-2015
Hydro,115,27,55,18,5,220,01-03-2015
Wind Gen(MU),7,27,16,0,0,49,01-03-2015
Hydro,129,36,66,20,6,257,01-03-2015
Hydro,136,42,74,21,5,278,03-03-2015
Total,679,813,803,329,34,2658,03-03-2015
Wind Gen(MU),5,9,9,0,0,23,03-03-2015
Wind Gen(MU),5,7,7,0,0,19,04-03-2015
Hydro,133,43,76,20,4,276,04-03-2015
Total,695,838,800,315,34,2683,04-03-2015
Wind Gen(MU),12,10,6,0,0,28,05-03-2015
Hydro,133,40,95,20,4,292,05-03-2015
Total,720,844,815,308,34,2720,05-03-2015
Wind Gen(MU),12,14,9,0,0,35,06-03-2015
Hydro,125,31,90,16,3,264,06-03-2015
Total,642,741,792,301,34,2509,06-03-2015
Wind Gen(MU),5,16,9,0,0,30,07-03-2015
Hydro,113,41,76,22,4,257,07-03-2015
Total,643,818,786,306,34,2587,07-03-2015
Hydro,113,40,64,19,4,240,08-03-2015
Wind Gen(MU),5,20,11,0,0,36,08-03-2015
Total,652,841,759,310,35,2597,08-03-2015
Hydro,119,41,83,24,4,271,09-03-2015
Wind Gen(MU),10,32,10,0,0,52,09-03-2015
Total,675,900,785,331,35,2725,09-03-2015
Hydro,121,39,81,24,4,267,10-03-2015
Total,711,901,809,337,36,2795,10-03-2015
Wind Gen(MU),15,45,20,0,0,80,10-03-2015
Wind Gen(MU),11,23,27,0,0,60,11-03-2015
Total,727,911,818,335,36,2827,11-03-2015
Hydro,123,37,71,23,4,257,11-03-2015
Total,735,904,829,337,36,2841,12-03-2015
Wind Gen(MU),15,41,29,0,0,85,12-03-2015
Hydro,116,35,76,21,4,252,12-03-2015
Total,731,871,843,345,36,2826,13-03-2015
Wind Gen(MU),10,15,26,0,0,51,13-03-2015
Hydro,117,34,91,23,3,269,13-03-2015
Wind Gen(MU),10,18,18,0,0,46,14-03-2015
Total,677,856,832,346,35,2746,14-03-2015
Hydro,110,40,93,26,3,272,14-03-2015
Wind Gen(MU),7,18,11,0,0,36,15-03-2015
Total,609,809,799,335,35,2586,15-03-2015
Hydro,112,36,70,23,3,244,15-03-2015
Wind Gen(MU),6,19,14,0,0,39,17-03-2015
Wind Gen(MU),3,12,10,0,0,25,17-03-2015
Total,636,864,827,343,36,2706,17-03-2015
Hydro,120,42,89,24,3,277,17-03-2015
Hydro,127,36,97,26,3,289,17-03-2015
Total,674,874,833,349,38,2767,17-03-2015
Wind Gen(MU),3,20,8,0,0,31,18-03-2015
Total,695,897,845,354,34,2825,18-03-2015
Hydro,128,41,99,24,3,295,18-03-2015
Wind Gen(MU),3,19,9,0,0,32,19-03-2015
Total,714,923,871,356,36,2900,19-03-2015
Hydro,126,45,103,21,4,298,19-03-2015
Hydro,126,55,91,25,3,300,21-03-2015
Wind Gen(MU),4,31,14,0,0,48,21-03-2015
Total,733,933,845,354,36,2902,21-03-2015
Hydro,123,50,81,23,3,279,22-03-2015
Total,725,927,815,345,36,2848,22-03-2015
Wind Gen(MU),6,17,10,0,0,33,22-03-2015
Total,760,965,861,351,36,2973,23-03-2015
Wind Gen(MU),6,17,8,0,0,31,23-03-2015
Hydro,132,57,116,22,3,331,23-03-2015
Wind Gen(MU),14,24,10,0,0,47,24-03-2015
Hydro,137,64,128,27,3,359,24-03-2015
Total,788,986,870,357,36,3037,24-03-2015
Wind Gen(MU),7,11,12,0,0,30,25-03-2015
Hydro,149,60,118,27,3,356,25-03-2015
Total,805,989,880,367,34,3075,25-03-2015
Wind Gen(MU),11,10,16,0,0,37,26-03-2015
Hydro,162,63,116,24,3,368,26-03-2015
Total,819,1013,893,368,37,3130,26-03-2015
Wind Gen(MU),9,12,18,0,0,39,27-03-2015
Total,799,993,878,354,36,3059,27-03-2015
Hydro,166,40,115,29,3,352,27-03-2015
Hydro,166,45,121,26,3,360,28-03-2015
Total,807,986,870,343,34,3040,28-03-2015
Wind Gen(MU),14,16,14,0,0,44,28-03-2015
Hydro,164,29,107,30,3,333,29-03-2015
Total,730,941,841,352,35,2900,29-03-2015
Wind Gen(MU),12,17,10,0,0,39,29-03-2015
Wind Gen(MU),5,25,12,0,0,42,30-03-2015
Hydro,164,37,111,26,3,341,30-03-2015
Total,685,945,856,329,35,2849,30-03-2015
Wind Gen(MU),6,24,7,0,0,37,31-03-2015
Hydro,163,42,109,33,3,350,31-03-2015
Total,731,961,861,317,33,2903,31-03-2015
Hydro,155,46,80,28,3,311,01-04-2015
Total,732,954,859,331,35,2910,01-04-2015
Wind Gen(MU),14,29,8,0,0,52,01-04-2015
Hydro,155,42,83,29,4,313,02-04-2015
Wind Gen(MU),16,41,11,0,0,69,02-04-2015
Total,734,964,862,330,32,2922,02-04-2015
Wind Gen(MU),12,55,20,0,0,86,03-04-2015
Total,668,957,862,341,31,2859,03-04-2015
Hydro,153,43,76,30,6,308,03-04-2015
Wind Gen(MU),4,46,14,0,0,64,04-04-2015
Total,645,951,855,338,28,2818,04-04-2015
Hydro,161,55,84,27,4,331,04-04-2015
Hydro,163,51,68,35,6,323,05-04-2015
Wind Gen(MU),2,24,11,0,0,36,05-04-2015
Total,662,944,838,322,22,2787,05-04-2015
Hydro,153,56,101,24,6,340,07-04-2015
Total,696,977,864,328,32,2897,07-04-2015
Wind Gen(MU),4,16,15,0,0,35,07-04-2015
Total,716,988,858,321,31,2915,08-04-2015
Hydro,153,62,100,29,6,349,08-04-2015
Wind Gen(MU),8,16,10,0,0,34,08-04-2015
Total,726,988,857,330,34,2934,09-04-2015
Wind Gen(MU),7,20,10,0,0,36,09-04-2015
Hydro,158,55,101,28,5,347,09-04-2015
Total,750,982,861,343,33,2968,10-04-2015
Hydro,148,52,89,28,4,321,10-04-2015
Wind Gen(MU),4,19,12,0,0,35,10-04-2015
Total,727,934,830,346,36,2872,11-04-2015
Wind Gen(MU),8,26,14,0,0,48,11-04-2015
Hydro,153,40,70,28,4,295,11-04-2015
Wind Gen(MU),20,16,9,0,0,45,12-04-2015
Hydro,152,41,44,18,3,258,12-04-2015
Total,690,840,745,333,36,2643,12-04-2015
Wind Gen(MU),22,17,7,0,0,46,13-04-2015
Hydro,153,38,61,33,4,289,13-04-2015
Total,710,872,723,344,36,2685,13-04-2015
Total,720,879,706,349,36,2689,14-04-2015
Hydro,158,46,64,36,4,307,14-04-2015
Wind Gen(MU),6,10,7,0,0,23,14-04-2015
Hydro,165,50,60,28,3,307,15-04-2015
Wind Gen(MU),28,11,8,0,0,47,15-04-2015
Total,751,907,718,348,36,2760,15-04-2015
Wind Gen(MU),4,9,6,0,0,19,16-04-2015
Total,743,935,734,348,37,2797,16-04-2015
Hydro,176,54,68,28,3,328,16-04-2015
Hydro,172,57,70,30,3,333,17-04-2015
Total,764,957,748,350,36,2855,17-04-2015
Wind Gen(MU),10,16,9,0,0,34,17-04-2015
Total,765,966,735,344,30,2840,18-04-2015
Hydro,173,54,73,43,4,347,18-04-2015
Wind Gen(MU),11,35,9,0,0,56,18-04-2015
Hydro,174,41,68,35,6,324,19-04-2015
Wind Gen(MU),19,28,14,0,0,60,19-04-2015
Total,757,965,738,344,29,2834,19-04-2015
Hydro,181,58,96,38,5,378,20-04-2015
Wind Gen(MU),11,26,10,0,0,47,20-04-2015
Total,791,1008,792,363,32,2986,20-04-2015
Total,842,965,804,358,32,3000,21-04-2015
Hydro,185,41,88,34,5,352,21-04-2015
Wind Gen(MU),6,28,7,0,0,41,21-04-2015
Hydro,187,60,74,31,5,357,22-04-2015
Total,841,1017,805,335,29,3027,22-04-2015
Wind Gen(MU),6,34,13,0,0,53,22-04-2015
Wind Gen(MU),7,41,18,0,0,65,23-04-2015
Total,852,1009,800,322,30,3013,23-04-2015
Hydro,186,46,70,34,8,344,23-04-2015
Hydro,197,36,54,34,12,332,24-04-2015
Wind Gen(MU),7,43,12,0,0,61,24-04-2015
Total,862,1000,757,301,30,2950,24-04-2015
Total,829,993,722,275,31,2850,25-04-2015
Hydro,201,30,56,27,7,321,25-04-2015
Wind Gen(MU),19,38,10,0,0,66,25-04-2015
Hydro,207,44,53,28,6,338,26-04-2015
Wind Gen(MU),13,29,5,0,0,47,26-04-2015
Total,802,949,709,299,34,2793,26-04-2015
Total,839,994,780,286,36,2935,28-04-2015
Hydro,224,35,69,21,6,355,28-04-2015
Wind Gen(MU),8,47,10,0,0,65,28-04-2015
Wind Gen(MU),3,40,17,0,0,60,29-04-2015
Total,859,1010,794,291,34,2987,29-04-2015
Hydro,219,43,68,36,7,373,29-04-2015
Hydro,215,33,69,43,9,369,30-04-2015
Wind Gen(MU),14,51,22,0,0,86,30-04-2015
Total,840,1010,786,324,34,2993,30-04-2015
Wind Gen(MU),5,31,20,0,0,56,01-05-2015
Total,837,954,751,325,34,2902,01-05-2015
Hydro,216,28,63,41,8,356,01-05-2015
Total,840,974,740,324,33,2911,03-05-2015
Hydro,210,28,60,46,10,353,03-05-2015
Wind Gen(MU),4,30,18,0,0,52,03-05-2015
Wind Gen(MU),5,26,12,0,0,43,04-05-2015
Hydro,211,47,70,44,8,380,04-05-2015
Total,881,985,778,330,32,3006,04-05-2015
Total,891,977,784,347,33,3031,05-05-2015
Wind Gen(MU),8,18,7,0,0,33,05-05-2015
Hydro,210,55,79,41,7,393,05-05-2015
Wind Gen(MU),16,24,10,0,0,49,06-05-2015
Hydro,235,42,68,40,6,391,06-05-2015
Total,915,987,791,352,34,3080,06-05-2015
Wind Gen(MU),18,25,12,0,0,55,07-05-2015
Hydro,252,43,71,39,7,411,07-05-2015
Total,915,1003,801,362,33,3113,07-05-2015
Total,958,999,809,358,33,3157,08-05-2015
Wind Gen(MU),20,27,10,0,0,57,08-05-2015
Hydro,272,38,69,39,8,425,08-05-2015
Total,984,999,795,354,36,3169,09-05-2015
Wind Gen(MU),12,27,18,0,0,56,09-05-2015
Hydro,280,38,71,36,7,431,09-05-2015
Hydro,288,36,68,37,6,435,10-05-2015
Total,964,949,760,353,38,3064,10-05-2015
Wind Gen(MU),10,34,14,0,0,57,10-05-2015
Wind Gen(MU),11,34,8,0,0,53,11-05-2015
Hydro,296,48,76,45,7,472,11-05-2015
Total,934,991,777,362,39,3103,11-05-2015
Hydro,296,46,72,41,7,461,12-05-2015
Total,916,997,774,343,36,3067,12-05-2015
Wind Gen(MU),6,26,8,0,0,41,12-05-2015
Wind Gen(MU),4,24,7,0,0,35,13-05-2015
Hydro,284,44,70,38,8,443,13-05-2015
Total,888,975,745,348,36,2991,13-05-2015
Total,879,956,751,354,38,2978,14-05-2015
Hydro,284,51,67,38,8,449,14-05-2015
Wind Gen(MU),3,14,10,0,0,28,14-05-2015
Hydro,285,54,67,42,10,459,15-05-2015
Wind Gen(MU),5,19,8,0,0,33,15-05-2015
Total,889,972,750,359,35,3006,15-05-2015
Hydro,279,50,62,49,14,453,16-05-2015
Wind Gen(MU),17,25,7,0,0,48,16-05-2015
Total,887,978,708,343,37,2954,16-05-2015
Total,906,958,659,331,35,2890,17-05-2015
Wind Gen(MU),21,39,8,0,0,68,17-05-2015
Hydro,282,37,43,50,9,421,17-05-2015
Hydro,283,42,52,45,8,430,18-05-2015
Total,934,992,696,351,36,3009,18-05-2015
Wind Gen(MU),19,48,23,0,0,91,18-05-2015
Wind Gen(MU),11,57,40,0,0,108,19-05-2015
Hydro,292,36,52,46,9,436,19-05-2015
Total,920,997,732,361,39,3050,19-05-2015
Wind Gen(MU),3,45,39,0,0,88,20-05-2015
Total,881,994,758,372,39,3044,20-05-2015
Hydro,304,68,57,47,9,485,20-05-2015
Total,954,1006,788,374,41,3163,21-05-2015
Wind Gen(MU),13,55,61,0,0,129,21-05-2015
Hydro,304,55,55,50,10,473,21-05-2015
Wind Gen(MU),17,59,63,0,0,139,22-05-2015
Hydro,305,58,62,47,9,480,22-05-2015
Total,969,1002,816,377,37,3201,22-05-2015
Total,975,990,811,375,31,3182,23-05-2015
Hydro,300,51,63,43,7,463,23-05-2015
Wind Gen(MU),19,76,61,0,0,155,23-05-2015
Hydro,300,48,61,47,8,464,24-05-2015
Total,951,959,777,369,31,3087,24-05-2015
Wind Gen(MU),18,85,57,0,0,160,24-05-2015
Wind Gen(MU),21,82,71,0,0,175,25-05-2015
Hydro,297,47,77,46,9,476,25-05-2015
Total,1000,997,815,370,33,3215,25-05-2015
Hydro,291,54,80,41,11,477,26-05-2015
Total,1006,1006,844,357,34,3247,26-05-2015
Wind Gen(MU),13,73,79,0,0,165,26-05-2015
Wind Gen(MU),21,62,67,0,0,150,27-05-2015
Total,1005,1024,820,368,35,3251,27-05-2015
Hydro,280,59,76,45,11,471,27-05-2015
Wind Gen(MU),16,53,34,0,0,103,28-05-2015
Total,986,1017,771,377,35,3186,28-05-2015
Hydro,280,58,71,44,11,465,28-05-2015
Wind Gen(MU),16,40,50,0,0,105,29-05-2015
Hydro,296,53,63,41,12,464,29-05-2015
Total,1025,1008,783,383,34,3232,29-05-2015
Hydro,298,36,58,41,13,446,30-05-2015
Wind Gen(MU),7,37,27,0,0,71,30-05-2015
Total,1016,992,761,382,35,3185,30-05-2015
Wind Gen(MU),16,62,35,0,0,113,01-06-2015
Total,949,974,734,360,35,3052,01-06-2015
Hydro,287,36,46,45,11,424,01-06-2015
Wind Gen(MU),9,37,43,0,0,89,01-06-2015
Total,887,977,726,366,34,2989,01-06-2015
Hydro,278,33,55,44,14,424,01-06-2015
Hydro,256,32,55,45,16,404,03-06-2015
Wind Gen(MU),8,67,50,0,0,125,03-06-2015
Total,906,971,745,374,35,3030,03-06-2015
Total,885,964,752,372,36,3009,04-06-2015
Hydro,251,37,58,42,13,401,04-06-2015
Wind Gen(MU),5,27,21,0,0,53,04-06-2015
Total,898,980,761,372,38,3049,05-06-2015
Hydro,250,50,58,48,13,417,05-06-2015
Wind Gen(MU),5,17,21,0,0,43,05-06-2015
Total,931,966,755,372,38,3062,06-06-2015
Hydro,249,25,56,39,13,382,06-06-2015
Wind Gen(MU),3,22,26,0,0,51,06-06-2015
Total,954,971,744,369,37,3074,07-06-2015
Hydro,267,28,54,39,14,402,07-06-2015
Wind Gen(MU),5,21,33,0,0,60,07-06-2015
Hydro,274,17,41,37,18,387,08-06-2015
Total,972,936,707,358,37,3010,08-06-2015
Wind Gen(MU),9,25,44,0,0,79,08-06-2015
Total,1009,939,749,372,38,3107,09-06-2015
Hydro,289,23,46,41,18,416,09-06-2015
Wind Gen(MU),12,22,54,0,0,88,09-06-2015
Hydro,294,21,45,44,17,422,10-06-2015
Wind Gen(MU),23,32,59,0,0,113,10-06-2015
Hydro,299,21,54,50,17,441,10-06-2015
Total,1035,956,767,375,31,3164,10-06-2015
Total,1013,949,763,373,37,3136,10-06-2015
Wind Gen(MU),14,37,63,0,0,114,10-06-2015
Hydro,311,23,38,56,18,445,11-06-2015
Total,1030,935,788,356,34,3143,11-06-2015
Wind Gen(MU),14,23,74,0,0,110,11-06-2015
Hydro,254,18,40,60,16,387,12-06-2015
Wind Gen(MU),19,31,64,0,0,114,12-06-2015
Total,1049,908,769,338,35,3099,12-06-2015
Wind Gen(MU),28,42,72,0,0,142,13-06-2015
Total,941,876,758,343,34,2953,13-06-2015
Hydro,283,14,33,53,15,398,13-06-2015
Total,891,827,697,325,35,2775,14-06-2015
Hydro,292,20,28,47,17,403,14-06-2015
Wind Gen(MU),23,58,59,0,0,140,14-06-2015
Total,978,861,740,336,35,2950,15-06-2015
Hydro,300,21,33,51,17,422,15-06-2015
Wind Gen(MU),18,60,68,0,0,146,15-06-2015
Total,999,874,744,346,37,2999,16-06-2015
Hydro,281,25,31,55,17,408,16-06-2015
Wind Gen(MU),8,35,67,0,0,110,16-06-2015
Total,1055,867,734,353,38,3047,17-06-2015
Hydro,297,25,26,53,16,418,17-06-2015
Wind Gen(MU),7,26,71,0,0,104,17-06-2015
Total,1074,866,720,368,38,3065,18-06-2015
Wind Gen(MU),2,33,66,0,0,101,18-06-2015
Hydro,306,19,27,53,17,422,18-06-2015
Hydro,319,22,32,52,17,442,19-06-2015
Wind Gen(MU),8,36,75,0,0,119,19-06-2015
Total,1107,851,698,361,39,3057,19-06-2015
Hydro,317,22,39,45,15,438,20-06-2015
Wind Gen(MU),10,49,77,0,0,137,20-06-2015
Total,1067,864,677,351,40,2999,20-06-2015
Wind Gen(MU),5,65,77,0,0,147,21-06-2015
Hydro,308,21,36,47,15,427,21-06-2015
Total,1012,834,633,333,38,2849,21-06-2015
Wind Gen(MU),5,54,94,0,0,153,22-06-2015
Hydro,326,27,51,50,14,468,22-06-2015
Total,1062,816,674,330,36,2918,22-06-2015
Hydro,322,29,59,70,16,495,23-06-2015
Total,1036,811,725,341,37,2950,23-06-2015
Wind Gen(MU),10,51,87,0,0,148,23-06-2015
Total,997,732,749,345,39,2862,24-06-2015
Wind Gen(MU),6,70,101,0,0,176,24-06-2015
Hydro,323,25,62,67,17,492,24-06-2015
Hydro,300,33,61,70,18,481,25-06-2015
Wind Gen(MU),6,87,111,0,0,203,25-06-2015
Total,895,768,753,346,40,2802,25-06-2015
Wind Gen(MU),18,83,113,0,0,215,26-06-2015
Total,969,808,777,349,38,2941,26-06-2015
Hydro,290,18,65,70,16,459,26-06-2015
Total,1029,852,758,331,36,3006,27-06-2015
Wind Gen(MU),18,87,102,0,0,207,27-06-2015
Hydro,299,36,62,67,20,484,27-06-2015
Hydro,312,33,64,70,21,501,28-06-2015
Wind Gen(MU),15,57,92,0,0,164,28-06-2015
Total,1030,853,742,314,38,2977,28-06-2015
Wind Gen(MU),16,50,77,0,0,144,29-06-2015
Hydro,323,27,71,69,22,512,29-06-2015
Total,983,891,789,338,39,3040,29-06-2015
Wind Gen(MU),14,57,76,0,0,147,30-06-2015
Total,948,908,802,344,42,3044,30-06-2015
Hydro,325,25,64,72,22,508,30-06-2015
Total,993,902,810,353,41,3098,01-07-2015
Hydro,324,20,79,68,19,511,01-07-2015
Wind Gen(MU),22,73,89,0,0,184,01-07-2015
Total,1036,915,818,351,41,3161,02-07-2015
Hydro,328,22,79,70,19,518,02-07-2015
Wind Gen(MU),21,69,89,0,0,179,02-07-2015
Hydro,328,21,76,77,19,521,04-07-2015
Total,1093,941,818,357,40,3248,04-07-2015
Wind Gen(MU),34,96,111,0,0,241,04-07-2015
Wind Gen(MU),34,114,112,0,0,260,05-07-2015
Total,1090,914,787,350,39,3179,05-07-2015
Hydro,326,13,63,73,23,497,05-07-2015
Total,1014,945,823,355,39,3176,06-07-2015
Hydro,318,17,74,73,21,504,06-07-2015
Wind Gen(MU),32,117,124,0,0,273,06-07-2015
Total,1000,965,841,362,40,3208,07-07-2015
Wind Gen(MU),20,104,118,0,0,242,07-07-2015
Hydro,322,22,89,76,21,529,07-07-2015
Wind Gen(MU),14,91,127,0,0,232,08-07-2015
Total,1015,962,846,351,38,3213,08-07-2015
Hydro,333,26,84,70,20,533,08-07-2015
Total,1011,945,840,348,41,3185,09-07-2015
Hydro,311,20,75,69,19,495,09-07-2015
Wind Gen(MU),27,103,120,0,0,250,09-07-2015
Wind Gen(MU),27,108,120,0,0,254,10-07-2015
Hydro,285,19,77,72,19,472,10-07-2015
Total,921,947,847,317,41,3073,10-07-2015
Hydro,320,29,71,82,21,524,11-07-2015
Wind Gen(MU),7,81,117,0,0,204,11-07-2015
Total,860,945,837,327,40,3010,11-07-2015
Total,941,1014,858,365,39,3217,14-07-2015
Wind Gen(MU),30,54,90,0,0,173,14-07-2015
Hydro,338,58,85,73,18,572,14-07-2015
Wind Gen(MU),33,79,92,0,0,204,15-07-2015
Hydro,331,37,77,76,21,541,15-07-2015
Total,1015,1033,833,372,37,3289,15-07-2015
Wind Gen(MU),24,90,112,0,0,226,16-07-2015
Total,1021,1029,836,350,40,3276,16-07-2015
Hydro,303,39,70,81,24,516,16-07-2015
Hydro,317,25,62,76,23,503,17-07-2015
Total,1014,1015,822,341,41,3234,17-07-2015
Wind Gen(MU),17,93,121,0,0,231,17-07-2015
Wind Gen(MU),10,90,112,0,0,211,18-07-2015
Hydro,334,13,59,66,20,492,18-07-2015
Total,1008,968,804,333,41,3154,18-07-2015
Total,967,900,740,330,39,2976,19-07-2015
Hydro,336,11,51,68,19,486,19-07-2015
Total,976,921,773,339,38,3048,19-07-2015
Wind Gen(MU),15,90,103,0,0,208,19-07-2015
Wind Gen(MU),8,78,99,0,0,185,19-07-2015
Hydro,336,22,63,76,18,515,19-07-2015
Total,991,907,799,343,39,3079,21-07-2015
Hydro,324,23,60,73,20,501,21-07-2015
Wind Gen(MU),5,55,102,0,0,161,21-07-2015
Wind Gen(MU),3,40,89,0,0,132,22-07-2015
Hydro,296,30,54,73,22,475,22-07-2015
Total,1018,876,792,336,39,3061,22-07-2015
Total,1043,870,788,342,39,3082,23-07-2015
Hydro,344,29,57,77,24,532,23-07-2015
Wind Gen(MU),2,29,91,0,0,122,23-07-2015
Wind Gen(MU),3,50,83,0,0,136,24-07-2015
Total,1040,854,798,341,38,3070,24-07-2015
Hydro,359,28,69,75,25,555,24-07-2015
Wind Gen(MU),4,88,102,0,0,194,25-07-2015
Hydro,355,26,71,76,25,552,25-07-2015
Total,1026,819,805,340,37,3027,25-07-2015
Total,950,812,762,314,41,2878,26-07-2015
Hydro,350,27,57,64,20,519,26-07-2015
Wind Gen(MU),7,101,94,0,0,202,26-07-2015
Wind Gen(MU),11,103,88,0,0,201,27-07-2015
Hydro,372,38,82,67,20,579,27-07-2015
Total,999,793,792,320,40,2944,27-07-2015
Hydro,377,52,90,72,18,608,28-07-2015
Wind Gen(MU),4,90,74,0,0,168,28-07-2015
Total,1006,777,810,327,41,2961,28-07-2015
Hydro,374,52,100,76,18,619,29-07-2015
Total,1007,793,821,350,42,3011,29-07-2015
Wind Gen(MU),6,97,79,0,0,182,29-07-2015
Total,1012,819,834,347,40,3051,30-07-2015
Hydro,374,54,94,76,18,616,30-07-2015
Wind Gen(MU),12,95,90,0,0,197,30-07-2015
Total,1009,840,827,341,37,3055,31-07-2015
Hydro,365,65,106,83,18,636,31-07-2015
Wind Gen(MU),22,85,77,0,0,183,31-07-2015
Total,967,850,801,319,40,2976,01-08-2015
Hydro,361,60,98,80,22,622,01-08-2015
Wind Gen(MU),19,85,66,0,0,170,01-08-2015
Wind Gen(MU),14,72,59,0,0,146,02-08-2015
Hydro,372,54,72,76,23,597,02-08-2015
Total,940,834,770,306,40,2890,02-08-2015
Wind Gen(MU),16,66,71,0,0,152,03-08-2015
Total,992,854,788,328,41,3003,03-08-2015
Hydro,371,53,89,80,20,613,03-08-2015
Wind Gen(MU),14,86,92,0,0,192,04-08-2015
Hydro,324,44,79,81,20,548,04-08-2015
Total,1015,836,793,344,40,3027,04-08-2015
Wind Gen(MU),14,94,101,0,0,209,05-08-2015
Hydro,330,57,71,80,20,558,05-08-2015
Total,1025,821,787,348,40,3020,05-08-2015
Hydro,364,63,68,75,20,590,06-08-2015
Total,1048,840,796,357,42,3083,06-08-2015
Wind Gen(MU),11,82,97,0,0,190,06-08-2015
Wind Gen(MU),17,55,102,0,0,174,07-08-2015
Hydro,367,60,76,64,22,589,07-08-2015
Total,1033,875,812,361,40,3121,07-08-2015
Hydro,363,58,76,82,22,602,08-08-2015
Total,1004,900,819,365,40,3128,08-08-2015
Wind Gen(MU),18,41,113,0,0,171,08-08-2015
Total,960,887,778,361,39,3025,09-08-2015
Hydro,334,63,58,84,21,559,09-08-2015
Wind Gen(MU),14,29,104,0,0,147,09-08-2015
Wind Gen(MU),9,23,110,0,0,142,10-08-2015
Hydro,330,75,90,88,22,605,10-08-2015
Total,991,923,809,373,41,3136,10-08-2015
Wind Gen(MU),2,19,116,0,0,138,11-08-2015
Hydro,368,72,94,84,21,639,11-08-2015
Total,1003,918,803,371,41,3136,11-08-2015
Wind Gen(MU),2,26,112,0,0,140,12-08-2015
Hydro,363,75,104,82,21,644,12-08-2015
Total,995,903,794,371,39,3102,12-08-2015
Hydro,380,93,95,81,22,670,13-08-2015
Total,1021,891,795,376,42,3125,13-08-2015
Wind Gen(MU),6,35,98,0,0,139,13-08-2015
Hydro,371,99,99,75,21,665,14-08-2015
Wind Gen(MU),4,33,96,0,0,132,14-08-2015
Total,1027,882,809,374,41,3133,14-08-2015
Wind Gen(MU),6,39,82,0,0,128,15-08-2015
Total,945,818,778,358,39,2938,15-08-2015
Hydro,369,97,90,73,21,649,15-08-2015
Hydro,371,58,96,71,23,618,16-08-2015
Wind Gen(MU),7,42,35,0,0,85,16-08-2015
Total,901,838,743,347,38,2867,16-08-2015
Wind Gen(MU),15,36,12,0,0,63,17-08-2015
Hydro,388,99,113,69,24,693,17-08-2015
Total,980,886,767,352,40,3024,17-08-2015
Total,993,912,784,351,38,3078,18-08-2015
Hydro,389,99,108,70,27,692,18-08-2015
Wind Gen(MU),23,30,9,0,0,62,18-08-2015
Wind Gen(MU),26,38,18,0,0,82,19-08-2015
Hydro,325,97,103,76,28,628,19-08-2015
Total,990,923,788,354,39,3094,19-08-2015
Total,1012,933,791,359,36,3131,20-08-2015
Hydro,370,93,102,76,27,668,20-08-2015
Wind Gen(MU),29,59,41,0,0,128,20-08-2015
Hydro,368,92,91,80,27,658,21-08-2015
Total,1033,947,769,360,37,3146,21-08-2015
Wind Gen(MU),27,74,54,0,0,155,21-08-2015
Wind Gen(MU),25,75,58,0,0,158,22-08-2015
Hydro,369,89,78,76,28,640,22-08-2015
Total,1011,948,743,355,40,3097,22-08-2015
Wind Gen(MU),24,81,61,0,0,166,23-08-2015
Hydro,355,73,58,75,28,589,23-08-2015
Total,981,940,715,354,39,3029,23-08-2015
Total,1010,980,762,366,40,3158,24-08-2015
Hydro,343,78,84,76,29,610,24-08-2015
Wind Gen(MU),20,74,75,0,0,169,24-08-2015
Hydro,336,79,88,75,29,606,25-08-2015
Total,1061,988,794,364,42,3249,25-08-2015
Wind Gen(MU),19,65,83,0,0,167,25-08-2015
Total,1096,989,801,362,42,3290,26-08-2015
Wind Gen(MU),23,53,79,0,0,155,26-08-2015
Hydro,339,62,93,75,29,597,26-08-2015
Total,1094,995,790,370,40,3289,27-08-2015
Hydro,334,57,81,74,29,575,27-08-2015
Wind Gen(MU),13,41,81,0,0,135,27-08-2015
Hydro,335,50,69,79,28,561,28-08-2015
Total,1120,995,788,375,41,3320,28-08-2015
Wind Gen(MU),5,31,89,0,0,125,28-08-2015
Total,1101,928,783,376,40,3228,29-08-2015
Hydro,330,40,68,88,28,554,29-08-2015
Wind Gen(MU),13,32,84,0,0,129,29-08-2015
Total,1090,925,764,368,39,3185,30-08-2015
Hydro,316,41,64,85,29,534,30-08-2015
Wind Gen(MU),21,39,77,0,0,138,30-08-2015
Wind Gen(MU),19,44,62,0,0,125,31-08-2015
Hydro,325,39,85,78,29,556,31-08-2015
Total,1134,970,798,366,37,3305,31-08-2015
Hydro,319,39,92,83,26,558,01-09-2015
Wind Gen(MU),19,40,58,0,0,118,01-09-2015
Total,1123,987,812,368,38,3328,01-09-2015
Total,1124,999,793,356,38,3309,02-09-2015
Wind Gen(MU),23,29,45,0,0,98,02-09-2015
Hydro,315,46,86,81,24,552,02-09-2015
Wind Gen(MU),15,13,16,0,0,43,03-09-2015
Total,1114,1015,791,362,39,3321,03-09-2015
Hydro,314,46,98,79,24,561,03-09-2015
Hydro,311,48,95,83,24,560,04-09-2015
Wind Gen(MU),3,11,16,0,0,30,04-09-2015
Total,1126,1017,773,365,39,3320,04-09-2015
Total,1128,1007,768,367,40,3309,05-09-2015
Hydro,298,48,86,81,24,537,05-09-2015
Wind Gen(MU),9,16,8,0,0,34,05-09-2015
Wind Gen(MU),13,24,23,0,0,60,06-09-2015
Hydro,286,29,61,74,25,474,06-09-2015
Total,1100,984,734,350,41,3208,06-09-2015
Wind Gen(MU),9,22,25,0,0,56,07-09-2015
Hydro,287,50,64,80,25,506,07-09-2015
Total,1107,1033,723,367,41,3270,07-09-2015
Wind Gen(MU),6,15,35,0,0,55,08-09-2015
Hydro,276,52,61,75,23,487,08-09-2015
Total,1110,1033,728,367,41,3279,08-09-2015
Wind Gen(MU),4,10,61,0,0,75,09-09-2015
Total,1131,1028,739,375,43,3317,09-09-2015
Hydro,265,27,57,78,21,448,09-09-2015
Wind Gen(MU),4,10,51,0,0,65,09-09-2015
Total,1113,1033,739,374,42,3301,09-09-2015
Hydro,248,39,61,76,21,445,09-09-2015
Hydro,270,28,47,76,21,442,09-09-2015
Wind Gen(MU),6,13,39,0,0,57,09-09-2015
Total,1147,1031,748,375,41,3342,09-09-2015
Wind Gen(MU),7,19,62,0,0,88,12-09-2015
Hydro,283,25,43,71,21,442,12-09-2015
Total,1142,1002,757,368,41,3309,12-09-2015
Hydro,282,18,35,70,20,425,13-09-2015
Wind Gen(MU),11,25,71,0,0,106,13-09-2015
Total,1125,925,724,356,41,3172,13-09-2015
Hydro,289,20,37,67,20,431,14-09-2015
Total,1141,974,754,362,41,3272,14-09-2015
Wind Gen(MU),14,34,80,0,0,129,14-09-2015
Total,1147,977,772,360,43,3299,15-09-2015
Wind Gen(MU),16,32,85,0,0,132,15-09-2015
Hydro,282,25,41,68,19,435,15-09-2015
Wind Gen(MU),6,33,99,0,0,139,16-09-2015
Hydro,278,26,48,70,19,441,16-09-2015
Total,1103,1013,779,351,42,3288,16-09-2015
Hydro,259,19,43,68,17,406,17-09-2015
Wind Gen(MU),5,44,91,0,0,140,17-09-2015
Total,1075,898,751,365,43,3131,17-09-2015
Hydro,246,53,56,68,17,440,18-09-2015
Total,1034,853,788,361,40,3076,18-09-2015
Total,1082,875,772,359,44,3131,18-09-2015
Hydro,249,28,52,66,17,412,18-09-2015
Wind Gen(MU),12,70,96,0,0,178,18-09-2015
Wind Gen(MU),12,61,79,0,0,152,18-09-2015
Total,945,822,750,354,36,2907,20-09-2015
Hydro,242,44,47,65,18,416,20-09-2015
Wind Gen(MU),11,31,79,0,0,121,20-09-2015
Wind Gen(MU),8,35,54,0,0,97,21-09-2015
Hydro,243,38,61,66,19,427,21-09-2015
Total,940,835,771,351,40,2938,21-09-2015
Wind Gen(MU),6,31,48,0,0,85,22-09-2015
Hydro,227,38,71,65,21,422,22-09-2015
Total,899,873,801,351,41,2966,22-09-2015
Total,876,912,795,336,41,2960,23-09-2015
Hydro,248,35,76,64,21,444,23-09-2015
Wind Gen(MU),20,23,21,0,0,64,23-09-2015
Wind Gen(MU),13,21,13,0,0,46,24-09-2015
Total,878,940,776,346,40,2981,24-09-2015
Hydro,236,26,71,64,23,420,24-09-2015
Wind Gen(MU),25,31,19,0,0,75,25-09-2015
Hydro,256,22,68,69,24,439,25-09-2015
Total,905,944,781,340,41,3010,25-09-2015
Wind Gen(MU),23,24,23,0,0,69,26-09-2015
Hydro,245,25,61,70,24,425,26-09-2015
Total,910,959,762,348,41,3020,26-09-2015
Hydro,233,31,41,65,20,390,27-09-2015
Wind Gen(MU),9,13,16,0,0,39,27-09-2015
Total,895,935,735,356,41,2962,27-09-2015
Total,937,995,754,366,42,3095,28-09-2015
Hydro,227,42,56,64,19,408,28-09-2015
Wind Gen(MU),4,9,8,0,0,21,28-09-2015
Wind Gen(MU),3,18,9,0,0,30,29-09-2015
Total,922,1032,769,377,42,3141,29-09-2015
Hydro,201,32,49,64,18,364,29-09-2015
Hydro,187,31,45,54,18,334,30-09-2015
Total,946,1029,762,376,41,3155,30-09-2015
Wind Gen(MU),3,36,15,0,0,54,30-09-2015
Wind Gen(MU),1,20,8,0,0,30,01-10-2015
Total,967,1032,750,380,43,3173,01-10-2015
Hydro,199,28,41,44,17,330,01-10-2015
Total,940,1013,728,387,41,3109,03-10-2015
Hydro,185,23,42,65,15,330,03-10-2015
Wind Gen(MU),15,13,30,0,0,58,03-10-2015
Hydro,192,22,36,63,15,327,04-10-2015
Wind Gen(MU),21,13,17,0,0,50,04-10-2015
Total,947,996,686,378,41,3048,04-10-2015
Hydro,201,31,45,68,14,358,05-10-2015
Total,986,1029,703,382,42,3141,05-10-2015
Wind Gen(MU),6,8,17,0,0,31,05-10-2015
Total,986,1045,724,380,41,3177,06-10-2015
Hydro,195,33,43,59,13,343,06-10-2015
Wind Gen(MU),3,16,13,0,0,32,06-10-2015
Total,1005,1062,740,377,42,3226,07-10-2015
Wind Gen(MU),2,20,15,0,0,36,07-10-2015
Hydro,191,31,46,57,14,337,07-10-2015
Total,999,1077,760,372,40,3248,08-10-2015
Hydro,188,32,54,51,18,344,08-10-2015
Wind Gen(MU),4,18,18,0,0,40,08-10-2015
Total,1008,1076,768,379,39,3270,09-10-2015
Wind Gen(MU),14,8,26,0,0,48,09-10-2015
Hydro,188,28,53,51,18,337,09-10-2015
Hydro,190,36,51,52,18,348,10-10-2015
Total,978,1077,771,374,40,3240,10-10-2015
Wind Gen(MU),31,19,41,0,0,90,10-10-2015
Hydro,176,29,48,55,17,324,11-10-2015
Wind Gen(MU),21,12,19,0,0,52,11-10-2015
Total,948,1035,730,375,40,3128,11-10-2015
Hydro,173,36,52,53,16,330,12-10-2015
Wind Gen(MU),14,4,4,0,0,22,12-10-2015
Total,956,1076,750,374,39,3195,12-10-2015
Total,970,1093,770,370,40,3243,13-10-2015
Wind Gen(MU),15,5,4,0,0,25,13-10-2015
Hydro,171,48,56,51,16,343,13-10-2015
Wind Gen(MU),11,7,6,0,0,24,14-10-2015
Hydro,171,62,53,54,15,354,14-10-2015
Total,930,1102,794,364,39,3228,14-10-2015
Wind Gen(MU),4,12,5,0,0,21,15-10-2015
Hydro,168,59,69,48,16,360,15-10-2015
Total,915,1108,798,360,39,3221,15-10-2015
Wind Gen(MU),3,17,7,0,0,27,16-10-2015
Hydro,166,49,66,55,16,352,16-10-2015
Total,925,1105,820,369,39,3258,16-10-2015
Hydro,161,52,54,55,16,338,17-10-2015
Wind Gen(MU),2,15,9,0,0,26,17-10-2015
Total,933,1108,804,363,41,3248,17-10-2015
Hydro,151,38,46,53,16,304,18-10-2015
Total,896,1075,775,365,41,3151,18-10-2015
Wind Gen(MU),9,8,8,0,0,25,18-10-2015
Hydro,159,49,51,59,15,333,19-10-2015
Wind Gen(MU),15,8,11,0,0,34,19-10-2015
Total,913,1124,804,380,40,3261,19-10-2015
Total,938,1131,819,372,41,3301,20-10-2015
Hydro,166,39,46,49,15,316,20-10-2015
Wind Gen(MU),8,10,9,0,0,26,20-10-2015
Total,916,1114,802,357,39,3228,21-10-2015
Wind Gen(MU),10,7,11,0,0,28,21-10-2015
Hydro,157,31,48,48,15,298,21-10-2015
Hydro,151,32,41,48,15,287,22-10-2015
Wind Gen(MU),4,6,9,0,0,19,22-10-2015
Total,860,1032,790,348,37,3066,22-10-2015
Wind Gen(MU),3,6,9,0,0,18,23-10-2015
Hydro,156,56,52,53,15,332,23-10-2015
Total,874,1070,806,346,34,3131,23-10-2015
Hydro,157,42,48,44,15,305,24-10-2015
Wind Gen(MU),11,7,18,0,0,35,24-10-2015
Total,851,1095,818,327,35,3126,24-10-2015
Hydro,156,34,33,39,15,275,25-10-2015
Wind Gen(MU),11,10,18,0,0,38,25-10-2015
Total,824,1068,788,326,38,3044,25-10-2015
Total,802,1077,812,346,38,3076,26-10-2015
Hydro,160,30,48,42,15,296,26-10-2015
Wind Gen(MU),12,10,13,0,0,34,26-10-2015
Wind Gen(MU),15,14,7,0,0,35,27-10-2015
Total,831,1079,823,354,39,3127,27-10-2015
Hydro,149,39,47,43,15,292,27-10-2015
Hydro,145,24,45,39,14,267,28-10-2015
Total,780,1041,801,352,39,3013,28-10-2015
Wind Gen(MU),14,30,9,0,0,52,28-10-2015
Total,741,1009,769,340,39,2898,29-10-2015
Hydro,146,24,40,38,14,262,29-10-2015
Wind Gen(MU),9,36,6,0,0,51,29-10-2015
Total,773,1005,805,334,39,2955,30-10-2015
Wind Gen(MU),9,14,6,0,0,29,30-10-2015
Hydro,149,34,40,37,14,274,30-10-2015
Hydro,147,32,43,37,13,273,31-10-2015
Wind Gen(MU),10,34,9,0,0,52,31-10-2015
Total,772,1013,782,341,40,2948,31-10-2015
Hydro,147,22,38,35,12,254,01-11-2015
Wind Gen(MU),9,28,11,0,0,47,01-11-2015
Total,765,995,736,340,38,2875,01-11-2015
Wind Gen(MU),8,19,7,0,0,33,02-11-2015
Hydro,149,40,43,37,12,281,02-11-2015
Total,794,1029,751,348,38,2959,02-11-2015
Wind Gen(MU),6,10,5,0,0,21,03-11-2015
Hydro,146,40,50,47,11,294,03-11-2015
Total,799,1045,763,352,38,2996,03-11-2015
Wind Gen(MU),7,10,5,0,0,21,04-11-2015
Hydro,143,52,43,40,12,290,04-11-2015
Total,801,1050,761,354,37,3004,04-11-2015
Total,765,1050,759,353,38,2966,05-11-2015
Hydro,136,32,49,38,12,267,05-11-2015
Wind Gen(MU),10,12,4,0,0,26,05-11-2015
Wind Gen(MU),15,9,10,0,0,34,06-11-2015
Total,790,1045,772,351,40,2997,06-11-2015
Hydro,143,22,48,36,12,261,06-11-2015
Total,797,1041,764,330,39,2972,07-11-2015
Wind Gen(MU),8,25,12,0,0,45,07-11-2015
Hydro,141,25,41,38,11,255,07-11-2015
Hydro,133,20,37,35,10,237,08-11-2015
Total,781,1016,709,336,38,2880,08-11-2015
Wind Gen(MU),16,21,18,0,0,55,08-11-2015
Wind Gen(MU),16,18,27,0,0,60,09-11-2015
Hydro,143,27,30,35,11,244,09-11-2015
Total,822,1032,657,345,39,2895,09-11-2015
Wind Gen(MU),13,25,34,0,0,72,10-11-2015
Hydro,139,19,37,30,10,234,10-11-2015
Total,823,997,608,335,38,2801,10-11-2015
Total,783,891,624,331,38,2668,11-11-2015
Hydro,139,16,37,27,10,228,11-11-2015
Wind Gen(MU),12,39,32,0,0,84,11-11-2015
Wind Gen(MU),9,26,14,0,0,49,12-11-2015
Hydro,139,19,44,27,11,240,12-11-2015
Total,742,850,659,338,38,2627,12-11-2015
Wind Gen(MU),2,12,9,0,0,23,13-11-2015
Hydro,139,20,44,27,10,239,13-11-2015
Total,766,876,681,339,38,2700,13-11-2015
Total,790,906,686,338,38,2758,14-11-2015
Wind Gen(MU),4,15,17,0,0,35,14-11-2015
Hydro,135,23,35,26,9,228,14-11-2015
Total,784,963,650,339,38,2774,15-11-2015
Hydro,140,24,36,24,9,233,15-11-2015
Wind Gen(MU),7,27,14,0,0,49,15-11-2015
Hydro,134,24,27,26,9,220,15-11-2015
Total,774,919,646,330,36,2705,15-11-2015
Wind Gen(MU),4,13,10,0,0,27,15-11-2015
Total,774,980,652,339,38,2784,17-11-2015
Hydro,131,22,36,24,10,223,17-11-2015
Wind Gen(MU),1,41,10,0,0,52,17-11-2015
Total,785,975,674,332,39,2804,18-11-2015
Wind Gen(MU),3,48,15,0,0,66,18-11-2015
Hydro,135,29,40,25,9,237,18-11-2015
Wind Gen(MU),7,50,21,0,0,78,19-11-2015
Hydro,130,25,44,25,9,232,19-11-2015
Total,781,975,677,334,38,2805,19-11-2015
Wind Gen(MU),8,40,16,0,0,63,20-11-2015
Total,785,980,677,335,38,2816,20-11-2015
Hydro,131,31,48,24,9,243,20-11-2015
Wind Gen(MU),12,28,15,0,0,55,21-11-2015
Hydro,124,35,43,25,9,235,21-11-2015
Total,768,995,668,336,37,2804,21-11-2015
Total,769,962,632,321,37,2721,22-11-2015
Hydro,122,32,37,23,9,221,22-11-2015
Wind Gen(MU),9,15,17,0,0,40,22-11-2015
Hydro,125,34,41,22,9,231,23-11-2015
Total,781,985,665,317,39,2787,23-11-2015
Wind Gen(MU),8,17,11,0,0,36,23-11-2015
Total,789,997,683,329,36,2834,24-11-2015
Hydro,122,35,41,23,9,231,24-11-2015
Wind Gen(MU),13,24,13,0,0,50,24-11-2015
Hydro,122,37,41,23,9,231,25-11-2015
Wind Gen(MU),9,23,13,0,0,44,25-11-2015
Total,782,1002,698,325,38,2845,25-11-2015
Wind Gen(MU),12,24,8,0,0,43,26-11-2015
Total,784,994,698,329,38,2842,26-11-2015
Hydro,136,36,46,22,9,248,26-11-2015
Total,788,986,714,333,38,2859,27-11-2015
Wind Gen(MU),5,31,11,0,0,47,27-11-2015
Hydro,121,24,44,24,9,222,27-11-2015
Total,789,973,708,334,37,2840,28-11-2015
Hydro,116,22,39,24,9,210,28-11-2015
Wind Gen(MU),5,21,11,0,0,38,28-11-2015
Hydro,112,22,31,20,9,194,29-11-2015
Wind Gen(MU),10,35,19,0,0,64,29-11-2015
Total,760,948,668,334,36,2747,29-11-2015
Total,787,991,672,337,37,2824,30-11-2015
Wind Gen(MU),7,27,9,0,0,44,30-11-2015
Hydro,113,28,39,20,9,209,30-11-2015
Wind Gen(MU),5,24,2,0,0,31,01-12-2015
Hydro,117,36,39,28,7,226,01-12-2015
Total,812,1005,666,341,37,2860,01-12-2015
Total,775,995,651,337,37,2795,02-12-2015
Hydro,118,35,42,27,7,228,02-12-2015
Wind Gen(MU),2,31,5,0,0,37,02-12-2015
Total,787,994,658,335,35,2809,03-12-2015
Hydro,114,34,47,25,7,226,03-12-2015
Wind Gen(MU),2,26,9,0,0,37,03-12-2015
Hydro,113,33,41,22,8,216,04-12-2015
Wind Gen(MU),3,14,24,0,0,40,04-12-2015
Total,809,991,665,331,33,2828,04-12-2015
Total,810,986,672,329,36,2832,05-12-2015
Hydro,112,30,37,20,7,205,05-12-2015
Wind Gen(MU),2,18,31,0,0,51,05-12-2015
Hydro,111,31,32,31,7,211,06-12-2015
Wind Gen(MU),1,24,28,0,0,52,06-12-2015
Total,783,953,635,327,35,2733,06-12-2015
Wind Gen(MU),2,17,22,0,0,42,07-12-2015
Hydro,115,32,41,20,7,215,07-12-2015
Total,796,981,673,333,36,2819,07-12-2015
Hydro,114,35,40,19,7,216,09-12-2015
Wind Gen(MU),10,13,21,0,0,44,09-12-2015
Total,795,987,692,326,37,2836,09-12-2015
Hydro,117,37,38,20,8,220,10-12-2015
Total,808,999,700,327,36,2871,10-12-2015
Wind Gen(MU),6,20,13,0,0,39,10-12-2015
Total,804,991,717,331,36,2879,11-12-2015
Hydro,117,38,46,21,7,230,11-12-2015
Wind Gen(MU),15,17,7,0,0,39,11-12-2015
Total,813,981,713,327,36,2871,12-12-2015
Hydro,125,32,45,20,7,229,12-12-2015
Wind Gen(MU),4,18,6,0,0,27,12-12-2015
Wind Gen(MU),3,22,6,0,0,31,13-12-2015
Hydro,123,19,31,15,8,196,13-12-2015
Total,795,961,692,326,35,2809,13-12-2015
Wind Gen(MU),4,39,5,0,0,49,14-12-2015
Total,799,986,730,330,35,2880,14-12-2015
Hydro,123,26,45,14,7,215,14-12-2015
Total,818,992,733,330,36,2910,15-12-2015
Hydro,123,26,45,18,9,221,15-12-2015
Wind Gen(MU),2,28,7,0,0,37,15-12-2015
Hydro,122,29,49,19,8,226,16-12-2015
Total,828,993,735,330,38,2924,16-12-2015
Wind Gen(MU),6,10,8,0,0,24,16-12-2015
Hydro,119,29,48,18,7,221,17-12-2015
Wind Gen(MU),11,25,13,0,0,50,17-12-2015
Total,833,991,745,326,36,2931,17-12-2015
Total,861,985,754,332,37,2970,18-12-2015
Wind Gen(MU),9,43,8,0,0,61,18-12-2015
Hydro,156,26,49,18,8,257,18-12-2015
Wind Gen(MU),5,26,8,0,0,39,19-12-2015
Hydro,121,23,47,19,9,218,19-12-2015
Total,853,978,750,334,37,2952,19-12-2015
Total,811,978,721,326,36,2871,20-12-2015
Hydro,119,23,37,20,9,208,20-12-2015
Wind Gen(MU),3,26,15,0,0,44,20-12-2015
Total,833,978,757,330,35,2933,21-12-2015
Hydro,120,23,53,18,10,225,21-12-2015
Wind Gen(MU),5,26,14,0,0,44,21-12-2015
Wind Gen(MU),3,16,10,0,0,29,22-12-2015
Hydro,154,28,54,19,9,265,22-12-2015
Total,845,978,770,331,37,2960,22-12-2015
Wind Gen(MU),7,21,12,0,0,40,23-12-2015
Total,851,972,776,328,39,2965,23-12-2015
Hydro,117,24,51,18,9,219,23-12-2015
Hydro,116,32,49,19,7,222,24-12-2015
Wind Gen(MU),8,47,11,0,0,65,24-12-2015
Total,848,961,777,330,39,2955,24-12-2015
Wind Gen(MU),3,47,22,0,0,71,25-12-2015
Hydro,117,27,37,19,6,207,25-12-2015
Total,863,933,754,327,38,2915,25-12-2015
Wind Gen(MU),2,35,25,0,0,62,26-12-2015
Hydro,115,24,46,14,7,205,26-12-2015
Total,863,936,743,328,38,2907,26-12-2015
Wind Gen(MU),1,40,34,0,0,75,27-12-2015
Hydro,111,21,33,14,8,188,27-12-2015
Total,814,922,721,321,38,2815,27-12-2015
Wind Gen(MU),2,44,38,0,0,84,28-12-2015
Hydro,116,27,44,16,7,210,28-12-2015
Total,830,950,749,325,38,2892,28-12-2015
Total,831,967,763,329,38,2927,29-12-2015
Wind Gen(MU),2,31,33,0,0,66,29-12-2015
Hydro,118,36,48,16,7,225,29-12-2015
Total,831,968,769,330,38,2935,30-12-2015
Hydro,114,32,50,22,8,226,30-12-2015
Wind Gen(MU),6,18,30,0,0,53,30-12-2015
Wind Gen(MU),20,25,41,0,0,86,31-12-2015
Total,827,978,777,334,39,2955,31-12-2015
Hydro,110,36,39,22,8,215,31-12-2015
Solar Gen (MU),1.99,9.65,16,0.03,0.02,28,01-01-2016
Total,837,965,788,313,36,2939,01-01-2016
Hydro,96,39,26,22,11,194,01-01-2016
Total,835,959,741,329,37,2901,01-01-2016
Wind Gen(MU),9,20,18,0,0,48,01-01-2016
Wind Gen(MU),7,27,44,0,0,78,01-01-2016
Hydro,109,38,38,18,7,210,01-01-2016
Hydro,110,39,50,20,5,223,02-01-2016
Wind Gen(MU),3,12,31,0,0,45,02-01-2016
Total,837,975,752,326,38,2928,02-01-2016
Total,822,961,732,328,38,2882,03-01-2016
Hydro,108,60,45,19,7,239,03-01-2016
Wind Gen(MU),2,8,24,0,0,34,03-01-2016
Wind Gen(MU),5,9,25,0,0,39,04-01-2016
Hydro,108,28,52,16,5,209,04-01-2016
Total,843,984,774,335,37,2972,04-01-2016
Total,850,994,779,336,38,2996,05-01-2016
Hydro,113,31,56,15,7,222,05-01-2016
Wind Gen(MU),9,10,23,0,0,42,05-01-2016
Wind Gen(MU),3,8,22,0,0,33,06-01-2016
Total,853,996,794,333,38,3013,06-01-2016
Hydro,115,29,54,18,7,224,06-01-2016
Hydro,114,29,51,17,7,218,07-01-2016
Total,853,993,792,328,39,3005,07-01-2016
Wind Gen(MU),4,13,26,0,0,43,07-01-2016
Wind Gen(MU),2,10,23,0,0,35,09-01-2016
Hydro,118,27,50,17,7,218,09-01-2016
Total,850,981,768,322,35,2956,09-01-2016
Total,848,982,794,328,38,2990,09-01-2016
Wind Gen(MU),2,21,20,0,0,43,09-01-2016
Hydro,147,27,46,19,8,247,09-01-2016
Wind Gen(MU),5,6,22,0,0,33,10-01-2016
Hydro,112,25,38,16,8,198,10-01-2016
Total,832,959,749,316,36,2892,10-01-2016
Hydro,116,25,47,17,6,211,11-01-2016
Wind Gen(MU),3,8,23,0,0,34,11-01-2016
Total,849,979,772,321,39,2960,11-01-2016
Wind Gen(MU),6,7,22,0,0,35,12-01-2016
Hydro,145,27,50,17,7,247,12-01-2016
Total,861,989,790,336,39,3014,12-01-2016
Total,846,990,794,339,39,3008,13-01-2016
Hydro,121,29,59,16,8,232,13-01-2016
Wind Gen(MU),5,9,12,0,0,27,13-01-2016
Wind Gen(MU),2,14,15,0,0,32,14-01-2016
Hydro,116,25,47,19,7,213,14-01-2016
Total,814,934,780,339,40,2907,14-01-2016
Wind Gen(MU),6,23,15,0,0,45,15-01-2016
Hydro,109,25,44,12,8,198,15-01-2016
Total,812,940,716,340,38,2847,15-01-2016
Hydro,109,24,49,13,8,202,16-01-2016
Wind Gen(MU),5,22,10,0,0,37,16-01-2016
Total,804,956,704,335,38,2837,16-01-2016
Hydro,101,24,44,13,7,188,17-01-2016
Wind Gen(MU),3,16,6,0,0,26,17-01-2016
Total,821,936,691,327,38,2812,17-01-2016
Hydro,103,26,55,19,7,210,18-01-2016
Total,843,935,758,331,38,2905,18-01-2016
Wind Gen(MU),8,16,8,0,0,32,18-01-2016
Total,852,903,772,316,38,2881,19-01-2016
Hydro,101,25,52,10,6,194,19-01-2016
Wind Gen(MU),7,20,7,0,0,33,19-01-2016
Wind Gen(MU),3,24,4,0,0,30,20-01-2016
Hydro,102,32,47,8,5,195,20-01-2016
Total,847,907,776,311,38,2879,20-01-2016
Total,857,906,779,312,38,2893,21-01-2016
Hydro,107,24,54,18,6,208,21-01-2016
Wind Gen(MU),3,24,7,0,0,35,21-01-2016
Wind Gen(MU),3,22,20,0,0,45,22-01-2016
Hydro,99,23,48,16,6,192,22-01-2016
Total,860,921,782,317,39,2918,22-01-2016
Wind Gen(MU),4,24,22,0,0,51,23-01-2016
Hydro,100,34,48,16,6,204,23-01-2016
Total,859,931,777,326,39,2932,23-01-2016
Wind Gen(MU),3,10,15,0,0,29,25-01-2016
Hydro,99,36,56,16,5,211,25-01-2016
Total,866,944,788,312,38,2948,25-01-2016
Wind Gen(MU),4,13,14,0,0,30,26-01-2016
Hydro,97,36,45,16,5,198,26-01-2016
Total,827,891,760,308,37,2823,26-01-2016
Total,859,941,803,329,39,2971,27-01-2016
Wind Gen(MU),3,14,7,0,0,25,27-01-2016
Hydro,98,38,60,17,6,219,27-01-2016
Wind Gen(MU),1,12,9,0,0,22,28-01-2016
Hydro,98,32,62,16,6,214,28-01-2016
Total,861,967,824,339,38,3029,28-01-2016
Total,854,965,826,340,38,3022,29-01-2016
Hydro,90,34,61,18,6,209,29-01-2016
Wind Gen(MU),21,11,13,0,0,44,29-01-2016
Hydro,101,31,53,17,6,208,30-01-2016
Total,847,975,812,334,39,3008,30-01-2016
Wind Gen(MU),6,17,21,0,0,43,30-01-2016
Wind Gen(MU),8,14,23,0,0,45,31-01-2016
Hydro,103,27,43,17,6,197,31-01-2016
Total,816,960,774,327,38,2915,31-01-2016
Wind Gen(MU),5,16,17,0,0,37,01-02-2016
Total,833,981,803,326,39,2982,01-02-2016
Hydro,103,31,55,16,5,209,01-02-2016
Total,845,986,813,331,39,3014,02-02-2016
Hydro,102,32,58,16,5,213,02-02-2016
Wind Gen(MU),2,23,13,0,0,38,02-02-2016
Total,852,986,826,336,39,3039,03-02-2016
Wind Gen(MU),2,28,11,0,0,41,03-02-2016
Hydro,105,33,61,16,5,219,03-02-2016
Wind Gen(MU),3,22,17,0,0,42,04-02-2016
Hydro,108,29,61,16,5,217,04-02-2016
Total,852,981,826,326,39,3023,04-02-2016
Total,862,982,814,326,39,3022,05-02-2016
Hydro,98,30,74,14,5,220,05-02-2016
Wind Gen(MU),4,20,19,0,0,44,05-02-2016
Hydro,103,27,68,20,4,221,06-02-2016
Wind Gen(MU),6,28,15,0,0,49,06-02-2016
Total,844,978,823,326,39,3010,06-02-2016
Wind Gen(MU),3,22,8,0,0,33,07-02-2016
Hydro,103,24,55,18,4,205,07-02-2016
Total,811,953,784,325,38,2910,07-02-2016
Wind Gen(MU),5,22,13,0,0,39,08-02-2016
Hydro,109,31,69,16,4,230,08-02-2016
Total,808,970,835,328,38,2978,08-02-2016
Total,849,990,845,327,37,3048,09-02-2016
Hydro,106,27,66,17,5,221,09-02-2016
Wind Gen(MU),4,23,10,0,0,37,09-02-2016
Wind Gen(MU),12,27,9,0,0,48,10-02-2016
Total,856,992,848,325,38,3058,10-02-2016
Hydro,106,25,62,16,6,215,10-02-2016
Total,841,987,853,319,38,3038,11-02-2016
Hydro,105,25,66,17,5,218,11-02-2016
Wind Gen(MU),8,31,8,0,0,47,11-02-2016
Wind Gen(MU),3,27,8,0,0,38,12-02-2016
Hydro,104,30,77,23,4,238,12-02-2016
Total,844,982,858,328,39,3051,12-02-2016
Wind Gen(MU),8,20,8,0,0,36,13-02-2016
Hydro,106,32,63,15,4,220,13-02-2016
Total,832,976,849,326,39,3021,13-02-2016
Wind Gen(MU),6,28,15,0,0,49,14-02-2016
Hydro,106,29,44,19,5,202,14-02-2016
Total,819,949,801,320,38,2927,14-02-2016
Hydro,107,31,55,16,5,214,15-02-2016
Wind Gen(MU),18,35,15,0,0,68,15-02-2016
Total,834,977,838,331,38,3018,15-02-2016
Total,861,984,842,334,39,3059,16-02-2016
Hydro,123,23,59,14,5,225,16-02-2016
Wind Gen(MU),29,42,25,0,0,96,16-02-2016
Total,853,995,849,338,38,3074,17-02-2016
Hydro,106,28,59,14,5,212,17-02-2016
Wind Gen(MU),34,39,35,0,0,108,17-02-2016
Hydro,105,29,55,11,5,205,18-02-2016
Total,830,1002,847,343,38,3060,18-02-2016
Wind Gen(MU),29,25,47,0,0,101,18-02-2016
Wind Gen(MU),9,19,22,0,0,49,19-02-2016
Total,833,1007,857,353,38,3088,19-02-2016
Hydro,106,27,57,13,5,208,19-02-2016
Total,787,1014,863,346,39,3048,20-02-2016
Hydro,112,27,65,20,5,228,20-02-2016
Wind Gen(MU),5,23,11,0,0,39,20-02-2016
Hydro,115,16,49,20,6,205,21-02-2016
Total,767,989,834,346,36,2972,21-02-2016
Wind Gen(MU),2,21,8,0,0,30,21-02-2016
Total,791,998,872,357,35,3052,22-02-2016
Hydro,116,37,60,18,8,240,22-02-2016
Wind Gen(MU),1,20,13,0,0,34,22-02-2016
Hydro,116,30,59,22,6,232,23-02-2016
Total,822,1013,874,354,37,3100,23-02-2016
Wind Gen(MU),1,24,15,0,0,39,23-02-2016
Hydro,116,31,57,17,7,228,24-02-2016
Total,839,1018,882,344,37,3120,24-02-2016
Wind Gen(MU),1,21,14,0,0,35,24-02-2016
Wind Gen(MU),10,21,19,0,0,50,26-02-2016
Total,856,1003,887,340,37,3123,26-02-2016
Hydro,113,19,52,12,4,200,26-02-2016
Total,859,998,874,331,36,3098,28-02-2016
Hydro,110,20,47,12,4,193,28-02-2016
Hydro,104,21,42,14,4,185,28-02-2016
Total,822,983,835,332,35,3006,28-02-2016
Wind Gen(MU),8,31,19,0,0,59,28-02-2016
Wind Gen(MU),4,28,23,0,0,55,28-02-2016
Total,853,993,867,342,38,3093,29-02-2016
Hydro,110,24,53,12,4,203,29-02-2016
Wind Gen(MU),4,25,19,0,0,48,29-02-2016
Total,869,1000,870,347,38,3124,01-03-2016
Wind Gen(MU),8,25,26,0,0,58,01-03-2016
Hydro,114,22,53,14,3,207,01-03-2016
Wind Gen(MU),9,23,20,0,0,52,02-03-2016
Total,863,1011,876,351,38,3139,02-03-2016
Hydro,125,21,54,16,4,220,02-03-2016
Hydro,117,30,49,20,4,220,03-03-2016
Total,872,1002,879,355,38,3146,03-03-2016
Wind Gen(MU),4,16,27,0,0,48,03-03-2016
Wind Gen(MU),5,19,18,0,0,42,04-03-2016
Total,850,992,891,358,38,3128,04-03-2016
Hydro,111,24,57,17,4,213,04-03-2016
Wind Gen(MU),8,24,15,0,0,47,05-03-2016
Hydro,106,28,65,18,4,221,05-03-2016
Total,772,997,880,353,38,3040,05-03-2016
Total,700,964,846,350,35,2896,06-03-2016
Hydro,104,25,49,17,4,198,06-03-2016
Wind Gen(MU),8,21,13,0,0,42,06-03-2016
Wind Gen(MU),4,21,12,0,0,37,08-03-2016
Hydro,105,19,61,25,5,215,08-03-2016
Total,777,1003,887,356,37,3060,08-03-2016
Total,814,1022,901,368,37,3142,09-03-2016
Hydro,107,34,61,22,5,228,09-03-2016
Wind Gen(MU),2,20,8,0,0,30,09-03-2016
Wind Gen(MU),10,16,11,0,0,37,10-03-2016
Hydro,106,33,60,20,6,225,10-03-2016
Total,819,1032,899,370,39,3158,10-03-2016
Total,802,1038,902,368,39,3149,11-03-2016
Wind Gen(MU),28,24,10,0,0,61,11-03-2016
Hydro,107,34,63,26,5,234,11-03-2016
Hydro,122,28,57,34,4,245,12-03-2016
Wind Gen(MU),15,34,12,0,0,62,12-03-2016
Total,702,1006,893,372,39,3011,12-03-2016
Hydro,132,18,42,27,5,223,13-03-2016
Wind Gen(MU),5,34,17,0,0,56,13-03-2016
Total,693,935,857,369,39,2892,13-03-2016
Wind Gen(MU),2,18,10,0,0,30,14-03-2016
Hydro,139,24,75,28,4,270,14-03-2016
Total,734,968,887,370,37,2997,14-03-2016
Wind Gen(MU),6,21,17,0,0,44,15-03-2016
Total,764,995,898,363,38,3058,15-03-2016
Hydro,126,19,76,24,4,249,15-03-2016
Wind Gen(MU),10,25,17,0,0,51,16-03-2016
Hydro,118,18,71,22,4,233,16-03-2016
Total,783,990,901,362,36,3072,16-03-2016
Wind Gen(MU),17,32,10,0,0,58,17-03-2016
Hydro,122,20,73,20,4,239,17-03-2016
Total,787,1015,905,365,39,3111,17-03-2016
Hydro,135,25,74,18,4,255,18-03-2016
Wind Gen(MU),8,35,10,0,0,53,18-03-2016
Total,795,1021,907,364,39,3126,18-03-2016
Wind Gen(MU),16,46,11,0,0,73,19-03-2016
Hydro,134,21,72,14,3,245,19-03-2016
Total,808,1011,904,362,40,3125,19-03-2016
Wind Gen(MU),11,54,13,0,0,78,20-03-2016
Hydro,136,16,53,23,3,231,20-03-2016
Total,778,992,868,368,38,3043,20-03-2016
Wind Gen(MU),14,34,14,0,0,62,21-03-2016
Total,796,1023,908,366,35,3128,21-03-2016
Hydro,135,25,71,21,4,255,21-03-2016
Wind Gen(MU),8,29,24,0,0,61,22-03-2016
Hydro,122,26,71,24,4,247,22-03-2016
Total,782,1034,930,365,36,3147,22-03-2016
Total,743,886,920,351,37,2938,24-03-2016
Wind Gen(MU),12,22,11,0,0,45,24-03-2016
Hydro,121,14,62,18,4,219,24-03-2016
Wind Gen(MU),11,29,11,0,0,52,26-03-2016
Hydro,129,23,61,22,4,238,26-03-2016
Total,784,1021,917,362,40,3124,26-03-2016
Total,776,979,879,365,40,3039,27-03-2016
Hydro,125,19,53,21,4,221,27-03-2016
Wind Gen(MU),8,35,10,0,0,54,27-03-2016
Hydro,125,18,66,22,3,234,28-03-2016
Wind Gen(MU),4,26,14,0,0,44,28-03-2016
Total,811,986,901,362,33,3093,28-03-2016
Hydro,128,21,69,25,5,247,29-03-2016
Wind Gen(MU),3,26,10,0,0,40,29-03-2016
Total,822,1026,925,364,33,3170,29-03-2016
Hydro,130,27,66,22,4,249,30-03-2016
Total,807,1030,921,371,39,3168,30-03-2016
Wind Gen(MU),11,23,9,0,0,43,30-03-2016
Total,843,1033,922,366,33,3197,01-04-2016
Hydro,127,20,68,21,4,241,01-04-2016
Wind Gen(MU),9,32,8,0,0,48,01-04-2016
Total,853,1023,925,353,33,3188,02-04-2016
Wind Gen(MU),6,34,10,0,0,51,02-04-2016
Hydro,139,21,70,27,5,261,02-04-2016
Total,857,1032,925,357,34,3206,03-04-2016
Wind Gen(MU),21,30,12,0,0,62,03-04-2016
Hydro,150,19,64,32,4,268,03-04-2016
Wind Gen(MU),29,41,14,0,0,84,03-04-2016
Hydro,158,20,47,29,4,257,03-04-2016
Total,850,1020,889,351,35,3144,03-04-2016
Wind Gen(MU),6,30,13,0,0,48,04-04-2016
Total,870,1046,918,366,37,3237,04-04-2016
Hydro,162,28,67,37,4,298,04-04-2016
Total,872,1039,928,373,34,3246,05-04-2016
Hydro,163,26,67,34,4,294,05-04-2016
Wind Gen(MU),9,26,20,0,0,56,05-04-2016
Total,862,1036,930,379,34,3241,06-04-2016
Hydro,151,22,61,33,7,274,06-04-2016
Wind Gen(MU),8,32,20,0,0,60,06-04-2016
Hydro,143,27,77,33,7,287,07-04-2016
Wind Gen(MU),4,28,10,0,0,43,07-04-2016
Total,851,1045,932,384,35,3246,07-04-2016
Wind Gen(MU),6,32,12,0,0,50,08-04-2016
Hydro,138,20,64,33,9,263,08-04-2016
Total,856,1023,916,387,34,3217,08-04-2016
Wind Gen(MU),14,30,18,0,0,62,09-04-2016
Hydro,127,22,46,34,6,235,09-04-2016
Total,849,1035,899,389,36,3209,09-04-2016
Total,822,1026,866,388,37,3139,10-04-2016
Hydro,124,24,37,33,7,225,10-04-2016
Wind Gen(MU),12,29,16,0,0,57,10-04-2016
Wind Gen(MU),7,38,18,0,0,63,11-04-2016
Hydro,126,28,54,33,5,246,11-04-2016
Total,842,1055,910,391,37,3235,11-04-2016
Total,837,1070,933,392,36,3268,12-04-2016
Hydro,122,36,68,32,9,266,12-04-2016
Wind Gen(MU),5,33,29,0,0,67,12-04-2016
Total,849,1073,944,394,36,3295,13-04-2016
Hydro,125,26,63,31,5,249,13-04-2016
Wind Gen(MU),7,35,41,0,0,83,13-04-2016
Hydro,125,23,61,36,5,250,14-04-2016
Wind Gen(MU),21,37,23,0,0,81,14-04-2016
Total,870,1071,928,399,32,3301,14-04-2016
Hydro,135,28,75,33,5,277,15-04-2016
Total,885,1064,932,403,30,3313,15-04-2016
Wind Gen(MU),13,39,17,0,0,68,15-04-2016
Total,912,1066,937,406,29,3350,16-04-2016
Wind Gen(MU),21,46,20,0,0,87,16-04-2016
Hydro,194,32,53,37,6,321,16-04-2016
Total,896,1031,884,404,31,3245,17-04-2016
Wind Gen(MU),19,53,21,0,0,92,17-04-2016
Hydro,210,27,37,33,8,316,17-04-2016
Hydro,189,29,55,37,8,318,18-04-2016
Total,937,1066,924,409,32,3369,18-04-2016
Wind Gen(MU),9,31,14,0,0,55,18-04-2016
Total,942,1080,939,408,32,3400,19-04-2016
Hydro,179,23,55,38,11,307,19-04-2016
Wind Gen(MU),8,19,14,0,0,42,19-04-2016
Wind Gen(MU),4,28,18,0,0,50,20-04-2016
Hydro,223,31,58,34,11,357,20-04-2016
Total,936,1083,941,409,32,3401,20-04-2016
Hydro,169,19,58,42,15,303,21-04-2016
Wind Gen(MU),8,51,30,0,0,89,21-04-2016
Total,913,1068,944,403,30,3357,21-04-2016
Total,925,1037,925,402,32,3321,22-04-2016
Hydro,173,23,49,41,15,301,22-04-2016
Wind Gen(MU),15,75,51,0,0,141,22-04-2016
Wind Gen(MU),5,53,58,0,0,115,23-04-2016
Total,927,1037,931,403,31,3329,23-04-2016
Hydro,166,24,46,42,15,293,23-04-2016
Total,889,1017,886,399,29,3221,24-04-2016
Wind Gen(MU),5,43,35,0,0,83,24-04-2016
Hydro,158,23,43,37,12,272,24-04-2016
Total,920,1048,919,402,33,3321,25-04-2016
Hydro,143,29,67,41,11,290,25-04-2016
Wind Gen(MU),8,35,25,0,0,68,25-04-2016
Total,938,1052,928,407,34,3358,26-04-2016
Wind Gen(MU),7,26,15,0,0,47,26-04-2016
Hydro,140,30,76,38,11,294,26-04-2016
Wind Gen(MU),6,35,14,0,0,55,27-04-2016
Hydro,140,39,73,32,11,294,27-04-2016
Total,945,1046,939,402,33,3366,27-04-2016
Wind Gen(MU),4,28,16,0,0,49,28-04-2016
Hydro,143,41,64,31,10,289,28-04-2016
Total,967,1047,945,402,34,3395,28-04-2016
Wind Gen(MU),4,31,16,0,0,52,29-04-2016
Hydro,140,36,63,28,9,276,29-04-2016
Total,978,1046,941,401,30,3395,29-04-2016
Total,996,1041,920,385,34,3376,30-04-2016
Hydro,153,33,56,28,10,280,30-04-2016
Wind Gen(MU),8,36,18,0,0,61,30-04-2016
Total,958,984,861,372,27,3202,01-05-2016
Hydro,166,21,35,27,9,258,01-05-2016
Wind Gen(MU),17,48,22,0,0,87,01-05-2016
Total,999,1045,911,390,28,3373,02-05-2016
Hydro,196,30,57,27,11,321,02-05-2016
Wind Gen(MU),25,57,24,0,0,106,02-05-2016
Wind Gen(MU),31,48,19,0,0,97,03-05-2016
Hydro,210,31,54,22,10,327,03-05-2016
Total,1016,1050,915,371,35,3387,03-05-2016
Total,986,1027,889,344,35,3281,04-05-2016
Hydro,194,27,45,21,10,296,04-05-2016
Wind Gen(MU),14,45,17,0,0,76,04-05-2016
Wind Gen(MU),4,28,16,0,0,48,05-05-2016
Hydro,191,24,46,23,9,292,05-05-2016
Total,920,1023,881,360,37,3221,05-05-2016
Total,952,995,829,378,36,3190,06-05-2016
Hydro,188,23,36,22,10,278,06-05-2016
Wind Gen(MU),1,30,23,0,0,55,06-05-2016
Total,981,1017,834,372,37,3242,07-05-2016
Hydro,308,27,32,22,9,398,07-05-2016
Wind Gen(MU),7,28,13,0,0,47,07-05-2016
Wind Gen(MU),24,37,11,0,0,72,08-05-2016
Total,988,991,794,347,38,3159,08-05-2016
Hydro,225,27,25,20,9,306,08-05-2016
Wind Gen(MU),25,37,13,0,0,75,09-05-2016
Hydro,266,25,37,21,9,357,09-05-2016
Total,1032,1001,847,378,38,3296,09-05-2016
Wind Gen(MU),26,37,13,0,0,77,10-05-2016
Hydro,258,21,34,22,8,344,10-05-2016
Total,997,1002,855,384,38,3275,10-05-2016
Wind Gen(MU),12,33,13,0,0,58,11-05-2016
Hydro,463,27,33,22,10,554,11-05-2016
Total,959,1024,841,374,41,3238,11-05-2016
Hydro,261,23,33,24,10,350,12-05-2016
Total,1041,1037,835,378,40,3331,12-05-2016
Wind Gen(MU),13,41,19,0,0,72,12-05-2016
Wind Gen(MU),18,48,31,0,0,98,13-05-2016
Hydro,262,27,39,29,11,367,13-05-2016
Total,1043,1032,868,372,32,3347,13-05-2016
Wind Gen(MU),16,48,20,0,0,84,14-05-2016
Hydro,272,42,40,29,12,395,14-05-2016
Total,1041,1034,853,362,35,3325,14-05-2016
Total,1045,1005,794,360,33,3237,15-05-2016
Hydro,274,31,27,40,14,386,15-05-2016
Wind Gen(MU),9,45,13,0,0,67,15-05-2016
Wind Gen(MU),12,45,10,0,0,67,16-05-2016
Hydro,265,41,25,54,14,398,16-05-2016
Total,1068,1058,753,370,30,3279,16-05-2016
Hydro,262,27,26,54,15,384,17-05-2016
Wind Gen(MU),10,40,22,0,0,72,17-05-2016
Total,1085,1064,753,374,32,3307,17-05-2016
Wind Gen(MU),19,52,42,0,0,112,18-05-2016
Hydro,279,22,27,48,16,393,18-05-2016
Total,1097,1068,706,378,32,3281,18-05-2016
Wind Gen(MU),19,70,53,0,0,142,19-05-2016
Total,1110,1058,701,380,38,3287,19-05-2016
Hydro,286,23,31,35,17,392,19-05-2016
Total,1118,1030,699,352,38,3236,20-05-2016
Wind Gen(MU),21,105,75,0,0,200,20-05-2016
Hydro,300,21,24,40,16,401,20-05-2016
Total,1085,999,779,339,33,3234,21-05-2016
Hydro,307,23,30,41,14,415,21-05-2016
Wind Gen(MU),35,126,109,0,0,270,21-05-2016
Wind Gen(MU),33,125,98,0,0,256,22-05-2016
Hydro,303,17,30,39,16,406,22-05-2016
Total,1075,968,781,342,33,3200,22-05-2016
Total,912,1006,846,353,39,3156,23-05-2016
Hydro,293,21,37,35,15,401,23-05-2016
Wind Gen(MU),30,127,115,0,0,272,23-05-2016
Hydro,288,31,43,33,15,410,24-05-2016
Wind Gen(MU),29,106,104,0,0,240,24-05-2016
Total,808,1025,892,359,43,3127,24-05-2016
Total,907,1004,875,340,38,3163,25-05-2016
Wind Gen(MU),38,108,114,0,0,260,25-05-2016
Hydro,269,23,32,31,15,371,25-05-2016
Wind Gen(MU),38,95,97,0,0,229,26-05-2016
Total,944,1013,876,359,40,3232,26-05-2016
Hydro,247,25,43,38,16,368,26-05-2016
Hydro,237,24,47,41,14,364,27-05-2016
Total,989,1012,870,364,40,3274,27-05-2016
Wind Gen(MU),36,86,90,0,0,213,27-05-2016
Total,992,1015,827,347,41,3222,28-05-2016
Wind Gen(MU),37,93,72,0,0,201,28-05-2016
Hydro,249,26,34,38,15,361,28-05-2016
Total,810,986,788,345,40,2969,29-05-2016
Wind Gen(MU),37,109,72,0,0,219,29-05-2016
Hydro,244,13,43,44,16,359,29-05-2016
Total,826,1025,834,367,40,3092,30-05-2016
Wind Gen(MU),30,94,89,0,0,213,30-05-2016
Hydro,252,31,36,41,18,378,30-05-2016
Hydro,246,39,36,51,18,391,31-05-2016
Total,915,1037,847,372,38,3209,31-05-2016
Wind Gen(MU),27,77,89,0,0,192,31-05-2016
Total,979,1039,834,355,42,3248,01-06-2016
Hydro,260,37,35,46,16,394,01-06-2016
Wind Gen(MU),27,60,88,0,0,174,01-06-2016
Hydro,289,16,35,37,17,396,02-06-2016
Wind Gen(MU),23,59,81,0,0,164,02-06-2016
Total,1026,1029,797,374,43,3269,02-06-2016
Hydro,302,17,36,34,17,405,03-06-2016
Total,1078,1021,810,378,45,3332,03-06-2016
Wind Gen(MU),25,48,79,0,0,152,03-06-2016
Total,1092,1019,755,385,43,3294,04-06-2016
Hydro,299,16,28,37,15,395,04-06-2016
Wind Gen(MU),20,50,71,0,0,141,04-06-2016
Total,1074,958,723,380,41,3176,05-06-2016
Wind Gen(MU),8,57,61,0,0,125,05-06-2016
Hydro,301,14,23,40,16,394,05-06-2016
Total,1052,1013,769,390,41,3265,06-06-2016
Hydro,305,14,32,43,17,409,06-06-2016
Wind Gen(MU),10,62,74,0,0,146,06-06-2016
Wind Gen(MU),24,73,52,0,0,148,07-06-2016
Hydro,303,13,34,47,17,415,07-06-2016
Total,1049,1028,767,388,44,3276,07-06-2016
Total,1067,1026,746,390,43,3273,08-06-2016
Hydro,298,16,29,40,17,400,08-06-2016
Wind Gen(MU),34,82,53,0,0,170,08-06-2016
Total,1065,1034,746,386,44,3275,09-06-2016
Hydro,292,14,36,35,17,395,09-06-2016
Wind Gen(MU),36,99,52,0,0,186,09-06-2016
Hydro,295,14,34,39,18,400,10-06-2016
Wind Gen(MU),29,99,67,0,0,196,10-06-2016
Total,1062,1012,760,389,43,3266,10-06-2016
Hydro,298,15,29,39,18,398,11-06-2016
Wind Gen(MU),29,118,102,0,0,249,11-06-2016
Total,1012,999,754,393,42,3200,11-06-2016
Hydro,301,19,29,39,18,405,12-06-2016
Total,1029,960,736,385,40,3150,12-06-2016
Wind Gen(MU),31,120,109,0,0,260,12-06-2016
Wind Gen(MU),38,129,121,0,0,288,13-06-2016
Hydro,309,23,30,52,20,435,13-06-2016
Total,1073,1004,780,359,39,3255,13-06-2016
Wind Gen(MU),40,133,124,0,0,297,14-06-2016
Total,1077,1016,806,357,43,3299,14-06-2016
Hydro,307,20,31,53,23,434,14-06-2016
Wind Gen(MU),41,140,129,0,0,310,15-06-2016
Hydro,319,21,35,56,21,451,15-06-2016
Total,1107,1011,812,359,43,3332,15-06-2016
Wind Gen(MU),31,120,119,0,0,269,16-06-2016
Hydro,323,24,37,60,23,467,16-06-2016
Total,1102,1018,840,366,43,3369,16-06-2016
Total,1149,1013,822,368,40,3393,17-06-2016
Wind Gen(MU),22,103,103,0,0,228,17-06-2016
Hydro,322,18,43,54,22,458,17-06-2016
Wind Gen(MU),17,92,89,0,0,199,18-06-2016
Total,1168,974,795,371,42,3349,18-06-2016
Hydro,320,20,42,53,24,459,18-06-2016
Total,1151,939,735,370,42,3237,19-06-2016
Hydro,332,17,30,55,22,455,19-06-2016
Wind Gen(MU),12,70,90,0,0,172,19-06-2016
Wind Gen(MU),10,48,87,0,0,145,20-06-2016
Hydro,327,20,39,60,22,468,20-06-2016
Total,1164,951,764,389,40,3308,20-06-2016
Hydro,329,20,42,65,22,478,21-06-2016
Wind Gen(MU),23,39,97,0,0,159,21-06-2016
Total,1125,967,774,383,43,3291,21-06-2016
Wind Gen(MU),24,34,97,0,0,154,22-06-2016
Hydro,323,15,33,52,22,445,22-06-2016
Total,1078,952,759,376,42,3207,22-06-2016
Total,1107,955,733,389,42,3226,23-06-2016
Hydro,320,14,25,58,24,440,23-06-2016
Wind Gen(MU),11,34,100,0,0,144,23-06-2016
Total,1156,928,748,390,43,3266,24-06-2016
Hydro,322,10,30,60,26,447,24-06-2016
Wind Gen(MU),13,48,111,0,0,172,24-06-2016
Total,1160,904,731,390,44,3228,25-06-2016
Wind Gen(MU),8,55,111,0,0,174,25-06-2016
Hydro,314,11,32,58,24,438,25-06-2016
Wind Gen(MU),7,57,100,0,0,163,26-06-2016
Hydro,302,9,29,53,22,413,26-06-2016
Total,1140,890,700,385,43,3159,26-06-2016
Wind Gen(MU),11,55,110,0,0,175,27-06-2016
Hydro,323,9,33,54,22,440,27-06-2016
Total,1149,920,739,392,44,3243,27-06-2016
Total,1137,914,730,387,45,3214,28-06-2016
Hydro,327,11,30,46,21,435,28-06-2016
Wind Gen(MU),8,44,108,0,0,160,28-06-2016
Hydro,325,18,44,47,21,455,29-06-2016
Total,1171,893,706,389,46,3205,29-06-2016
Wind Gen(MU),3,49,104,0,0,156,29-06-2016
Total,1208,900,707,399,48,3261,30-06-2016
Hydro,327,19,49,60,21,476,30-06-2016
Wind Gen(MU),6,60,112,0,0,178,30-06-2016
Total,1150,889,732,392,44,3207,01-07-2016
Wind Gen(MU),26,79,140,0,0,245,01-07-2016
Hydro,313,10,44,53,22,443,01-07-2016
Hydro,271,18,37,71,24,421,02-07-2016
Total,932,879,742,386,42,2980,02-07-2016
Wind Gen(MU),34,86,141,0,0,262,02-07-2016
Hydro,314,12,34,69,27,456,03-07-2016
Wind Gen(MU),20,80,128,0,0,227,03-07-2016
Total,890,834,722,351,38,2835,03-07-2016
Wind Gen(MU),31,81,132,0,0,244,04-07-2016
Hydro,323,19,46,72,26,486,04-07-2016
Total,967,848,784,349,39,2986,04-07-2016
Total,1054,849,794,350,43,3090,05-07-2016
Hydro,337,16,53,64,27,496,05-07-2016
Wind Gen(MU),39,110,130,0,0,279,05-07-2016
Total,1033,840,790,358,44,3065,06-07-2016
Hydro,318,14,43,62,27,463,06-07-2016
Wind Gen(MU),41,122,123,0,0,286,06-07-2016
Total,1132,849,791,374,43,3189,07-07-2016
Hydro,333,16,42,73,26,489,07-07-2016
Wind Gen(MU),36,110,124,0,0,271,07-07-2016
Hydro,335,20,31,75,24,486,08-07-2016
Wind Gen(MU),25,126,140,0,0,291,08-07-2016
Total,1154,845,777,369,45,3189,08-07-2016
Wind Gen(MU),26,136,140,0,0,301,09-07-2016
Hydro,334,14,29,68,23,467,09-07-2016
Total,1094,828,755,375,44,3096,09-07-2016
Total,1070,808,711,366,42,2997,10-07-2016
Hydro,325,20,26,66,23,459,10-07-2016
Wind Gen(MU),14,117,141,0,0,273,10-07-2016
Total,1104,840,806,374,43,3167,11-07-2016
Hydro,328,36,37,67,23,491,11-07-2016
Wind Gen(MU),15,106,155,0,0,276,11-07-2016
Total,1108,821,787,372,43,3132,12-07-2016
Hydro,330,45,38,72,23,507,12-07-2016
Wind Gen(MU),18,81,149,0,0,248,12-07-2016
Wind Gen(MU),17,53,136,0,0,206,13-07-2016
Total,1116,811,823,400,45,3195,13-07-2016
Hydro,342,71,45,77,21,556,13-07-2016
Wind Gen(MU),22,54,106,0,0,182,14-07-2016
Hydro,338,78,52,76,20,564,14-07-2016
Total,1123,836,843,399,45,3246,14-07-2016
Hydro,265,77,56,76,22,496,15-07-2016
Wind Gen(MU),35,62,81,0,0,178,15-07-2016
Total,1064,853,858,384,44,3203,15-07-2016
Hydro,289,74,51,61,25,499,16-07-2016
Total,965,849,826,365,44,3049,16-07-2016
Wind Gen(MU),40,66,58,0,0,163,16-07-2016
Total,865,826,780,358,42,2871,17-07-2016
Hydro,308,71,38,68,25,511,17-07-2016
Wind Gen(MU),39,70,64,0,0,173,17-07-2016
Total,930,852,853,372,40,3047,18-07-2016
Wind Gen(MU),35,80,91,0,0,206,18-07-2016
Hydro,308,80,43,72,24,526,18-07-2016
Total,1039,851,790,380,42,3102,19-07-2016
Hydro,350,80,47,75,24,576,19-07-2016
Wind Gen(MU),26,88,84,0,0,198,19-07-2016
Wind Gen(MU),30,79,88,0,0,197,20-07-2016
Hydro,355,79,43,72,26,576,20-07-2016
Total,1118,868,793,385,43,3207,20-07-2016
Wind Gen(MU),38,70,101,0,0,209,21-07-2016
Hydro,351,74,33,77,26,561,21-07-2016
Total,1160,878,787,389,42,3256,21-07-2016
Hydro,341,71,37,69,28,546,22-07-2016
Total,1167,886,792,380,42,3267,22-07-2016
Wind Gen(MU),36,66,118,0,0,220,22-07-2016
Wind Gen(MU),22,43,104,0,0,168,23-07-2016
Hydro,335,79,41,69,28,552,23-07-2016
Total,1117,887,785,372,41,3203,23-07-2016
Hydro,337,78,41,68,28,551,24-07-2016
Wind Gen(MU),6,22,94,0,0,122,24-07-2016
Total,1085,873,748,369,39,3113,24-07-2016
Total,1126,915,781,378,39,3239,25-07-2016
Hydro,345,88,49,71,28,581,25-07-2016
Wind Gen(MU),11,20,63,0,0,93,25-07-2016
Wind Gen(MU),16,25,20,0,0,61,26-07-2016
Total,1141,906,769,369,41,3225,26-07-2016
Hydro,348,82,48,66,27,572,26-07-2016
Total,1048,889,760,371,42,3110,27-07-2016
Wind Gen(MU),18,36,36,0,0,90,27-07-2016
Hydro,331,80,46,73,28,558,27-07-2016
Wind Gen(MU),5,42,36,0,0,82,28-07-2016
Total,1056,890,774,379,44,3142,28-07-2016
Hydro,355,84,44,71,28,583,28-07-2016
Wind Gen(MU),12,63,61,0,0,135,29-07-2016
Hydro,360,83,43,70,28,584,29-07-2016
Total,1023,875,758,386,44,3085,29-07-2016
Hydro,357,80,40,66,28,570,30-07-2016
Total,998,877,738,385,44,3041,30-07-2016
Wind Gen(MU),17,59,81,0,0,157,30-07-2016
Total,1009,833,695,369,42,2949,31-07-2016
Wind Gen(MU),13,79,84,0,0,176,31-07-2016
Hydro,361,81,37,62,27,568,31-07-2016
Hydro,354,86,47,68,24,578,01-08-2016
Total,1020,845,732,368,45,3010,01-08-2016
Wind Gen(MU),32,109,123,0,0,263,01-08-2016
Wind Gen(MU),17,114,132,0,0,263,02-08-2016
Total,1023,826,736,365,47,2996,02-08-2016
Hydro,339,87,42,71,23,563,02-08-2016
Wind Gen(MU),8,98,150,0,0,256,03-08-2016
Total,1069,822,753,364,48,3056,03-08-2016
Hydro,347,85,51,64,22,569,03-08-2016
Hydro,367,88,54,67,21,597,04-08-2016
Wind Gen(MU),3,91,148,0,0,242,04-08-2016
Total,1114,831,788,372,45,3150,04-08-2016
Total,1138,813,806,374,44,3175,05-08-2016
Hydro,370,90,58,75,19,611,05-08-2016
Wind Gen(MU),2,89,151,0,0,242,05-08-2016
Total,1091,798,799,363,45,3096,06-08-2016
Wind Gen(MU),3,95,155,0,0,253,06-08-2016
Hydro,315,86,53,75,21,550,06-08-2016
Hydro,277,93,65,78,20,532,07-08-2016
Total,1019,760,793,359,42,2973,07-08-2016
Wind Gen(MU),5,103,140,0,0,248,07-08-2016
Hydro,353,108,67,68,18,615,08-08-2016
Total,1050,794,848,360,46,3097,08-08-2016
Wind Gen(MU),3,83,131,0,0,217,08-08-2016
Wind Gen(MU),10,101,138,0,0,249,09-08-2016
Total,1065,816,872,365,43,3161,09-08-2016
Hydro,320,109,69,67,19,584,09-08-2016
Hydro,346,100,70,76,19,611,10-08-2016
Wind Gen(MU),10,108,136,0,0,254,10-08-2016
Total,1050,813,886,365,45,3160,10-08-2016
Wind Gen(MU),13,87,121,0,0,221,11-08-2016
Hydro,348,98,98,86,20,650,11-08-2016
Total,988,835,901,366,46,3137,11-08-2016
Total,967,843,902,367,46,3125,12-08-2016
Hydro,361,104,105,79,21,670,12-08-2016
Wind Gen(MU),16,71,109,0,0,196,12-08-2016
Total,993,848,887,385,47,3159,13-08-2016
Wind Gen(MU),20,76,125,0,0,221,13-08-2016
Hydro,368,104,98,80,21,671,13-08-2016
Hydro,370,96,80,60,21,627,14-08-2016
Wind Gen(MU),30,86,138,0,0,253,14-08-2016
Total,984,838,830,370,47,3069,14-08-2016
Wind Gen(MU),33,109,138,0,0,280,15-08-2016
Hydro,371,94,57,62,20,604,15-08-2016
Total,971,800,812,367,45,2994,15-08-2016
Total,1045,861,864,376,43,3188,16-08-2016
Wind Gen(MU),35,119,154,0,0,308,16-08-2016
Hydro,363,103,64,77,21,628,16-08-2016
Hydro,378,105,70,73,21,648,17-08-2016
Wind Gen(MU),24,98,145,0,0,267,17-08-2016
Total,1046,887,884,355,47,3219,17-08-2016
Total,1010,857,909,330,47,3153,18-08-2016
Hydro,379,101,74,83,20,656,18-08-2016
Wind Gen(MU),9,64,135,0,0,208,18-08-2016
Total,1026,878,923,366,48,3241,19-08-2016
Wind Gen(MU),16,83,122,0,0,221,19-08-2016
Hydro,371,101,86,85,19,662,19-08-2016
Wind Gen(MU),15,107,90,0,0,212,20-08-2016
Total,1035,893,915,380,48,3272,20-08-2016
Hydro,369,97,90,82,19,656,20-08-2016
Hydro,364,93,76,78,18,630,21-08-2016
Wind Gen(MU),8,90,92,0,0,190,21-08-2016
Total,1015,900,897,368,45,3226,21-08-2016
Wind Gen(MU),7,74,87,0,0,167,22-08-2016
Hydro,353,110,94,81,18,656,22-08-2016
Total,1037,943,926,327,46,3278,22-08-2016
Wind Gen(MU),9,76,115,0,0,200,23-08-2016
Total,1045,936,938,370,48,3336,23-08-2016
Hydro,364,108,77,84,17,649,23-08-2016
Hydro,291,98,61,85,17,552,24-08-2016
Wind Gen(MU),6,65,111,0,0,182,24-08-2016
Total,1011,912,925,384,50,3281,24-08-2016
Total,993,875,918,387,47,3219,25-08-2016
Hydro,363,95,48,78,17,600,25-08-2016
Wind Gen(MU),6,49,116,0,0,170,25-08-2016
Wind Gen(MU),5,39,101,0,0,144,26-08-2016
Hydro,355,97,46,82,18,597,26-08-2016
Total,1028,876,901,376,42,3222,26-08-2016
Total,1011,891,867,388,46,3203,27-08-2016
Hydro,362,95,40,77,18,592,27-08-2016
Wind Gen(MU),2,27,114,0,0,143,27-08-2016
Wind Gen(MU),9,20,115,0,0,144,28-08-2016
Hydro,352,97,34,73,18,573,28-08-2016
Total,987,877,816,390,46,3115,28-08-2016
Hydro,349,100,47,76,19,590,29-08-2016
Total,957,925,873,392,45,3191,29-08-2016
Wind Gen(MU),2,23,117,0,0,142,29-08-2016
Total,960,925,856,404,43,3188,30-08-2016
Hydro,348,107,48,82,18,604,30-08-2016
Wind Gen(MU),5,31,89,0,0,124,30-08-2016
Hydro,345,98,43,78,17,582,31-08-2016
Wind Gen(MU),7,29,80,0,0,116,31-08-2016
Total,940,907,813,404,44,3107,31-08-2016
Wind Gen(MU),6,42,94,0,0,142,01-09-2016
Hydro,338,99,45,75,19,576,01-09-2016
Total,939,890,811,393,44,3076,01-09-2016
Hydro,369,99,33,74,21,596,02-09-2016
Total,976,892,807,391,43,3109,02-09-2016
Wind Gen(MU),12,50,105,0,0,167,02-09-2016
Wind Gen(MU),30,61,102,0,0,193,03-09-2016
Total,1012,907,825,380,45,3168,03-09-2016
Hydro,343,100,48,74,21,586,03-09-2016
Wind Gen(MU),41,83,106,0,0,230,04-09-2016
Hydro,329,99,35,76,22,560,04-09-2016
Total,1023,897,792,371,43,3127,04-09-2016
Hydro,324,99,45,82,21,572,05-09-2016
Wind Gen(MU),41,86,92,0,0,219,05-09-2016
Total,1068,906,800,363,43,3181,05-09-2016
Hydro,329,104,54,78,20,585,06-09-2016
Wind Gen(MU),36,75,105,0,0,216,06-09-2016
Total,1098,968,866,352,46,3329,06-09-2016
Total,1131,996,897,356,45,3425,07-09-2016
Hydro,324,107,52,80,19,583,07-09-2016
Wind Gen(MU),34,58,92,0,0,184,07-09-2016
Hydro,317,98,53,83,20,571,08-09-2016
Wind Gen(MU),28,40,96,0,0,164,08-09-2016
Total,1147,1033,917,369,46,3512,08-09-2016
Wind Gen(MU),24,39,71,0,0,134,09-09-2016
Hydro,316,91,54,81,21,563,09-09-2016
Total,1161,1043,913,376,47,3539,09-09-2016
Total,1164,1052,901,376,46,3540,10-09-2016
Hydro,320,86,44,79,19,549,10-09-2016
Wind Gen(MU),34,50,94,0,0,178,10-09-2016
Total,1133,1017,830,370,45,3394,11-09-2016
Hydro,315,67,34,83,22,522,11-09-2016
Wind Gen(MU),34,41,86,0,0,161,11-09-2016
Wind Gen(MU),20,23,94,0,0,138,12-09-2016
Total,1146,1069,856,373,45,3490,12-09-2016
Hydro,317,76,37,83,22,535,12-09-2016
Wind Gen(MU),10,17,93,0,0,121,13-09-2016
Hydro,308,76,33,87,19,523,13-09-2016
Total,1143,1064,842,371,44,3463,13-09-2016
Hydro,302,36,25,88,20,472,14-09-2016
Wind Gen(MU),5,20,94,0,0,119,14-09-2016
Total,1136,1027,808,373,46,3390,14-09-2016
Total,1143,962,796,381,46,3328,15-09-2016
Hydro,298,34,30,87,20,468,15-09-2016
Wind Gen(MU),5,33,115,0,0,154,15-09-2016
Hydro,292,39,36,90,18,474,16-09-2016
Wind Gen(MU),5,34,127,0,0,166,16-09-2016
Total,1138,954,799,383,45,3319,16-09-2016
Total,1126,919,794,359,44,3242,17-09-2016
Wind Gen(MU),5,61,124,0,0,191,17-09-2016
Hydro,280,30,44,88,18,459,17-09-2016
Wind Gen(MU),5,67,132,0,0,205,18-09-2016
Hydro,276,34,36,90,18,453,18-09-2016
Total,1102,894,791,357,42,3185,18-09-2016
Wind Gen(MU),5,65,118,0,0,188,19-09-2016
Total,1117,915,846,382,43,3303,19-09-2016
Hydro,280,51,48,91,19,490,19-09-2016
Hydro,284,47,49,92,21,492,20-09-2016
Wind Gen(MU),15,70,125,0,0,210,20-09-2016
Total,1145,928,857,390,44,3364,20-09-2016
Total,1135,934,818,368,44,3300,21-09-2016
Hydro,285,50,47,88,21,491,21-09-2016
Wind Gen(MU),20,46,128,0,0,195,21-09-2016
Total,1084,938,801,379,44,3246,22-09-2016
Hydro,288,44,53,83,26,494,22-09-2016
Wind Gen(MU),10,36,130,0,0,177,22-09-2016
Wind Gen(MU),6,37,135,0,0,179,23-09-2016
Total,1093,943,798,378,45,3255,23-09-2016
Hydro,275,45,50,80,24,474,23-09-2016
Wind Gen(MU),26,49,142,0,0,217,24-09-2016
Total,1063,927,803,368,43,3204,24-09-2016
Hydro,259,42,52,80,25,457,24-09-2016
Hydro,247,34,74,73,22,450,25-09-2016
Wind Gen(MU),10,33,126,0,0,170,25-09-2016
Total,1025,906,760,342,43,3075,25-09-2016
Wind Gen(MU),13,41,107,0,0,161,26-09-2016
Hydro,241,35,94,81,21,471,26-09-2016
Total,1059,940,803,364,44,3211,26-09-2016
Hydro,234,46,95,79,22,476,27-09-2016
Solar Gen (MU),3.01,10.79,9.4,0.04,0.03,23,27-09-2016
Wind Gen(MU),23,46,87,0,0,156,27-09-2016
Total,1045,947,826,370,43,3231,27-09-2016
Hydro,232,55,94,76,19,477,28-09-2016
Wind Gen(MU),18,53,77,0,0,147,28-09-2016
Total,1043,958,821,362,47,3231,28-09-2016
Solar Gen (MU),3.43,10.64,8.4,0,0.01,22,28-09-2016
Total,1041,970,808,369,45,3233,29-09-2016
Hydro,229,58,84,76,20,466,29-09-2016
Wind Gen(MU),10,54,93,0,0,157,29-09-2016
Solar Gen (MU),0.47,11.19,8.5,0,0.02,20,29-09-2016
Wind Gen(MU),8,42,111,0,0,162,30-09-2016
Total,1043,962,819,375,45,3244,30-09-2016
Hydro,228,67,57,75,19,445,30-09-2016
Solar Gen (MU),0.35,9.67,9.4,0,0.02,19,30-09-2016
Total,1054,936,810,390,46,3235,01-10-2016
Wind Gen(MU),5,29,101,0,0,135,01-10-2016
Hydro,239,64,63,72,18,456,01-10-2016
Solar Gen (MU),0.43,6.74,10.1,0,0.02,17,01-10-2016
Wind Gen(MU),6,28,70,0,0,104,02-10-2016
Total,1028,881,760,380,46,3095,02-10-2016
Solar Gen (MU),0.12,8.02,12.2,0.04,0.02,20,02-10-2016
Hydro,241,79,47,72,20,459,02-10-2016
Wind Gen(MU),7,27,59,0,0,93,03-10-2016
Total,1062,903,828,391,46,3231,03-10-2016
Hydro,238,90,78,75,19,500,03-10-2016
Solar Gen (MU),0.27,7.55,12.3,0.04,0.01,20,03-10-2016
Wind Gen(MU),5,35,87,0,0,127,04-10-2016
Total,1058,894,869,399,45,3266,04-10-2016
Hydro,220,95,59,72,18,463,04-10-2016
Solar Gen (MU),0.14,6.91,12,0.02,0.02,19,04-10-2016
Wind Gen(MU),6,42,79,0,0,126,05-10-2016
Hydro,224,90,63,69,15,461,05-10-2016
Solar Gen (MU),0.3,5.43,11.8,0.04,0.02,18,05-10-2016
Total,1001,878,875,389,46,3189,05-10-2016
Total,987,879,878,383,48,3175,06-10-2016
Wind Gen(MU),4,31,85,0,0,119,06-10-2016
Solar Gen (MU),0.45,7.22,12.4,0.04,0.02,20,06-10-2016
Hydro,213,88,77,69,16,462,06-10-2016
Wind Gen(MU),9,18,84,0,0,111,07-10-2016
Solar Gen (MU),0.66,7.86,12.3,0.03,0.02,21,07-10-2016
Total,1008,880,897,386,46,3217,07-10-2016
Hydro,203,80,84,67,16,449,07-10-2016
Solar Gen (MU),0.62,8.9,11.7,0.03,0.02,21,08-10-2016
Wind Gen(MU),13,22,102,0,0,136,08-10-2016
Total,997,887,865,370,46,3164,08-10-2016
Hydro,198,75,71,69,17,429,08-10-2016
Solar Gen (MU),0.52,10.04,11.9,0,0.01,22,09-10-2016
Wind Gen(MU),20,30,102,0,0,151,09-10-2016
Hydro,187,78,58,67,19,409,09-10-2016
Total,967,864,809,350,40,3029,09-10-2016
Solar Gen (MU),0.64,10.56,13.2,0,0.01,24,10-10-2016
Wind Gen(MU),8,31,104,0,0,142,10-10-2016
Hydro,186,58,58,75,19,396,10-10-2016
Total,969,900,795,337,40,3041,10-10-2016
Total,915,834,804,331,36,2919,11-10-2016
Hydro,177,78,63,73,20,411,11-10-2016
Solar Gen (MU),3.27,10.67,14.2,0.04,0.01,28,11-10-2016
Wind Gen(MU),10,22,88,0,0,119,11-10-2016
Solar Gen (MU),2.81,11.26,12.3,0.04,0.01,26,12-10-2016
Wind Gen(MU),17,20,47,0,0,85,12-10-2016
Hydro,171,78,60,72,24,405,12-10-2016
Total,922,880,838,338,36,3014,12-10-2016
Solar Gen (MU),0.71,46.67,11.2,0.02,0.02,59,13-10-2016
Total,924,922,839,348,40,3073,13-10-2016
Hydro,171,75,50,76,26,399,13-10-2016
Wind Gen(MU),19,13,19,0,0,51,13-10-2016
Solar Gen (MU),3.75,10.54,13.1,0.02,0.01,27,14-10-2016
Wind Gen(MU),14,10,16,0,0,39,14-10-2016
Hydro,161,78,55,73,25,391,14-10-2016
Total,912,936,854,353,42,3097,14-10-2016
Hydro,165,88,54,70,21,398,15-10-2016
Wind Gen(MU),9,8,15,0,0,32,15-10-2016
Solar Gen (MU),0.98,10.13,13.5,0.04,0.03,25,15-10-2016
Total,925,949,870,346,43,3132,15-10-2016
Solar Gen (MU),3.17,10.62,15.5,0.04,0.03,29,16-10-2016
Total,905,978,891,361,44,3179,16-10-2016
Hydro,158,66,72,70,16,382,16-10-2016
Wind Gen(MU),4,13,14,0,0,31,16-10-2016
Wind Gen(MU),5,10,12,0,0,27,16-10-2016
Hydro,162,62,43,68,20,355,16-10-2016
Total,888,938,841,348,44,3058,16-10-2016
Solar Gen (MU),0.78,10.47,14.3,0.04,0.03,26,16-10-2016
Total,912,996,907,375,44,3234,18-10-2016
Hydro,160,54,92,75,14,396,18-10-2016
Solar Gen (MU),3.48,10.92,14.7,0.04,0.02,29,18-10-2016
Wind Gen(MU),14,20,13,0,0,47,18-10-2016
Solar Gen (MU),0.55,11.18,14.1,0.04,0.03,26,19-10-2016
Wind Gen(MU),17,22,23,0,0,62,19-10-2016
Hydro,157,51,73,73,14,368,19-10-2016
Total,913,1005,916,375,44,3254,19-10-2016
Solar Gen (MU),3.47,11.12,11,0.04,0.03,26,20-10-2016
Wind Gen(MU),15,19,18,0,0,51,20-10-2016
Hydro,155,48,90,78,12,382,20-10-2016
Total,893,1001,901,377,43,3214,20-10-2016
Solar Gen (MU),3.68,10.93,10.5,0.04,0.03,25,21-10-2016
Wind Gen(MU),14,18,16,0,0,47,21-10-2016
Hydro,150,56,83,69,12,370,21-10-2016
Total,909,1018,900,368,43,3237,21-10-2016
Solar Gen (MU),0.44,10.61,11.9,0.04,0.02,23,22-10-2016
Total,896,1031,870,369,42,3209,22-10-2016
Hydro,150,59,67,66,12,354,22-10-2016
Wind Gen(MU),15,18,29,0,0,62,22-10-2016
Total,876,1003,852,360,41,3132,23-10-2016
Wind Gen(MU),15,15,41,0,0,71,23-10-2016
Hydro,149,47,41,61,11,310,23-10-2016
Solar Gen (MU),3.15,10.55,11.8,0.04,0.03,26,23-10-2016
Wind Gen(MU),24,20,31,0,0,75,24-10-2016
Solar Gen (MU),0.36,9.85,13.1,0.03,0.03,23,24-10-2016
Hydro,142,47,56,62,11,319,24-10-2016
Total,884,1037,908,360,42,3231,24-10-2016
Hydro,151,46,59,60,12,328,24-10-2016
Wind Gen(MU),14,13,17,0,0,43,24-10-2016
Total,892,1045,884,361,41,3223,24-10-2016
Solar Gen (MU),2.57,10.06,14.5,0,0.03,27,24-10-2016
Total,870,1040,913,359,43,3224,26-10-2016
Solar Gen (MU),3.19,10.6,14.2,0.02,0.02,28,26-10-2016
Wind Gen(MU),8,16,12,0,0,36,26-10-2016
Hydro,146,39,65,61,12,323,26-10-2016
Wind Gen(MU),3,20,15,0,0,39,27-10-2016
Solar Gen (MU),3.06,10.67,14.7,0.02,0.01,28,27-10-2016
Total,883,1038,898,361,41,3221,27-10-2016
Hydro,134,45,52,60,12,302,27-10-2016
Solar Gen (MU),3.45,10.44,14.3,0.04,0.01,28,28-10-2016
Wind Gen(MU),4,18,33,0,0,55,28-10-2016
Total,896,1029,885,365,40,3215,28-10-2016
Hydro,132,54,60,57,12,315,28-10-2016
Solar Gen (MU),0.89,10.07,12.8,0.01,0.02,24,29-10-2016
Hydro,133,41,46,52,11,284,29-10-2016
Total,884,987,849,362,41,3123,29-10-2016
Wind Gen(MU),13,11,40,0,0,64,29-10-2016
Wind Gen(MU),5,14,15,0,0,34,30-10-2016
Solar Gen (MU),2.7,9.76,9.4,0.04,0.03,22,30-10-2016
Hydro,136,38,31,52,11,268,30-10-2016
Total,823,897,793,353,42,2908,30-10-2016
Wind Gen(MU),6,25,20,0,0,50,31-10-2016
Total,784,850,822,357,41,2855,31-10-2016
Solar Gen (MU),3.19,9.71,10.2,0.04,0.03,23,31-10-2016
Hydro,132,27,31,48,11,249,31-10-2016
Total,799,876,824,362,42,2903,01-11-2016
Solar Gen (MU),2.86,9.62,12.7,0.04,0.03,25,01-11-2016
Wind Gen(MU),6,27,17,0,0,50,01-11-2016
Hydro,135,32,34,47,10,258,01-11-2016
Solar Gen (MU),3.12,9.6,10,0.04,0.03,23,02-11-2016
Total,828,929,845,352,42,2995,02-11-2016
Hydro,133,39,48,46,10,276,02-11-2016
Wind Gen(MU),5,21,14,0,0,40,02-11-2016
Solar Gen (MU),2.53,9.5,11.2,0.03,0.02,23,03-11-2016
Wind Gen(MU),4,21,12,0,0,37,03-11-2016
Total,837,963,851,350,41,3042,03-11-2016
Hydro,135,34,57,43,11,279,03-11-2016
Hydro,134,40,51,44,10,277,04-11-2016
Total,852,982,864,351,40,3088,04-11-2016
Solar Gen (MU),2.54,9.17,12.2,0.02,0.02,24,04-11-2016
Wind Gen(MU),4,11,24,0,0,39,04-11-2016
Solar Gen (MU),0.14,9.37,14.5,0.03,0,24,05-11-2016
Hydro,128,44,36,43,10,261,05-11-2016
Total,856,992,866,339,41,3093,05-11-2016
Wind Gen(MU),4,8,27,0,0,39,05-11-2016
Solar Gen (MU),2.78,9.66,14.1,0.04,0,27,06-11-2016
Wind Gen(MU),8,5,27,0,0,40,06-11-2016
Hydro,120,48,24,40,10,242,06-11-2016
Total,826,985,840,324,36,3010,06-11-2016
Wind Gen(MU),3,12,13,0,0,27,07-11-2016
Hydro,124,57,45,39,12,277,07-11-2016
Solar Gen (MU),2.61,10.46,13.8,0.04,0,27,07-11-2016
Total,833,1006,856,315,38,3048,07-11-2016
Wind Gen(MU),5,13,17,0,0,35,08-11-2016
Solar Gen (MU),2.61,10.19,14.1,0.04,0.02,27,08-11-2016
Total,845,1023,881,317,39,3104,08-11-2016
Hydro,124,56,38,51,12,280,08-11-2016
Total,839,1019,874,318,39,3090,09-11-2016
Solar Gen (MU),2.89,10.05,12.9,0.04,0.03,26,09-11-2016
Hydro,124,43,40,47,11,265,09-11-2016
Wind Gen(MU),10,11,14,0,0,36,09-11-2016
Solar Gen (MU),0.4,10.52,15.2,0.03,0.02,26,10-11-2016
Hydro,123,40,39,48,11,261,10-11-2016
Wind Gen(MU),11,10,14,0,0,36,10-11-2016
Total,835,1025,874,318,39,3090,10-11-2016
Wind Gen(MU),16,9,14,0,0,40,11-11-2016
Solar Gen (MU),3,10.42,15.2,0.04,0.03,29,11-11-2016
Hydro,120,49,31,45,12,257,11-11-2016
Total,842,1019,874,330,40,3105,11-11-2016
Wind Gen(MU),11,9,13,0,0,33,12-11-2016
Hydro,115,49,37,39,12,252,12-11-2016
Total,817,1010,865,324,39,3054,12-11-2016
Solar Gen (MU),0.3,10.72,14.4,0.04,0.02,25,12-11-2016
Total,791,983,821,313,37,2946,13-11-2016
Hydro,113,39,31,38,11,232,13-11-2016
Solar Gen (MU),2.5,9.78,10.1,0.04,0.02,22,13-11-2016
Wind Gen(MU),13,28,14,0,0,55,13-11-2016
Wind Gen(MU),7,30,15,0,0,52,14-11-2016
Total,800,1007,854,317,37,3014,14-11-2016
Hydro,113,57,50,39,12,270,14-11-2016
Solar Gen (MU),0.19,9.71,10.6,0.03,0.03,21,14-11-2016
Solar Gen (MU),2.71,9.63,12.5,0.03,0.03,25,15-11-2016
Total,808,1014,866,318,39,3046,15-11-2016
Hydro,113,59,41,34,11,258,15-11-2016
Wind Gen(MU),3,18,16,0,0,38,15-11-2016
Hydro,112,48,38,33,11,242,16-11-2016
Total,808,1004,853,309,38,3013,16-11-2016
Solar Gen (MU),2.68,9.5,11.7,0.04,0.02,24,16-11-2016
Wind Gen(MU),3,29,31,0,0,63,16-11-2016
Solar Gen (MU),0.76,9.87,10.6,0.05,0.03,21,17-11-2016
Wind Gen(MU),7,37,42,0,0,86,17-11-2016
Total,800,987,869,315,39,3010,17-11-2016
Hydro,104,42,31,30,11,219,17-11-2016
Total,800,986,865,315,38,3004,18-11-2016
Hydro,107,40,31,33,11,222,18-11-2016
Wind Gen(MU),3,19,29,0,0,50,18-11-2016
Solar Gen (MU),2.77,10.01,11.6,0.05,0.03,24,18-11-2016
Solar Gen (MU),0.33,9.9,10,0.04,0.03,20,19-11-2016
Total,797,985,853,310,38,2984,19-11-2016
Hydro,107,62,26,34,11,239,19-11-2016
Wind Gen(MU),5,8,18,0,0,31,19-11-2016
Total,765,962,809,301,37,2873,20-11-2016
Hydro,106,38,21,30,11,204,20-11-2016
Wind Gen(MU),12,7,16,0,0,34,20-11-2016
Solar Gen (MU),3.23,9.86,11.5,0.04,0.02,25,20-11-2016
Total,786,988,847,311,37,2969,21-11-2016
Hydro,108,36,27,33,11,214,21-11-2016
Wind Gen(MU),9,8,18,0,0,35,21-11-2016
Solar Gen (MU),0.49,9.93,10.9,0.04,0.02,21,21-11-2016
Hydro,106,49,33,30,11,228,22-11-2016
Wind Gen(MU),3,11,17,0,0,31,22-11-2016
Total,802,1012,863,306,38,3021,22-11-2016
Solar Gen (MU),3.44,10.38,14.4,0.05,0.03,28,22-11-2016
Total,805,1011,868,305,39,3028,23-11-2016
Hydro,106,44,29,32,11,222,23-11-2016
Solar Gen (MU),2.77,10.33,14.1,0,0.03,27,23-11-2016
Wind Gen(MU),2,11,22,0,0,34,23-11-2016
Total,819,1012,868,296,39,3033,24-11-2016
Wind Gen(MU),5,25,30,0,0,59,24-11-2016
Solar Gen (MU),0.65,10.31,15.8,0.05,0.02,27,24-11-2016
Hydro,106,38,25,33,11,211,24-11-2016
Wind Gen(MU),10,33,28,0,0,71,25-11-2016
Hydro,107,48,21,30,11,218,25-11-2016
Total,806,1010,861,307,38,3022,25-11-2016
Solar Gen (MU),2.85,10.53,15.8,0.05,0.16,29,25-11-2016
Total,801,1007,849,309,38,3004,26-11-2016
Hydro,106,49,24,31,11,221,26-11-2016
Solar Gen (MU),0.51,10.57,15.3,0.05,0.02,26,26-11-2016
Wind Gen(MU),2,21,14,0,0,38,26-11-2016
Solar Gen (MU),2.76,10.58,15.1,0.05,0.02,29,27-11-2016
Wind Gen(MU),2,20,12,0,0,33,27-11-2016
Total,788,989,816,304,37,2933,27-11-2016
Hydro,103,50,19,30,11,213,27-11-2016
Solar Gen (MU),0.54,10.41,14.7,0.04,0.02,26,28-11-2016
Wind Gen(MU),2,10,10,0,0,22,28-11-2016
Hydro,105,71,24,29,11,240,28-11-2016
Total,812,1020,842,310,37,3022,28-11-2016
Solar Gen (MU),3.21,10.48,13.2,0.04,0.02,27,29-11-2016
Hydro,103,59,31,27,11,231,29-11-2016
Wind Gen(MU),3,8,7,0,0,18,29-11-2016
Total,811,1029,861,308,39,3047,29-11-2016
Total,756,1021,854,306,37,2974,30-11-2016
Solar Gen (MU),2.94,0,11.7,0.02,0.03,15,30-11-2016
Wind Gen(MU),5,6,11,0,0,22,30-11-2016
Hydro,111,51,35,26,11,234,30-11-2016
Solar Gen (MU),2.66,6.22,8.2,0.03,0.03,17,01-12-2016
Wind Gen(MU),10,17,17,0,0,44,01-12-2016
Hydro,102,40,27,26,11,207,01-12-2016
Total,782,1016,814,307,38,2957,01-12-2016
Solar Gen (MU),0.06,8.59,7.2,0.03,0.02,16,02-12-2016
Wind Gen(MU),15,48,21,0,0,84,02-12-2016
Hydro,104,50,29,25,11,219,02-12-2016
Total,801,1006,788,313,36,2945,02-12-2016
Total,810,1007,772,312,37,2939,03-12-2016
Hydro,101,60,33,23,11,226,03-12-2016
Wind Gen(MU),5,56,26,0,0,87,03-12-2016
Solar Gen (MU),0.65,7.55,8.6,0.04,0.02,17,03-12-2016
Total,798,977,740,295,37,2848,04-12-2016
Wind Gen(MU),3,45,24,0,0,72,04-12-2016
Solar Gen (MU),2.82,10.39,11.7,0.04,0.02,25,04-12-2016
Hydro,101,55,15,25,11,206,04-12-2016
Total,820,1019,786,298,36,2958,05-12-2016
Hydro,97,69,30,24,11,231,05-12-2016
Solar Gen (MU),0.56,8,13.5,0.04,0.02,22,05-12-2016
Wind Gen(MU),2,23,17,0,0,42,05-12-2016
Solar Gen (MU),2.76,8.24,11.6,0.05,0.03,23,06-12-2016
Wind Gen(MU),2,29,24,0,0,55,06-12-2016
Hydro,99,69,27,24,11,231,06-12-2016
Total,845,1023,753,305,37,2964,06-12-2016
Solar Gen (MU),2.68,7.6,15.1,0.05,0.03,25,07-12-2016
Hydro,101,62,31,27,11,232,07-12-2016
Total,836,1011,797,307,37,2988,07-12-2016
Wind Gen(MU),2,32,21,0,0,56,07-12-2016
Wind Gen(MU),4,9,10,0,0,23,08-12-2016
Hydro,103,57,43,25,11,239,08-12-2016
Total,822,1014,826,308,38,3008,08-12-2016
Solar Gen (MU),0.39,4.94,14.5,0.04,0.03,20,08-12-2016
Total,846,1015,841,307,37,3047,09-12-2016
Solar Gen (MU),2.8,10.12,14.8,0.04,0.03,28,09-12-2016
Hydro,105,42,42,23,11,222,09-12-2016
Wind Gen(MU),20,5,9,0,0,34,09-12-2016
Hydro,102,38,46,23,11,220,10-12-2016
Wind Gen(MU),23,9,12,0,0,43,10-12-2016
Solar Gen (MU),0.37,9.94,12.4,0.04,0.02,23,10-12-2016
Total,837,1001,826,305,38,3006,10-12-2016
Total,818,980,780,300,37,2915,11-12-2016
Solar Gen (MU),2.73,10.14,14,0.04,0.02,27,11-12-2016
Wind Gen(MU),6,17,13,0,0,37,11-12-2016
Hydro,100,31,14,23,11,178,11-12-2016
Total,820,1009,737,304,37,2906,12-12-2016
Hydro,97,47,15,24,11,194,12-12-2016
Wind Gen(MU),5,19,41,0,0,65,12-12-2016
Solar Gen (MU),2.78,10.2,9,0.05,0.02,22,12-12-2016
Hydro,101,51,18,23,11,204,13-12-2016
Total,842,1008,681,300,37,2869,13-12-2016
Wind Gen(MU),10,38,56,0,0,103,13-12-2016
Solar Gen (MU),0.11,9.8,9.5,0.05,0.02,19,13-12-2016
Hydro,97,44,26,22,9,198,14-12-2016
Wind Gen(MU),16,55,23,0,0,95,14-12-2016
Solar Gen (MU),2.45,9.63,10.5,0.04,0.02,23,14-12-2016
Total,849,1000,723,304,37,2913,14-12-2016
Solar Gen (MU),2.81,9.93,13.5,0.05,0.02,26,15-12-2016
Wind Gen(MU),9,31,27,0,0,67,15-12-2016
Hydro,100,47,28,21,11,207,15-12-2016
Total,857,1023,751,300,38,2969,15-12-2016
Hydro,97,45,27,22,11,202,16-12-2016
Solar Gen (MU),2.74,9.86,11.7,0.05,0.02,24,16-12-2016
Wind Gen(MU),7,23,26,0,0,55,16-12-2016
Total,866,1016,774,301,37,2994,16-12-2016
Solar Gen (MU),0.47,9.98,16.2,0.04,0.02,27,17-12-2016
Wind Gen(MU),4,13,22,0,0,39,17-12-2016
Hydro,100,50,28,22,11,210,17-12-2016
Total,855,1014,782,302,38,2991,17-12-2016
Total,832,990,754,291,37,2903,18-12-2016
Hydro,96,36,22,22,11,187,18-12-2016
Wind Gen(MU),4,12,18,0,0,34,18-12-2016
Solar Gen (MU),2.94,9.65,16,0.04,0.02,29,18-12-2016
Solar Gen (MU),0.23,10.15,16.2,0.04,0.02,27,19-12-2016
Total,849,1005,796,300,38,2988,19-12-2016
Hydro,95,41,32,22,11,201,19-12-2016
Wind Gen(MU),5,14,19,0,0,38,19-12-2016
Solar Gen (MU),2.86,10.46,12.3,0.04,0.02,26,20-12-2016
Total,864,1013,808,306,39,3029,20-12-2016
Wind Gen(MU),7,28,26,0,0,61,20-12-2016
Hydro,96,46,38,23,11,214,20-12-2016
Solar Gen (MU),2.73,10.3,15.4,0.05,0.01,28,21-12-2016
Wind Gen(MU),3,18,18,0,0,40,21-12-2016
Hydro,99,48,38,24,11,220,21-12-2016
Total,875,1016,835,312,39,3077,21-12-2016
Hydro,97,44,35,23,11,209,22-12-2016
Wind Gen(MU),2,13,10,0,0,24,22-12-2016
Solar Gen (MU),2.58,10.11,16.2,0.05,0.02,29,22-12-2016
Total,860,1018,842,313,38,3071,22-12-2016
Wind Gen(MU),1,10,10,0,0,21,23-12-2016
Hydro,100,48,39,22,11,220,23-12-2016
Solar Gen (MU),2.92,10.57,16.6,0.04,0.07,30,23-12-2016
Total,859,1022,849,315,39,3084,23-12-2016
Hydro,101,40,36,23,11,211,24-12-2016
Total,856,1009,840,313,39,3057,24-12-2016
Wind Gen(MU),6,7,13,0,0,26,24-12-2016
Solar Gen (MU),0.44,10.11,17.1,0.04,0.2,28,24-12-2016
Hydro,101,40,26,25,11,202,25-12-2016
Wind Gen(MU),14,36,11,0,0,61,25-12-2016
Solar Gen (MU),2.76,10.55,17.3,0.04,0.02,31,25-12-2016
Total,828,985,788,308,38,2946,25-12-2016
Solar Gen (MU),0.35,9.91,16.4,0.19,0.02,27,26-12-2016
Hydro,104,35,46,27,11,223,26-12-2016
Wind Gen(MU),6,42,13,0,0,61,26-12-2016
Total,844,1006,834,312,36,3032,26-12-2016
Total,848,1000,853,318,35,3055,27-12-2016
Hydro,101,44,35,22,11,213,27-12-2016
Wind Gen(MU),3,30,34,0,0,67,27-12-2016
Solar Gen (MU),2.78,9.8,15.4,0.04,0,28,27-12-2016
Hydro,102,43,43,21,11,219,28-12-2016
Wind Gen(MU),2,24,36,0,0,62,28-12-2016
Total,863,1004,855,319,36,3077,28-12-2016
Solar Gen (MU),2.67,10.01,12.8,0.03,0.02,26,28-12-2016
Total,852,1006,842,320,37,3057,29-12-2016
Hydro,104,51,49,21,11,235,29-12-2016
Wind Gen(MU),2,12,45,0,0,59,29-12-2016
Solar Gen (MU),0.24,10.15,15.5,0,0.02,26,29-12-2016
Total,843,1009,845,315,37,3048,30-12-2016
Solar Gen (MU),2.8,10.13,15.2,0.03,0.02,28,30-12-2016
Wind Gen(MU),5,6,28,0,0,39,30-12-2016
Hydro,104,40,65,20,11,239,30-12-2016
Hydro,101,40,48,26,11,226,31-12-2016
Wind Gen(MU),6,8,27,0,0,41,31-12-2016
Solar Gen (MU),0.1,9.88,16.2,0.03,0.02,26,31-12-2016
Total,840,995,847,317,39,3038,31-12-2016
Hydro,101,41,45,22,11,220,02-01-2017
Total,849,992,837,318,37,3033,02-01-2017
Wind Gen(MU),5,27,13,0,0,45,02-01-2017
Solar Gen (MU),0.08,9.34,15.9,0.03,0.02,25,02-01-2017
Wind Gen(MU),6,23,13,0,0,43,03-01-2017
Total,863,1006,858,314,36,3077,03-01-2017
Hydro,100,54,51,23,11,238,03-01-2017
Solar Gen (MU),2.38,9.31,16.7,0.18,0.02,29,03-01-2017
Total,863,1006,869,319,35,3092,04-01-2017
Hydro,94,58,50,27,7,235,04-01-2017
Solar Gen (MU),2.21,0,16.8,0.19,0.02,19,04-01-2017
Wind Gen(MU),2,10,16,0,0,29,04-01-2017
Wind Gen(MU),3,8,19,0,0,30,05-01-2017
Hydro,97,59,44,24,8,233,05-01-2017
Solar Gen (MU),0.29,9.63,15.2,0.05,0.02,25,05-01-2017
Total,881,1017,872,323,37,3129,05-01-2017
Hydro,99,46,41,20,11,217,07-01-2017
Solar Gen (MU),1.96,7.9,15.5,0.04,0.02,25,07-01-2017
Wind Gen(MU),9,18,13,0,0,40,07-01-2017
Total,792,1013,857,319,38,3018,07-01-2017
Hydro,100,43,38,17,11,208,09-01-2017
Wind Gen(MU),22,44,18,0,0,83,09-01-2017
Total,844,1002,854,318,36,3055,09-01-2017
Solar Gen (MU),0.13,8.54,16.6,0.04,0.02,25,09-01-2017
Solar Gen (MU),2.76,10.06,15.9,0.03,0.02,29,10-01-2017
Total,865,989,868,317,39,3078,10-01-2017
Wind Gen(MU),9,31,10,0,0,51,10-01-2017
Hydro,100,52,46,18,11,226,10-01-2017
Total,876,999,869,320,38,3102,11-01-2017
Hydro,96,43,46,20,11,216,11-01-2017
Wind Gen(MU),5,20,9,0,0,33,11-01-2017
Solar Gen (MU),2.55,10.59,15.5,0.03,0.02,29,11-01-2017
Wind Gen(MU),7,28,10,0,0,45,12-01-2017
Hydro,96,42,45,22,11,215,12-01-2017
Total,883,1000,876,325,39,3123,12-01-2017
Solar Gen (MU),0.23,10.53,14.2,0.03,0.02,25,12-01-2017
Hydro,98,51,49,20,8,226,13-01-2017
Solar Gen (MU),2.78,10.63,13.4,0.04,0.02,27,13-01-2017
Wind Gen(MU),16,33,20,0,0,69,13-01-2017
Total,907,990,863,327,39,3126,13-01-2017
Total,891,929,789,323,38,2969,14-01-2017
Hydro,99,35,28,19,11,191,14-01-2017
Solar Gen (MU),0.21,9.07,13.6,0.04,0.02,23,14-01-2017
Wind Gen(MU),21,49,32,0,0,101,14-01-2017
Total,866,919,740,317,37,2880,15-01-2017
Wind Gen(MU),15,31,29,0,0,75,15-01-2017
Hydro,96,47,24,18,11,195,15-01-2017
Solar Gen (MU),0,8.15,13.5,0.04,0.02,22,15-01-2017
Wind Gen(MU),6,29,20,0,0,54,16-01-2017
Solar Gen (MU),2.4,9.46,14.8,0,0.02,27,16-01-2017
Hydro,98,57,38,24,11,227,16-01-2017
Total,870,995,802,321,38,3026,16-01-2017
Hydro,100,52,35,20,11,217,17-01-2017
Solar Gen (MU),0.58,10.53,17.2,0.04,0.02,28,17-01-2017
Total,893,1008,829,322,39,3091,17-01-2017
Wind Gen(MU),7,25,25,0,0,57,17-01-2017
Solar Gen (MU),2.56,9.75,17.2,0.04,0.02,30,18-01-2017
Hydro,99,37,32,20,7,195,18-01-2017
Total,898,1006,835,326,39,3104,18-01-2017
Wind Gen(MU),12,45,48,0,0,104,18-01-2017
Hydro,96,43,42,19,11,210,19-01-2017
Wind Gen(MU),31,78,41,0,0,150,19-01-2017
Solar Gen (MU),0.34,8.65,15.6,0.04,0.02,25,19-01-2017
Total,892,1007,840,330,39,3108,19-01-2017
Total,909,1005,846,330,40,3130,20-01-2017
Hydro,96,50,44,19,11,220,20-01-2017
Wind Gen(MU),30,66,36,0,0,133,20-01-2017
Solar Gen (MU),0.42,7.63,17,0.05,0.02,25,20-01-2017
Wind Gen(MU),17,35,45,0,0,97,21-01-2017
Solar Gen (MU),0.18,8.33,11.9,0.04,0.02,20,21-01-2017
Hydro,98,53,40,19,11,220,21-01-2017
Total,916,1013,829,329,40,3128,21-01-2017
Wind Gen(MU),15,37,43,0,0,95,22-01-2017
Solar Gen (MU),2.44,8.78,15.4,0.05,0.02,27,22-01-2017
Hydro,98,49,35,19,11,212,22-01-2017
Total,878,1001,787,322,38,3025,22-01-2017
Solar Gen (MU),0.22,9.43,16.9,0.04,0.02,27,23-01-2017
Wind Gen(MU),15,33,42,0,0,90,23-01-2017
Hydro,97,50,36,20,11,214,23-01-2017
Total,893,1032,836,327,38,3127,23-01-2017
Total,901,1049,849,327,39,3164,24-01-2017
Hydro,97,48,38,21,11,215,24-01-2017
Wind Gen(MU),19,27,52,0,0,99,24-01-2017
Solar Gen (MU),1.84,9.6,15.4,0.04,0.02,27,24-01-2017
Solar Gen (MU),0.18,9.72,13.4,0.04,0.03,23,25-01-2017
Wind Gen(MU),18,30,45,0,0,93,25-01-2017
Total,882,1053,865,328,39,3167,25-01-2017
Hydro,106,56,43,19,11,234,25-01-2017
Solar Gen (MU),2.04,9.05,8,0.04,0.03,19,26-01-2017
Wind Gen(MU),6,30,33,0,0,70,26-01-2017
Hydro,107,41,35,17,11,212,26-01-2017
Total,692,973,812,324,38,2839,26-01-2017
Hydro,112,45,41,21,11,230,27-01-2017
Total,695,971,831,322,38,2856,27-01-2017
Hydro,119,41,51,19,11,241,27-01-2017
Wind Gen(MU),5,30,18,0,0,53,27-01-2017
Solar Gen (MU),-1.95,11.66,9.5,0.02,0.02,19,27-01-2017
Solar Gen (MU),0.86,11.71,13.1,0.04,0.02,26,27-01-2017
Wind Gen(MU),8,42,22,0,0,72,27-01-2017
Total,801,984,831,324,39,2978,27-01-2017
Hydro,109,47,33,19,11,220,29-01-2017
Wind Gen(MU),7,27,28,0,0,61,29-01-2017
Total,789,998,796,321,38,2942,29-01-2017
Solar Gen (MU),3.52,11.56,14.7,0.05,0.02,30,29-01-2017
Solar Gen (MU),0.95,11.81,17.2,0.05,0.02,30,30-01-2017
Wind Gen(MU),7,14,24,0,0,45,30-01-2017
Total,812,1025,841,328,39,3045,30-01-2017
Hydro,108,46,46,21,11,231,30-01-2017
Solar Gen (MU),3.23,11.61,19.2,0.04,0.02,34,01-02-2017
Wind Gen(MU),14,15,21,0,0,50,01-02-2017
Total,828,1039,864,329,39,3099,01-02-2017
Hydro,108,55,45,20,11,238,01-02-2017
Wind Gen(MU),11,14,25,0,0,49,01-02-2017
Solar Gen (MU),3.04,11.67,19.6,0.04,0.02,34,01-02-2017
Hydro,108,45,50,19,11,233,01-02-2017
Total,831,1030,876,333,38,3107,01-02-2017
Hydro,114,50,56,20,11,250,03-02-2017
Wind Gen(MU),11,23,37,0,0,71,03-02-2017
Solar Gen (MU),-2.39,10.77,19.2,0.03,0.02,28,03-02-2017
Total,835,1038,887,329,39,3128,03-02-2017
Solar Gen (MU),0.16,9.45,18.4,0.04,0.02,28,04-02-2017
Wind Gen(MU),31,45,34,0,0,109,04-02-2017
Hydro,112,49,52,21,11,245,04-02-2017
Total,822,1032,870,328,40,3092,04-02-2017
Wind Gen(MU),10,33,21,0,0,64,05-02-2017
Solar Gen (MU),2.83,11.29,23,0.32,0.03,37,05-02-2017
Total,785,1008,837,320,38,2989,05-02-2017
Hydro,117,40,46,20,11,234,05-02-2017
Solar Gen (MU),0.68,12.17,18.5,0.04,0.03,31,06-02-2017
Wind Gen(MU),12,26,9,0,0,47,06-02-2017
Hydro,128,42,58,20,5,252,06-02-2017
Total,821,1026,870,325,39,3082,06-02-2017
Hydro,123,48,47,23,5,246,07-02-2017
Total,846,1031,895,327,39,3137,07-02-2017
Wind Gen(MU),13,25,9,0,0,47,07-02-2017
Solar Gen (MU),2.74,12.18,18.9,0.05,0.02,34,07-02-2017
Wind Gen(MU),10,29,17,0,0,56,08-02-2017
Solar Gen (MU),0.55,11.67,18.8,0.04,0.02,31,08-02-2017
Total,872,1043,895,330,39,3180,08-02-2017
Hydro,120,51,42,19,5,237,08-02-2017
Solar Gen (MU),0.14,12.41,19.7,0.04,0.03,32,09-02-2017
Wind Gen(MU),16,50,19,0,0,85,09-02-2017
Hydro,119,47,43,19,5,232,09-02-2017
Total,860,1047,903,334,40,3184,09-02-2017
Solar Gen (MU),0.59,11.76,19.5,0.04,0.02,32,10-02-2017
Wind Gen(MU),13,48,22,0,0,83,10-02-2017
Hydro,113,47,46,19,5,231,10-02-2017
Total,882,1040,904,331,39,3196,10-02-2017
Wind Gen(MU),6,46,26,0,0,79,11-02-2017
Solar Gen (MU),0.39,10.66,20.5,0.04,0.02,32,11-02-2017
Hydro,114,33,40,21,5,212,11-02-2017
Total,872,1020,885,330,40,3148,11-02-2017
Solar Gen (MU),3.68,10.79,18.9,0.04,0.02,33,12-02-2017
Total,858,978,840,325,38,3038,12-02-2017
Hydro,111,34,33,21,4,202,12-02-2017
Wind Gen(MU),15,35,39,0,0,89,12-02-2017
Hydro,114,42,37,20,4,216,13-02-2017
Solar Gen (MU),0.34,10.31,19.4,0.04,0.02,30,13-02-2017
Total,874,1018,872,330,39,3133,13-02-2017
Wind Gen(MU),26,72,55,0,0,152,13-02-2017
Solar Gen (MU),3.13,10.31,16,0.04,0.02,30,14-02-2017
Wind Gen(MU),18,58,54,0,0,130,14-02-2017
Hydro,111,38,48,21,4,221,14-02-2017
Total,873,1044,900,334,39,3191,14-02-2017
Solar Gen (MU),2.91,10.33,17.5,0.04,0.02,31,15-02-2017
Wind Gen(MU),6,32,61,0,0,99,15-02-2017
Hydro,112,47,52,19,4,234,15-02-2017
Total,878,1055,896,332,40,3200,15-02-2017
Total,891,1061,889,337,40,3217,16-02-2017
Wind Gen(MU),12,24,65,0,0,101,16-02-2017
Hydro,114,51,52,19,5,241,16-02-2017
Solar Gen (MU),3,10.35,19.2,0.04,0.02,33,16-02-2017
Solar Gen (MU),-2.55,10.08,19.1,0.05,0.02,27,17-02-2017
Total,883,1054,890,337,40,3204,17-02-2017
Hydro,124,41,53,21,4,243,17-02-2017
Wind Gen(MU),10,39,65,0,0,113,17-02-2017
Total,879,1062,891,332,39,3203,18-02-2017
Hydro,128,38,57,21,5,248,18-02-2017
Wind Gen(MU),5,33,41,0,0,78,18-02-2017
Solar Gen (MU),0.2,11.72,19.9,0.04,0.02,32,18-02-2017
Total,863,1048,856,327,38,3131,19-02-2017
Solar Gen (MU),2.86,11.47,20,0.04,0.01,34,19-02-2017
Wind Gen(MU),23,22,18,0,0,63,19-02-2017
Hydro,128,38,50,20,5,240,19-02-2017
Hydro,139,41,71,21,4,275,20-02-2017
Wind Gen(MU),19,64,10,0,0,93,20-02-2017
Solar Gen (MU),0.17,12,19,0.05,0.01,31,20-02-2017
Total,872,1068,903,336,38,3217,20-02-2017
Hydro,142,35,65,23,3,268,21-02-2017
Wind Gen(MU),9,53,12,0,0,75,21-02-2017
Solar Gen (MU),3.37,12.28,18.3,0.04,0.01,34,21-02-2017
Total,894,1067,925,341,34,3261,21-02-2017
Wind Gen(MU),5,29,12,0,0,46,22-02-2017
Solar Gen (MU),0.59,12.18,19.6,0.04,0.02,32,22-02-2017
Total,908,1076,934,347,33,3298,22-02-2017
Hydro,144,56,81,25,5,311,22-02-2017
Wind Gen(MU),10,24,19,0,0,53,23-02-2017
Hydro,135,58,76,20,5,293,23-02-2017
Total,883,1082,942,344,34,3285,23-02-2017
Solar Gen (MU),1.15,12.43,20.8,0.04,0.01,34,23-02-2017
Total,869,1007,937,346,37,3195,24-02-2017
Hydro,141,48,89,22,4,303,24-02-2017
Wind Gen(MU),12,35,24,0,0,72,24-02-2017
Solar Gen (MU),-2.69,12.7,21,0.04,0.02,31,24-02-2017
Solar Gen (MU),0.37,12.68,19,0.05,0.02,32,25-02-2017
Total,878,1065,909,343,38,3233,25-02-2017
Hydro,126,48,63,23,4,264,25-02-2017
Wind Gen(MU),9,29,19,0,0,57,25-02-2017
Total,862,1052,878,332,37,3162,26-02-2017
Hydro,127,42,43,26,4,242,26-02-2017
Wind Gen(MU),6,18,22,0,0,46,26-02-2017
Solar Gen (MU),0.37,12.33,19.4,0.05,0.02,32,26-02-2017
Solar Gen (MU),0.47,12.58,16.8,0.25,0.03,30,27-02-2017
Wind Gen(MU),10,23,44,0,0,76,27-02-2017
Hydro,125,50,42,28,4,250,27-02-2017
Total,887,1080,915,339,39,3261,27-02-2017
Hydro,128,47,51,29,4,259,28-02-2017
Total,907,1089,922,345,39,3302,28-02-2017
Solar Gen (MU),2.27,12.26,18.1,0.04,0.03,33,28-02-2017
Wind Gen(MU),13,27,49,0,0,90,28-02-2017
Hydro,127,53,47,28,5,260,01-03-2017
Total,911,1088,923,346,39,3307,01-03-2017
Wind Gen(MU),9,25,46,0,0,80,01-03-2017
Solar Gen (MU),3.26,11.44,20.3,0.05,0.03,35,01-03-2017
Wind Gen(MU),11,32,49,0,0,92,02-03-2017
Solar Gen (MU),3.33,11.82,18.2,0.05,0.03,33,02-03-2017
Hydro,121,51,51,29,6,258,02-03-2017
Total,895,1091,930,348,40,3303,02-03-2017
Solar Gen (MU),3.21,11.9,17,0.04,0.02,32,03-03-2017
Hydro,123,38,61,30,9,260,03-03-2017
Wind Gen(MU),16,37,26,0,0,79,03-03-2017
Total,921,1085,934,351,37,3328,03-03-2017
Wind Gen(MU),11,38,16,0,0,65,04-03-2017
Total,912,1084,925,344,36,3301,04-03-2017
Solar Gen (MU),2.87,11.77,17.5,0.04,0.02,32,04-03-2017
Hydro,120,36,66,35,5,262,04-03-2017
Total,879,1046,888,340,33,3186,05-03-2017
Wind Gen(MU),8,35,14,0,0,57,05-03-2017
Solar Gen (MU),3.07,12.19,17.2,0.05,0.02,33,05-03-2017
Hydro,120,29,59,31,5,244,05-03-2017
Wind Gen(MU),10,32,17,0,0,59,06-03-2017
Solar Gen (MU),0.37,12.23,17.9,0.3,0.01,31,06-03-2017
Total,895,1071,929,350,36,3281,06-03-2017
Hydro,111,40,82,30,4,267,06-03-2017
Solar Gen (MU),2.67,11.66,16.8,0.25,0.02,31,07-03-2017
Hydro,116,37,74,30,4,261,07-03-2017
Wind Gen(MU),13,39,18,0,0,70,07-03-2017
Total,893,1072,934,355,37,3292,07-03-2017
Total,863,1066,930,346,38,3242,08-03-2017
Wind Gen(MU),10,36,13,0,0,59,08-03-2017
Solar Gen (MU),2.8,11.48,19.5,0.73,0.01,35,08-03-2017
Hydro,112,39,75,28,4,258,08-03-2017
Solar Gen (MU),0.33,11.47,18.4,1.07,0.02,31,09-03-2017
Total,824,1070,942,345,37,3218,09-03-2017
Hydro,116,39,62,26,5,248,09-03-2017
Wind Gen(MU),7,41,16,0,0,64,09-03-2017
Total,747,1036,925,321,38,3067,10-03-2017
Hydro,119,43,53,28,7,250,10-03-2017
Wind Gen(MU),11,72,34,0,0,118,10-03-2017
Solar Gen (MU),3.16,10.29,20.4,1.01,0.02,35,10-03-2017
Total,751,1013,922,311,34,3031,11-03-2017
Hydro,128,42,55,31,7,264,11-03-2017
Wind Gen(MU),17,52,27,0,0,97,11-03-2017
Solar Gen (MU),0.57,12.9,20.6,1.26,0.09,35,11-03-2017
Wind Gen(MU),9,21,17,0,0,48,12-03-2017
Hydro,115,37,38,30,9,229,12-03-2017
Total,773,974,885,308,35,2975,12-03-2017
Solar Gen (MU),3.59,13.09,20.2,1.54,0.02,38,12-03-2017
Total,701,858,910,302,34,2805,13-03-2017
Hydro,108,31,50,26,7,222,13-03-2017
Wind Gen(MU),5,19,14,0,0,38,13-03-2017
Solar Gen (MU),0.66,13.09,19.4,1.55,0.02,35,13-03-2017
Total,751,948,931,315,37,2983,14-03-2017
Hydro,115,31,59,34,8,246,14-03-2017
Wind Gen(MU),10,31,17,0,0,57,14-03-2017
Solar Gen (MU),3.21,12.81,19,1.57,0.03,37,14-03-2017
Wind Gen(MU),15,41,23,0,0,78,15-03-2017
Hydro,111,42,62,34,7,257,15-03-2017
Solar Gen (MU),2.91,12.31,17.4,1.61,0.03,34,15-03-2017
Total,795,1009,921,334,38,3097,15-03-2017
Total,810,1027,914,344,38,3133,16-03-2017
Hydro,112,43,72,29,6,262,16-03-2017
Wind Gen(MU),8,38,7,0,0,53,16-03-2017
Solar Gen (MU),0.15,11.84,16.5,1.57,0.03,30,16-03-2017
Solar Gen (MU),2.75,11.97,19.7,1.33,0.02,36,17-03-2017
Total,838,1035,928,353,37,3190,17-03-2017
Hydro,114,35,80,33,6,267,17-03-2017
Wind Gen(MU),6,41,13,0,0,60,17-03-2017
Hydro,114,29,73,35,7,258,18-03-2017
Wind Gen(MU),9,56,17,0,0,82,18-03-2017
Total,835,1040,935,354,31,3194,18-03-2017
Solar Gen (MU),0.3,12.02,22.2,1.61,0.07,36,18-03-2017
Total,802,1004,895,341,33,3075,19-03-2017
Solar Gen (MU),3.17,12.02,21.3,0.59,0.03,37,19-03-2017
Wind Gen(MU),5,37,20,0,0,62,19-03-2017
Hydro,116,25,64,31,7,242,19-03-2017
Total,830,1049,948,343,35,3206,20-03-2017
Hydro,118,41,79,32,5,274,20-03-2017
Wind Gen(MU),2,19,27,0,0,48,20-03-2017
Solar Gen (MU),0.94,12.73,20.3,1.55,0,36,20-03-2017
Total,851,1070,960,344,38,3263,21-03-2017
Wind Gen(MU),12,17,13,0,0,42,21-03-2017
Hydro,117,53,79,34,4,286,21-03-2017
Solar Gen (MU),3.08,12.4,20.4,1.97,0.03,38,21-03-2017
Solar Gen (MU),3.32,12.28,19,1.48,0.03,36,22-03-2017
Wind Gen(MU),22,22,15,0,0,58,22-03-2017
Hydro,112,43,73,40,4,272,22-03-2017
Total,869,1081,962,351,38,3301,22-03-2017
Total,884,1089,969,378,39,3359,23-03-2017
Hydro,211,36,74,42,4,368,23-03-2017
Wind Gen(MU),7,28,18,0,0,53,23-03-2017
Solar Gen (MU),0.29,12.53,21.8,1.37,0.02,36,23-03-2017
Wind Gen(MU),11,35,15,0,0,60,24-03-2017
Solar Gen (MU),0.29,12.13,23.3,1.28,0.02,37,24-03-2017
Hydro,124,38,83,45,4,293,24-03-2017
Total,924,1098,975,380,39,3416,24-03-2017
Hydro,125,45,78,36,4,287,25-03-2017
Solar Gen (MU),0.7,12.39,22.7,1.27,0.02,37,25-03-2017
Total,907,1101,974,375,35,3392,25-03-2017
Wind Gen(MU),10,31,16,0,0,58,25-03-2017
Wind Gen(MU),7,31,23,0,0,61,26-03-2017
Total,877,1084,928,370,36,3294,26-03-2017
Hydro,117,44,58,40,4,264,26-03-2017
Solar Gen (MU),3.59,11.78,21.8,1.42,0.03,39,26-03-2017
Solar Gen (MU),0.44,12.13,23.5,1.2,0.02,37,27-03-2017
Wind Gen(MU),9,30,19,0,0,59,27-03-2017
Hydro,134,50,70,45,5,303,27-03-2017
Total,887,1123,957,385,37,3388,27-03-2017
Wind Gen(MU),29,31,15,0,0,74,28-03-2017
Hydro,144,42,81,49,5,320,28-03-2017
Total,933,1129,990,392,38,3482,28-03-2017
Solar Gen (MU),3.46,12.32,22,1.3,0.02,39,28-03-2017
Total,947,1140,967,398,37,3488,29-03-2017
Solar Gen (MU),3.49,12.44,20.9,1.4,0.01,38,29-03-2017
Wind Gen(MU),15,37,16,0,0,67,29-03-2017
Hydro,152,46,76,43,7,324,29-03-2017
Hydro,153,38,73,44,10,318,30-03-2017
Solar Gen (MU),0.36,12.36,22,1.2,0.03,36,30-03-2017
Total,945,1151,981,380,36,3494,30-03-2017
Wind Gen(MU),16,45,17,0,0,78,30-03-2017
Solar Gen (MU),0.44,12.07,22.5,1.4,0.02,36,31-03-2017
Wind Gen(MU),20,45,20,0,0,85,31-03-2017
Total,960,1138,994,395,35,3523,31-03-2017
Hydro,153,26,78,49,8,314,31-03-2017
Wind Gen(MU),11,55,24,0,0,89,01-04-2017
Total,932,1119,972,393,33,3449,01-04-2017
Solar Gen (MU),1.08,12.78,22.3,1.32,0.02,38,01-04-2017
Hydro,149,31,70,60,11,322,01-04-2017
Wind Gen(MU),12,54,24,0,0,90,02-04-2017
Hydro,146,26,51,62,12,297,02-04-2017
Total,881,1088,925,380,30,3304,02-04-2017
Solar Gen (MU),2.93,12.97,20.8,1.27,0.01,38,02-04-2017
Total,898,1129,977,384,31,3419,04-04-2017
Hydro,136,48,74,49,11,318,04-04-2017
Wind Gen(MU),33,60,26,0,0,118,04-04-2017
Solar Gen (MU),2.8,13.13,21.5,2.3,0.02,40,04-04-2017
Total,817,1138,987,386,35,3362,05-04-2017
Hydro,141,41,73,47,12,314,05-04-2017
Solar Gen (MU),3.05,12.77,21,1.22,0.02,38,05-04-2017
Wind Gen(MU),43,69,38,0,0,149,05-04-2017
Hydro,159,33,67,52,11,322,06-04-2017
Solar Gen (MU),3.48,12.74,23.8,1.22,0.02,41,06-04-2017
Total,834,1144,965,398,35,3375,06-04-2017
Wind Gen(MU),28,77,31,0,0,136,06-04-2017
Solar Gen (MU),0.44,13.01,21.9,1.25,0.03,37,07-04-2017
Wind Gen(MU),14,52,33,0,0,99,07-04-2017
Total,925,1124,968,396,38,3451,07-04-2017
Hydro,175,31,61,44,11,322,07-04-2017
Solar Gen (MU),1.09,13.02,22.7,1.23,0.02,38,08-04-2017
Wind Gen(MU),13,34,17,0,0,64,08-04-2017
Hydro,168,44,67,49,9,337,08-04-2017
Total,862,1111,971,388,37,3369,08-04-2017
Solar Gen (MU),4.11,13.25,22.8,1.28,0.02,41,09-04-2017
Wind Gen(MU),12,54,18,0,0,84,09-04-2017
Hydro,156,32,50,55,9,301,09-04-2017
Total,820,1086,924,391,35,3256,09-04-2017
Hydro,151,35,62,44,9,301,10-04-2017
Solar Gen (MU),1.03,13.65,22.6,1.33,0.02,39,10-04-2017
Total,802,1119,963,400,37,3320,10-04-2017
Wind Gen(MU),13,59,28,0,0,100,10-04-2017
Hydro,264,43,53,46,8,415,11-04-2017
Total,966,1140,965,398,38,3507,11-04-2017
Solar Gen (MU),3.98,13.54,21.6,1.48,0.02,41,11-04-2017
Wind Gen(MU),14,37,34,0,0,85,11-04-2017
Total,899,1145,968,402,41,3456,12-04-2017
Hydro,171,41,56,37,7,312,12-04-2017
Wind Gen(MU),14,39,24,0,0,78,12-04-2017
Solar Gen (MU),3.87,13.41,23.8,1.38,0.03,42,12-04-2017
Wind Gen(MU),7,41,23,0,0,71,13-04-2017
Total,925,1156,971,417,41,3510,13-04-2017
Hydro,191,33,48,40,7,319,13-04-2017
Solar Gen (MU),3.09,13.17,23.1,1.32,0.03,41,13-04-2017
Hydro,203,31,33,39,7,313,14-04-2017
Total,942,1164,935,408,41,3490,14-04-2017
Solar Gen (MU),-2.94,13.31,22.5,1.29,0.03,34,14-04-2017
Wind Gen(MU),15,49,31,0,0,95,14-04-2017
Wind Gen(MU),18,65,46,0,0,129,15-04-2017
Hydro,203,37,41,39,6,327,15-04-2017
Total,943,1165,946,390,36,3480,15-04-2017
Solar Gen (MU),3.87,13.38,23.2,1.09,0.02,42,15-04-2017
Solar Gen (MU),3.8,13.25,23.7,1.2,0.02,42,16-04-2017
Wind Gen(MU),13,64,81,0,0,159,16-04-2017
Hydro,222,36,31,33,6,328,16-04-2017
Wind Gen(MU),11,63,67,0,0,141,16-04-2017
Hydro,236,58,52,34,7,387,16-04-2017
Solar Gen (MU),0.91,13.39,23.7,1.3,0.03,39,16-04-2017
Total,922,1124,906,380,32,3364,16-04-2017
Total,986,1157,933,393,36,3505,16-04-2017
Wind Gen(MU),14,76,57,0,0,147,18-04-2017
Hydro,256,50,64,38,8,416,18-04-2017
Solar Gen (MU),3.91,13.36,24,1.22,0.03,43,18-04-2017
Total,1007,1162,961,403,40,3574,18-04-2017
Wind Gen(MU),15,91,66,0,0,171,19-04-2017
Total,1026,1155,972,388,38,3579,19-04-2017
Hydro,277,57,61,31,8,433,19-04-2017
Solar Gen (MU),3.77,13.47,23.1,1.06,0.03,41,19-04-2017
Hydro,288,48,60,35,8,441,20-04-2017
Total,1041,1150,957,376,36,3560,20-04-2017
Solar Gen (MU),3.62,13.51,23.1,1.05,0,41,20-04-2017
Wind Gen(MU),14,88,87,0,0,189,20-04-2017
Solar Gen (MU),-2.36,13.46,23.3,1.03,0.01,35,21-04-2017
Wind Gen(MU),15,89,97,0,0,200,21-04-2017
Hydro,299,34,50,41,8,432,21-04-2017
Total,1042,1156,936,398,37,3569,21-04-2017
Solar Gen (MU),0.61,13.28,25.7,1.05,0,41,22-04-2017
Wind Gen(MU),14,88,81,0,0,183,22-04-2017
Hydro,284,26,47,38,9,404,22-04-2017
Total,982,1146,929,375,37,3469,22-04-2017
Solar Gen (MU),3.94,12.96,25.6,1.25,0,44,23-04-2017
Total,941,1111,895,358,36,3342,23-04-2017
Hydro,291,35,42,44,9,422,23-04-2017
Wind Gen(MU),14,75,60,0,0,149,23-04-2017
Total,920,1143,945,365,36,3410,24-04-2017
Hydro,257,40,55,49,10,411,24-04-2017
Wind Gen(MU),14,71,74,0,0,158,24-04-2017
Solar Gen (MU),3.87,12.97,24.8,1.34,0,43,24-04-2017
Wind Gen(MU),14,61,56,0,0,131,25-04-2017
Solar Gen (MU),3.63,13.17,24.3,0.78,0.01,42,25-04-2017
Total,968,1180,944,390,35,3517,25-04-2017
Hydro,242,38,49,48,11,388,25-04-2017
Solar Gen (MU),3.9,13.57,24.3,1.4,0.02,43,26-04-2017
Wind Gen(MU),11,58,29,0,0,97,26-04-2017
Total,971,1136,935,403,34,3479,26-04-2017
Hydro,230,46,65,51,13,405,26-04-2017
Hydro,220,47,56,51,12,387,27-04-2017
Total,980,1127,933,412,37,3488,27-04-2017
Solar Gen (MU),4.04,13.5,23.6,1.34,0.02,43,27-04-2017
Wind Gen(MU),14,56,31,0,0,100,27-04-2017
Total,1000,1125,942,412,33,3512,28-04-2017
Hydro,223,41,49,48,10,371,28-04-2017
Wind Gen(MU),14,59,32,0,0,106,28-04-2017
Solar Gen (MU),2.3,13.12,25.6,1.38,0.02,42,28-04-2017
Wind Gen(MU),13,59,24,0,0,96,29-04-2017
Solar Gen (MU),2.78,12.46,26.1,0.54,0.03,42,29-04-2017
Hydro,221,36,37,55,9,358,29-04-2017
Total,996,1105,915,414,32,3462,29-04-2017
Total,947,1059,860,382,35,3284,30-04-2017
Hydro,226,20,31,52,10,340,30-04-2017
Wind Gen(MU),14,52,12,0,0,78,30-04-2017
Solar Gen (MU),3.37,12.64,26.4,1.24,0,44,30-04-2017
Solar Gen (MU),3.76,12.44,27.2,1.14,0.02,45,01-05-2017
Total,977,1067,819,330,33,3226,01-05-2017
Hydro,223,21,27,51,10,331,01-05-2017
Wind Gen(MU),14,37,24,0,0,75,01-05-2017
Total,1032,1114,878,366,38,3428,02-05-2017
Wind Gen(MU),14,34,20,0,0,68,02-05-2017
Solar Gen (MU),3.58,12.53,26.3,1.59,0.07,44,02-05-2017
Hydro,213,28,39,55,11,347,02-05-2017
Hydro,199,17,47,60,11,333,03-05-2017
Solar Gen (MU),2.91,12.59,25.4,1.44,0.03,42,03-05-2017
Wind Gen(MU),15,46,15,0,0,76,03-05-2017
Total,1001,1122,915,388,37,3463,03-05-2017
Total,1018,1118,926,398,39,3500,04-05-2017
Solar Gen (MU),2.7,12.63,27.6,1.29,0.03,44,04-05-2017
Hydro,205,18,62,55,9,349,04-05-2017
Wind Gen(MU),5,44,16,0,0,65,04-05-2017
Total,1075,1133,944,392,37,3581,05-05-2017
Solar Gen (MU),3.57,12.21,26.2,1.39,0.02,43,05-05-2017
Wind Gen(MU),8,48,20,0,0,76,05-05-2017
Hydro,213,26,66,65,9,378,05-05-2017
Hydro,223,29,46,56,16,369,06-05-2017
Wind Gen(MU),13,45,29,0,0,86,06-05-2017
Total,1078,1122,916,385,35,3536,06-05-2017
Solar Gen (MU),2.83,12.73,25.1,1.35,0.02,42,06-05-2017
Total,1080,1058,821,371,34,3364,07-05-2017
Solar Gen (MU),3.8,12.43,22.7,1.37,0.02,40,07-05-2017
Wind Gen(MU),17,67,29,0,0,113,07-05-2017
Hydro,241,15,31,52,9,348,07-05-2017
Solar Gen (MU),4,12.54,24.8,1.27,0.02,43,08-05-2017
Hydro,272,21,37,50,9,390,08-05-2017
Wind Gen(MU),16,55,26,0,0,96,08-05-2017
Hydro,290,26,38,47,9,410,09-05-2017
Solar Gen (MU),4.02,12.2,25,1.08,0.01,42,09-05-2017
Wind Gen(MU),21,64,50,0,0,135,09-05-2017
Solar Gen (MU),3.79,12.82,25.1,1.31,0.03,43,10-05-2017
Wind Gen(MU),16,62,26,0,0,105,10-05-2017
Hydro,284,25,50,52,11,422,10-05-2017
Solar Gen (MU),3.12,12.71,23.9,1.4,0.02,41,11-05-2017
Wind Gen(MU),18,51,18,0,0,87,11-05-2017
Hydro,292,22,44,56,10,424,11-05-2017
Hydro,307,16,54,57,11,445,12-05-2017
Wind Gen(MU),11,43,11,0,0,65,12-05-2017
Solar Gen (MU),2.94,12.24,25,1.41,0.02,42,12-05-2017
Solar Gen (MU),3.68,12.03,26.8,1.21,0.02,44,13-05-2017
Wind Gen(MU),13,47,24,0,0,84,13-05-2017
Hydro,320,18,46,48,11,442,13-05-2017
Solar Gen (MU),3.68,12.29,25.7,1.37,0.02,43,14-05-2017
Wind Gen(MU),22,63,81,0,0,166,14-05-2017
Hydro,308,22,25,46,11,411,14-05-2017
Wind Gen(MU),27,90,103,0,0,220,15-05-2017
Solar Gen (MU),0.91,12.92,25.9,0.7,0.02,40,15-05-2017
Hydro,308,22,31,63,11,434,15-05-2017
Wind Gen(MU),16,86,90,0,0,192,16-05-2017
Hydro,309,30,35,80,13,466,16-05-2017
Solar Gen (MU),3.67,13.35,26.7,1.21,0,45,16-05-2017
Solar Gen (MU),3.74,12.77,23.5,1.16,0.02,41,17-05-2017
Hydro,304,27,31,76,10,449,17-05-2017
Wind Gen(MU),16,79,121,0,0,216,17-05-2017
Solar Gen (MU),0.77,12.67,25,2.07,0.02,41,18-05-2017
Wind Gen(MU),27,90,93,0,0,210,18-05-2017
Hydro,294,27,35,74,11,440,18-05-2017
Wind Gen(MU),38,106,103,0,0,247,19-05-2017
Solar Gen (MU),1.08,12.62,25.8,1.39,0.02,41,19-05-2017
Hydro,300,24,28,73,11,437,19-05-2017
Hydro,301,31,31,67,10,440,20-05-2017
Wind Gen(MU),34,100,91,0,0,224,20-05-2017
Solar Gen (MU),3.26,12.7,25.7,1.44,0.02,43,20-05-2017
Wind Gen(MU),34,103,58,0,0,195,21-05-2017
Hydro,294,8,27,67,10,406,21-05-2017
Solar Gen (MU),2.63,12.22,24.7,1.38,0.02,41,21-05-2017
Hydro,298,36,26,67,11,437,22-05-2017
Solar Gen (MU),0.51,12.94,19.9,1.35,0.02,35,22-05-2017
Wind Gen(MU),14,61,65,0,0,140,22-05-2017
Solar Gen (MU),3.69,12.59,24.7,1.25,0.02,42,23-05-2017
Wind Gen(MU),14,70,55,0,0,138,23-05-2017
Hydro,292,44,26,67,12,440,23-05-2017
Wind Gen(MU),6,78,97,0,0,181,24-05-2017
Hydro,281,33,31,67,13,426,24-05-2017
Solar Gen (MU),3.63,12.37,22.2,1.38,0.02,40,24-05-2017
Solar Gen (MU),3.75,12.51,24.3,1.27,0.02,42,25-05-2017
Wind Gen(MU),11,86,111,0,0,207,25-05-2017
Hydro,285,28,28,64,13,419,25-05-2017
Nuclear,26,17,40,0,0,84,26-05-2017
Hydro,227,34,57,87,22,427,26-05-2017
Thermal (Coal & Lignite),645,1232,622,448,9,2956,26-05-2017
Total,977,1442,848,536,54,3857,26-05-2017
Solar Gen (MU),0,12.89,24.2,1.28,0.02,38,26-05-2017
"Gas, Naptha & Diesel",37,49,19,0,22,127,26-05-2017
"RES (Wind, Solar, Biomass & Others)",40,110,111,1,0,263,26-05-2017
Wind Gen(MU),31,92,136,0,0,260,26-05-2017
Hydro,296,30,20,65,20,430,26-05-2017
Solar Gen (MU),3.92,12.83,23.5,0.94,0.03,41,27-05-2017
Wind Gen(MU),43,130,109,0,0,282,27-05-2017
Hydro,308,21,19,63,17,428,27-05-2017
Solar Gen (MU),3.47,12.92,20.3,1.25,0.03,38,28-05-2017
Wind Gen(MU),39,130,117,0,0,285,28-05-2017
Hydro,312,22,15,63,14,426,28-05-2017
Solar Gen (MU),0.45,11.6,26.6,1.32,0.03,40,29-05-2017
Wind Gen(MU),15,145,147,0,0,307,29-05-2017
Hydro,307,20,14,65,13,419,29-05-2017
Solar Gen (MU),3.52,11.9,24.5,1.24,0,41,30-05-2017
Wind Gen(MU),16,106,168,0,0,290,30-05-2017
Hydro,303,32,19,67,13,434,30-05-2017
Hydro,304,34,22,85,22,466,31-05-2017
Wind Gen(MU),30,86,139,0,0,255,31-05-2017
Solar Gen (MU),3.38,12,27,1.33,0.02,44,31-05-2017
Solar Gen (MU),2.06,12.38,26.4,1.43,0,42,01-06-2017
Wind Gen(MU),10,38,101,0,0,149,01-06-2017
Hydro,309,39,49,81,23,500,01-06-2017
Hydro,295,39,43,75,20,472,02-06-2017
Wind Gen(MU),13,18,111,0,0,142,02-06-2017
Solar Gen (MU),-1.73,11.82,27.5,1.32,0.01,39,02-06-2017
Solar Gen (MU),3.47,11.55,27.6,1.56,0.02,44,03-06-2017
Wind Gen(MU),23,43,132,0,0,198,03-06-2017
Hydro,302,37,30,79,22,470,03-06-2017
Hydro,308,25,22,79,22,456,04-06-2017
Wind Gen(MU),45,80,125,0,0,250,04-06-2017
Solar Gen (MU),4.11,12.51,24.1,1.44,0.01,42,04-06-2017
Solar Gen (MU),-2.07,11.84,27.5,1.02,0.02,38,05-06-2017
Wind Gen(MU),46,94,138,0,0,277,05-06-2017
Hydro,320,29,28,68,19,464,05-06-2017
Wind Gen(MU),47,98,138,0,0,282,06-06-2017
Solar Gen (MU),3.72,11.74,24.8,0.89,0.02,41,06-06-2017
Hydro,321,29,28,63,19,460,06-06-2017
Solar Gen (MU),3.13,12.23,22.7,0.51,0.02,39,07-06-2017
Hydro,315,29,27,67,17,454,07-06-2017
Wind Gen(MU),36,96,102,0,0,234,07-06-2017
Solar Gen (MU),3.32,10.73,19.2,0.8,0.02,34,07-06-2017
Wind Gen(MU),28,108,155,0,0,290,07-06-2017
Hydro,332,27,44,105,28,536,07-06-2017
Hydro,318,32,24,69,17,461,08-06-2017
Wind Gen(MU),24,80,125,0,0,228,08-06-2017
Solar Gen (MU),2.3,10.03,17.5,0.9,0.02,31,08-06-2017
Hydro,317,24,21,63,16,442,09-06-2017
Wind Gen(MU),14,79,140,0,0,233,09-06-2017
Solar Gen (MU),3.17,11.05,22.3,1.26,0.03,38,09-06-2017
Hydro,294,23,19,64,16,416,10-06-2017
Wind Gen(MU),12,56,152,0,0,220,10-06-2017
Solar Gen (MU),4.02,11.31,23.4,1.4,0.01,40,10-06-2017
Solar Gen (MU),3.96,11.94,20.6,1.21,0.02,38,11-06-2017
Wind Gen(MU),5,44,163,0,0,212,11-06-2017
Hydro,281,23,12,67,16,398,11-06-2017
Hydro,267,23,26,68,23,407,12-06-2017
Solar Gen (MU),0.95,12.13,20.2,1.21,0,34,12-06-2017
Wind Gen(MU),25,56,159,0,0,239,12-06-2017
Hydro,271,23,29,79,25,427,13-06-2017
Wind Gen(MU),28,74,129,0,0,232,13-06-2017
Solar Gen (MU),3.96,11.38,18.5,1.3,0,35,13-06-2017
Solar Gen (MU),3.76,12.08,24.8,1.4,0.02,42,14-06-2017
Wind Gen(MU),28,62,125,0,0,215,14-06-2017
Hydro,285,37,33,77,27,459,14-06-2017
Solar Gen (MU),2.32,12.59,20,1.15,0.02,36,15-06-2017
Wind Gen(MU),19,88,129,0,0,236,15-06-2017
Hydro,301,32,36,71,27,467,15-06-2017
Solar Gen (MU),3.54,12.76,17.3,1.18,0,35,16-06-2017
Wind Gen(MU),28,106,109,0,0,243,16-06-2017
Hydro,306,27,39,70,26,468,16-06-2017
Hydro,310,30,33,69,27,467,17-06-2017
Wind Gen(MU),31,101,109,0,0,240,17-06-2017
Solar Gen (MU),3,12.76,20.9,1.25,0.02,38,17-06-2017
Hydro,321,27,22,75,27,472,18-06-2017
Solar Gen (MU),3.69,12.77,22.9,1.43,0.01,41,18-06-2017
Wind Gen(MU),28,111,112,0,0,251,18-06-2017
Hydro,326,26,27,71,27,477,19-06-2017
Wind Gen(MU),39,131,138,0,0,308,19-06-2017
Solar Gen (MU),0.55,12.26,18.7,1.09,0,33,19-06-2017
Wind Gen(MU),44,142,119,0,0,305,20-06-2017
Hydro,330,29,28,76,27,490,20-06-2017
Solar Gen (MU),2.21,11.48,21.7,1.38,0.01,37,20-06-2017
Solar Gen (MU),0.71,10.79,24.6,1.2,0.02,37,21-06-2017
Wind Gen(MU),28,141,133,0,0,302,21-06-2017
Hydro,325,29,30,81,27,491,21-06-2017
Hydro,322,37,34,81,24,499,22-06-2017
Wind Gen(MU),26,128,167,0,0,321,22-06-2017
Solar Gen (MU),0.96,9.63,25.9,1.16,0.02,38,22-06-2017
Solar Gen (MU),0.72,11.74,23.8,1.33,0.02,38,23-06-2017
Wind Gen(MU),10,114,183,0,0,307,23-06-2017
Hydro,319,46,34,97,23,518,23-06-2017
Hydro,314,45,28,86,23,496,24-06-2017
Wind Gen(MU),12,90,177,0,0,279,24-06-2017
Solar Gen (MU),2.99,11.34,24.4,1.25,0.03,40,24-06-2017
Hydro,340,24,19,92,22,497,25-06-2017
Wind Gen(MU),13,56,176,0,0,246,25-06-2017
Solar Gen (MU),0.86,10.56,22,1.06,0.02,35,25-06-2017
Hydro,346,29,25,95,23,518,26-06-2017
Wind Gen(MU),8,50,172,0,0,230,26-06-2017
Solar Gen (MU),0.73,11.3,20.9,0.99,0.02,34,26-06-2017
Solar Gen (MU),0.68,8.87,23,1.06,0.02,34,27-06-2017
Wind Gen(MU),18,63,174,0,0,256,27-06-2017
Hydro,350,32,27,94,26,528,27-06-2017
Hydro,350,38,28,103,27,545,28-06-2017
Wind Gen(MU),10,62,178,0,0,250,28-06-2017
Solar Gen (MU),3.04,9.77,19.6,0.94,0.02,33,28-06-2017
Hydro,342,32,32,102,25,534,29-06-2017
Wind Gen(MU),6,74,186,0,0,266,29-06-2017
Solar Gen (MU),2.16,8.65,22,1,0.02,34,29-06-2017
Solar Gen (MU),2.22,8.32,24,1.03,0.02,36,30-06-2017
Hydro,326,31,31,96,25,510,30-06-2017
Wind Gen(MU),4,115,184,0,0,303,30-06-2017
Hydro,329,26,28,94,26,502,01-07-2017
Solar Gen (MU),2.56,5.89,23.2,0.63,0.02,32,01-07-2017
Wind Gen(MU),6,126,183,0,0,316,01-07-2017
Wind Gen(MU),14,137,171,0,0,322,02-07-2017
Hydro,334,22,27,93,26,503,02-07-2017
Solar Gen (MU),2.83,7.29,23.6,0.44,0.01,34,02-07-2017
Hydro,342,19,43,105,24,532,03-07-2017
Solar Gen (MU),3.01,7.35,25,0.88,0.01,36,03-07-2017
Wind Gen(MU),31,135,175,0,0,341,03-07-2017
Wind Gen(MU),48,165,166,0,0,379,04-07-2017
Hydro,348,19,36,107,28,538,04-07-2017
Solar Gen (MU),2.79,10.37,24.7,0.31,0.01,38,04-07-2017
Wind Gen(MU),46,159,165,0,0,370,05-07-2017
Hydro,343,27,34,106,27,537,05-07-2017
Solar Gen (MU),3.21,10.51,28.6,0.48,0.01,43,05-07-2017
Wind Gen(MU),22,83,124,0,0,229,08-07-2017
Solar Gen (MU),3.2,12.24,26.6,0.97,0.01,43,08-07-2017
Hydro,348,22,48,107,25,551,08-07-2017
Hydro,345,25,26,105,24,524,09-07-2017
Wind Gen(MU),36,75,135,0,0,246,09-07-2017
Solar Gen (MU),3.26,11.76,24.8,0.78,0.02,41,09-07-2017
Hydro,346,34,34,106,18,537,10-07-2017
Wind Gen(MU),44,105,152,0,0,302,10-07-2017
Solar Gen (MU),0.39,11.63,27,0.56,0,40,10-07-2017
Hydro,348,29,33,107,23,541,11-07-2017
Wind Gen(MU),47,145,157,0,0,349,11-07-2017
Solar Gen (MU),0.43,11.07,18.9,0.53,0.01,31,11-07-2017
Hydro,341,26,43,104,27,541,12-07-2017
Solar Gen (MU),0.42,9.03,20,0.78,0.01,30,12-07-2017
Wind Gen(MU),39,146,130,0,0,315,12-07-2017
Solar Gen (MU),3.52,6.08,20.2,0.73,0.02,31,13-07-2017
Hydro,337,25,26,100,27,515,13-07-2017
Wind Gen(MU),12,136,168,0,0,316,13-07-2017
Wind Gen(MU),9,134,189,0,0,332,14-07-2017
Solar Gen (MU),3.3,4.6,18.7,1.16,0.02,28,14-07-2017
Hydro,352,24,27,103,27,532,14-07-2017
Solar Gen (MU),3.09,4.49,19.9,1.23,0.02,29,15-07-2017
Wind Gen(MU),7,131,184,0,0,323,15-07-2017
Hydro,355,19,28,102,28,532,15-07-2017
Solar Gen (MU),2.74,9.15,21.5,1.35,0,35,16-07-2017
Wind Gen(MU),4,98,174,0,0,276,16-07-2017
Hydro,333,26,24,97,26,506,16-07-2017
Hydro,347,26,31,99,25,527,17-07-2017
Wind Gen(MU),4,84,199,0,0,286,17-07-2017
Solar Gen (MU),3,9.37,17.3,1.22,0,31,17-07-2017
Wind Gen(MU),5,57,198,0,0,259,18-07-2017
Hydro,296,25,32,98,24,475,18-07-2017
Solar Gen (MU),2.74,9.18,14.3,1.19,0,27,18-07-2017
Solar Gen (MU),2.91,9.82,18.6,0.97,0.01,32,19-07-2017
Hydro,312,22,35,87,24,480,19-07-2017
Wind Gen(MU),5,43,190,0,0,238,19-07-2017
Hydro,342,20,54,86,25,526,20-07-2017
Solar Gen (MU),3.23,8.6,21.1,0.6,0.01,34,20-07-2017
Wind Gen(MU),7,55,183,0,0,246,20-07-2017
Hydro,373,27,57,96,23,576,21-07-2017
Solar Gen (MU),3.5,7.51,24.9,0.53,0.01,36,21-07-2017
Wind Gen(MU),3,80,188,0,0,271,21-07-2017
Solar Gen (MU),2.57,3.81,26.9,0.64,0.02,34,22-07-2017
Wind Gen(MU),10,121,169,0,0,299,22-07-2017
Hydro,368,21,51,91,27,558,22-07-2017
Hydro,373,13,41,95,25,548,23-07-2017
Wind Gen(MU),11,148,191,0,0,350,23-07-2017
Solar Gen (MU),3.26,4.65,27.3,0.75,0.01,36,23-07-2017
Hydro,376,22,49,99,26,572,24-07-2017
Solar Gen (MU),3.02,5.17,23.2,0.56,0.01,32,24-07-2017
Wind Gen(MU),15,165,190,0,0,369,24-07-2017
Solar Gen (MU),2.7,4.92,28.7,0.45,0.01,37,25-07-2017
Hydro,376,18,51,101,27,573,25-07-2017
Wind Gen(MU),17,169,173,0,0,359,25-07-2017
Hydro,369,25,65,104,26,588,26-07-2017
Wind Gen(MU),8,128,182,0,0,319,26-07-2017
Solar Gen (MU),2.7,4.51,27.5,0.4,0.01,35,26-07-2017
Hydro,375,22,62,107,25,592,27-07-2017
Wind Gen(MU),5,103,183,0,0,291,27-07-2017
Solar Gen (MU),2.57,5.62,27.8,1.17,0.02,37,27-07-2017
Wind Gen(MU),10,108,176,0,0,294,28-07-2017
Hydro,375,22,46,109,24,576,28-07-2017
Solar Gen (MU),2.92,4.38,25.9,1.29,0.02,35,28-07-2017
Wind Gen(MU),22,93,128,0,0,243,29-07-2017
Hydro,372,22,53,108,24,579,29-07-2017
Solar Gen (MU),1.85,7.65,28.8,1.1,0.01,39,29-07-2017
Wind Gen(MU),21,83,110,0,0,214,30-07-2017
Hydro,350,20,53,103,23,549,30-07-2017
Solar Gen (MU),1.85,7.38,26.7,0.43,0.02,36,30-07-2017
Wind Gen(MU),37,72,89,0,0,198,31-07-2017
Hydro,369,31,52,108,24,583,31-07-2017
Solar Gen (MU),2.09,7.84,28,1.24,0.02,39,31-07-2017
Hydro,371,19,48,109,24,571,01-08-2017
Wind Gen(MU),35,82,102,0,0,220,01-08-2017
Solar Gen (MU),2.59,7.98,29.8,1.09,0.02,41,01-08-2017
Hydro,327,16,42,106,24,515,02-08-2017
Wind Gen(MU),40,106,149,0,0,295,02-08-2017
Solar Gen (MU),2.59,8.86,26.8,1.13,0.02,39,02-08-2017
Solar Gen (MU),3.07,9.47,27.9,0.27,0.02,41,03-08-2017
Wind Gen(MU),40,115,180,0,0,336,03-08-2017
Hydro,352,20,40,105,25,541,03-08-2017
Wind Gen(MU),45,128,178,0,0,351,04-08-2017
Hydro,376,18,60,107,25,586,04-08-2017
Solar Gen (MU),2.5,11.2,22.4,0.89,0.02,37,04-08-2017
Solar Gen (MU),2.85,10.88,24.3,0.7,0.02,39,05-08-2017
Hydro,375,20,55,109,25,584,05-08-2017
Wind Gen(MU),20,88,174,0,0,282,05-08-2017
Hydro,362,18,50,110,23,563,06-08-2017
Wind Gen(MU),11,46,149,0,0,206,06-08-2017
Solar Gen (MU),3.31,9.6,26.7,0.76,0.02,40,06-08-2017
Wind Gen(MU),9,37,119,0,0,165,07-08-2017
Hydro,348,27,71,110,23,580,07-08-2017
Solar Gen (MU),0.47,8.2,24.9,0.93,0.02,35,07-08-2017
Hydro,355,38,86,111,23,613,08-08-2017
Wind Gen(MU),12,43,95,0,0,150,08-08-2017
Solar Gen (MU),2.45,7.66,25.7,0.97,0.02,37,08-08-2017
Hydro,356,31,77,107,24,596,09-08-2017
Wind Gen(MU),19,57,65,0,0,141,09-08-2017
Solar Gen (MU),2.62,8.29,17.4,1.08,0.02,29,09-08-2017
Hydro,384,26,63,107,28,609,10-08-2017
Solar Gen (MU),2.96,10.09,26.3,0.66,0.01,40,10-08-2017
Wind Gen(MU),34,73,38,0,0,145,10-08-2017
Solar Gen (MU),2.95,9.78,24.3,0.41,0,37,11-08-2017
Wind Gen(MU),46,104,98,0,0,248,11-08-2017
Hydro,382,28,46,104,30,590,11-08-2017
Solar Gen (MU),2.53,9.02,25.9,0.53,0,38,12-08-2017
Wind Gen(MU),48,133,83,0,0,264,12-08-2017
Hydro,389,24,68,99,30,610,12-08-2017
Solar Gen (MU),2.5,9.85,20,0.12,0,32,13-08-2017
Hydro,370,19,49,90,29,558,13-08-2017
Wind Gen(MU),43,128,50,0,0,221,13-08-2017
Hydro,377,27,53,82,30,568,14-08-2017
Solar Gen (MU),0.84,10.03,23.3,1.01,0.01,35,14-08-2017
Wind Gen(MU),18,84,29,0,0,131,14-08-2017
Hydro,382,16,37,82,30,547,15-08-2017
Solar Gen (MU),3.17,11.87,26.3,0.75,0.01,42,15-08-2017
Wind Gen(MU),19,64,44,0,0,127,15-08-2017
Hydro,380,17,38,93,29,557,16-08-2017
Wind Gen(MU),34,85,102,0,0,221,16-08-2017
Solar Gen (MU),3.66,13.47,26.1,1.08,0.02,44,16-08-2017
Hydro,371,19,44,83,29,544,17-08-2017
Wind Gen(MU),34,87,122,0,0,243,17-08-2017
Solar Gen (MU),3.49,13.12,21.4,1.05,0.02,39,17-08-2017
Wind Gen(MU),19,63,136,0,0,218,18-08-2017
Hydro,367,16,38,93,27,542,18-08-2017
Solar Gen (MU),3.64,11.55,17.9,1.06,0.02,34,18-08-2017
Solar Gen (MU),2.86,8.57,17,1.13,0.02,30,19-08-2017
Wind Gen(MU),10,59,163,0,0,232,19-08-2017
Hydro,352,15,32,94,27,520,19-08-2017
Solar Gen (MU),3.43,9.12,18.3,1.21,0.01,32,20-08-2017
Wind Gen(MU),9,73,155,0,0,237,20-08-2017
Hydro,339,18,34,92,27,509,20-08-2017
Solar Gen (MU),2.79,11.21,26.9,1.1,0.02,42,21-08-2017
Wind Gen(MU),6,57,141,0,0,204,21-08-2017
Hydro,309,26,45,107,26,513,21-08-2017
Hydro,337,16,49,109,26,537,23-08-2017
Wind Gen(MU),19,58,92,0,0,169,23-08-2017
Solar Gen (MU),3.44,10.73,23.3,1.51,0,39,23-08-2017
Hydro,346,24,53,110,25,558,23-08-2017
Wind Gen(MU),7,46,101,0,0,154,23-08-2017
Solar Gen (MU),2.84,11.34,31.1,1.08,0.02,46,23-08-2017
Solar Gen (MU),3.35,10.71,17.5,1.23,0.02,33,25-08-2017
Hydro,337,15,30,107,26,514,25-08-2017
Wind Gen(MU),22,75,124,0,0,221,25-08-2017
Hydro,325,24,33,106,25,513,26-08-2017
Wind Gen(MU),9,58,150,0,0,216,26-08-2017
Solar Gen (MU),2.69,11.93,22.3,1.12,0.01,38,26-08-2017
Wind Gen(MU),6,46,161,0,0,213,27-08-2017
Hydro,317,18,31,101,25,493,27-08-2017
Solar Gen (MU),3.52,10.79,21.4,1,0.02,37,27-08-2017
"Gas, Naptha & Diesel",39,46,15,0,12,112,28-08-2017
Nuclear,32,2,28,0,0,62,28-08-2017
Hydro,320,24,37,94,24,500,28-08-2017
Total,946,1168,752,474,40,3380,28-08-2017
"RES (Wind, Solar, Biomass & Others)",19,63,219,2,0,303,28-08-2017
Thermal (Coal & Lignite),536,1033,452,378,4,2402,28-08-2017
Thermal (Coal & Lignite),511,950,434,373,4,2273,29-08-2017
Total,944,1100,748,472,40,3304,29-08-2017
"RES (Wind, Solar, Biomass & Others)",34,78,225,1,0,339,29-08-2017
"Gas, Naptha & Diesel",44,44,15,0,12,115,29-08-2017
Nuclear,32,3,30,0,0,65,29-08-2017
Hydro,322,25,44,98,23,513,29-08-2017
Thermal (Coal & Lignite),515,933,472,381,5,2304,30-08-2017
Hydro,330,24,54,109,22,538,30-08-2017
Nuclear,32,3,35,0,0,70,30-08-2017
"Gas, Naptha & Diesel",36,43,15,0,12,107,30-08-2017
"RES (Wind, Solar, Biomass & Others)",38,88,205,1,0,332,30-08-2017
Total,951,1090,781,490,39,3351,30-08-2017
Total,911,1148,794,475,38,3366,31-08-2017
"RES (Wind, Solar, Biomass & Others)",25,98,133,1,0,257,31-08-2017
"Gas, Naptha & Diesel",38,47,15,0,11,111,31-08-2017
Hydro,328,26,59,97,22,532,31-08-2017
Thermal (Coal & Lignite),489,973,544,378,5,2389,31-08-2017
Nuclear,33,3,42,0,0,79,31-08-2017
Thermal (Coal & Lignite),425,977,565,361,3,2332,01-09-2017
Hydro,322,23,68,106,23,542,01-09-2017
Nuclear,32,3,45,0,0,80,01-09-2017
"Gas, Naptha & Diesel",35,45,15,0,12,107,01-09-2017
Total,843,1138,794,468,38,3281,01-09-2017
"RES (Wind, Solar, Biomass & Others)",28,89,102,1,0,219,01-09-2017
"RES (Wind, Solar, Biomass & Others)",19,57,105,1,0,183,02-09-2017
Total,838,1142,782,465,39,3266,02-09-2017
Thermal (Coal & Lignite),431,1012,551,356,4,2355,02-09-2017
"Gas, Naptha & Diesel",37,44,15,0,12,108,02-09-2017
Nuclear,32,3,48,0,0,83,02-09-2017
Hydro,318,25,63,108,23,537,02-09-2017
Nuclear,32,3,48,0,0,84,03-09-2017
"Gas, Naptha & Diesel",32,43,16,0,12,102,03-09-2017
Thermal (Coal & Lignite),423,1010,518,354,4,2309,03-09-2017
Hydro,317,15,51,106,25,513,03-09-2017
Total,830,1126,739,462,40,3196,03-09-2017
"RES (Wind, Solar, Biomass & Others)",26,55,106,1,0,188,03-09-2017
Hydro,296,38,69,109,26,537,04-09-2017
Nuclear,32,3,48,0,0,83,04-09-2017
"Gas, Naptha & Diesel",35,52,16,0,12,115,04-09-2017
"RES (Wind, Solar, Biomass & Others)",30,43,96,1,0,171,04-09-2017
Total,890,1193,779,496,42,3399,04-09-2017
Thermal (Coal & Lignite),497,1056,549,386,4,2493,04-09-2017
Nuclear,32,3,48,0,0,84,05-09-2017
Hydro,293,29,61,118,26,527,05-09-2017
Thermal (Coal & Lignite),523,1073,561,391,5,2552,05-09-2017
"RES (Wind, Solar, Biomass & Others)",40,52,99,1,0,193,05-09-2017
Total,922,1211,785,511,42,3471,05-09-2017
"Gas, Naptha & Diesel",35,52,17,0,12,116,05-09-2017
Nuclear,32,3,49,0,0,84,06-09-2017
Thermal (Coal & Lignite),550,1119,535,394,5,2603,06-09-2017
Total,953,1258,754,505,45,3513,06-09-2017
"RES (Wind, Solar, Biomass & Others)",33,40,92,1,0,167,06-09-2017
"Gas, Naptha & Diesel",42,54,16,0,12,124,06-09-2017
Hydro,295,41,62,109,29,536,06-09-2017
Nuclear,32,3,49,0,0,84,07-09-2017
Total,959,1268,762,501,45,3536,07-09-2017
Hydro,297,49,59,108,25,538,07-09-2017
"RES (Wind, Solar, Biomass & Others)",22,29,87,1,0,139,07-09-2017
"Gas, Naptha & Diesel",33,56,16,0,15,120,07-09-2017
Thermal (Coal & Lignite),575,1131,552,392,5,2654,07-09-2017
Total,978,1245,762,501,51,3537,08-09-2017
"RES (Wind, Solar, Biomass & Others)",19,24,89,1,0,133,08-09-2017
"Gas, Naptha & Diesel",40,65,16,0,20,141,08-09-2017
Nuclear,32,3,49,0,0,84,08-09-2017
Hydro,287,36,70,111,25,529,08-09-2017
Thermal (Coal & Lignite),600,1117,538,388,6,2650,08-09-2017
"RES (Wind, Solar, Biomass & Others)",22,25,87,1,0,135,09-09-2017
Total,1001,1271,764,501,52,3588,09-09-2017
Nuclear,32,3,49,0,0,85,09-09-2017
Hydro,276,39,74,113,26,528,09-09-2017
Thermal (Coal & Lignite),620,1131,537,386,4,2678,09-09-2017
"Gas, Naptha & Diesel",50,73,17,0,22,162,09-09-2017
Nuclear,32,3,50,0,0,85,10-09-2017
Thermal (Coal & Lignite),631,1146,526,373,0,2676,10-09-2017
Hydro,274,31,55,102,28,489,10-09-2017
Total,1013,1269,738,476,50,3546,10-09-2017
"RES (Wind, Solar, Biomass & Others)",23,23,90,1,0,138,10-09-2017
"Gas, Naptha & Diesel",52,66,17,0,22,158,10-09-2017
Nuclear,32,3,49,0,0,85,11-09-2017
"RES (Wind, Solar, Biomass & Others)",16,27,101,1,0,145,11-09-2017
Total,1012,1280,806,486,47,3631,11-09-2017
Hydro,279,55,86,108,24,552,11-09-2017
Thermal (Coal & Lignite),635,1124,552,377,0,2688,11-09-2017
"Gas, Naptha & Diesel",51,70,17,0,23,161,11-09-2017
"RES (Wind, Solar, Biomass & Others)",15,27,91,1,0,135,12-09-2017
"Gas, Naptha & Diesel",62,71,18,0,23,173,12-09-2017
Nuclear,31,3,50,0,0,84,12-09-2017
Hydro,266,76,92,102,25,562,12-09-2017
Thermal (Coal & Lignite),630,1115,564,384,2,2695,12-09-2017
Total,1004,1293,815,488,50,3649,12-09-2017
Total,1011,1267,822,498,54,3651,13-09-2017
Nuclear,28,3,49,0,0,80,13-09-2017
Hydro,263,64,85,106,26,545,13-09-2017
Thermal (Coal & Lignite),632,1100,579,391,5,2708,13-09-2017
"RES (Wind, Solar, Biomass & Others)",16,25,90,1,0,132,13-09-2017
"Gas, Naptha & Diesel",72,74,18,0,22,186,13-09-2017
Total,973,1284,815,503,55,3630,14-09-2017
"RES (Wind, Solar, Biomass & Others)",18,27,126,1,0,172,14-09-2017
"Gas, Naptha & Diesel",67,75,17,0,23,182,14-09-2017
Nuclear,28,3,44,0,0,75,14-09-2017
Hydro,257,63,61,108,26,515,14-09-2017
Thermal (Coal & Lignite),604,1115,568,394,6,2686,14-09-2017
Total,974,1265,818,492,49,3597,16-09-2017
"RES (Wind, Solar, Biomass & Others)",19,30,155,1,0,205,16-09-2017
Nuclear,28,3,43,0,0,74,16-09-2017
Hydro,247,18,56,104,21,446,16-09-2017
Thermal (Coal & Lignite),612,1147,546,386,5,2696,16-09-2017
"Gas, Naptha & Diesel",69,67,17,0,22,176,16-09-2017
"RES (Wind, Solar, Biomass & Others)",22,39,142,1,0,204,17-09-2017
Total,929,1194,731,476,49,3379,17-09-2017
"Gas, Naptha & Diesel",45,62,17,0,23,146,17-09-2017
Nuclear,28,3,50,0,0,81,17-09-2017
Hydro,244,13,51,101,21,430,17-09-2017
Thermal (Coal & Lignite),591,1078,471,374,5,2518,17-09-2017
Thermal (Coal & Lignite),615,1089,450,347,4,2505,18-09-2017
Hydro,245,13,58,97,22,434,18-09-2017
Nuclear,25,3,50,0,0,79,18-09-2017
"Gas, Naptha & Diesel",40,64,17,0,24,145,18-09-2017
"RES (Wind, Solar, Biomass & Others)",12,55,200,1,0,268,18-09-2017
Total,938,1224,774,444,50,3430,18-09-2017
Thermal (Coal & Lignite),595,1093,446,368,5,2507,19-09-2017
Total,936,1246,812,466,51,3511,19-09-2017
"RES (Wind, Solar, Biomass & Others)",25,72,235,0,0,333,19-09-2017
"Gas, Naptha & Diesel",52,60,17,0,25,154,19-09-2017
Nuclear,23,3,50,0,0,77,19-09-2017
Hydro,241,17,63,98,21,441,19-09-2017
Total,953,1216,841,467,52,3529,20-09-2017
"RES (Wind, Solar, Biomass & Others)",16,73,232,0,0,321,20-09-2017
"Gas, Naptha & Diesel",54,58,17,0,24,153,20-09-2017
Nuclear,23,3,50,0,0,77,20-09-2017
Thermal (Coal & Lignite),619,1062,455,365,5,2507,20-09-2017
Hydro,241,20,86,101,23,470,20-09-2017
Total,937,1206,873,491,50,3556,21-09-2017
Hydro,241,19,99,110,23,492,21-09-2017
"Gas, Naptha & Diesel",41,55,18,0,22,135,21-09-2017
Nuclear,23,3,50,0,0,77,21-09-2017
Thermal (Coal & Lignite),607,1068,500,381,5,2561,21-09-2017
"RES (Wind, Solar, Biomass & Others)",25,60,206,0,0,291,21-09-2017
Thermal (Coal & Lignite),455,1079,555,380,5,2473,22-09-2017
Hydro,266,23,107,104,25,525,22-09-2017
Nuclear,27,3,51,0,0,81,22-09-2017
"Gas, Naptha & Diesel",28,43,18,0,23,112,22-09-2017
Hydro,240,21,95,112,24,490,22-09-2017
Nuclear,23,3,51,0,0,77,22-09-2017
"Gas, Naptha & Diesel",37,46,17,0,23,123,22-09-2017
Total,869,1206,856,484,51,3466,22-09-2017
"RES (Wind, Solar, Biomass & Others)",28,61,108,1,0,197,22-09-2017
Total,804,1209,839,484,52,3388,22-09-2017
"RES (Wind, Solar, Biomass & Others)",21,73,179,0,0,273,22-09-2017
Thermal (Coal & Lignite),548,1064,514,372,5,2503,22-09-2017
Total,843,1211,801,472,54,3382,24-09-2017
"RES (Wind, Solar, Biomass & Others)",27,46,118,1,0,191,24-09-2017
"Gas, Naptha & Diesel",25,43,17,0,25,111,24-09-2017
Nuclear,28,3,51,0,0,82,24-09-2017
Hydro,311,18,76,89,25,518,24-09-2017
Thermal (Coal & Lignite),453,1101,540,383,4,2480,24-09-2017
Thermal (Coal & Lignite),502,1138,522,393,4,2559,25-09-2017
Hydro,304,23,81,98,23,529,25-09-2017
Nuclear,28,3,51,0,0,82,25-09-2017
"Gas, Naptha & Diesel",29,51,17,0,24,122,25-09-2017
"RES (Wind, Solar, Biomass & Others)",26,46,113,1,0,186,25-09-2017
Total,889,1261,785,491,52,3478,25-09-2017
Nuclear,28,3,47,0,0,79,26-09-2017
Thermal (Coal & Lignite),561,1160,511,389,5,2626,26-09-2017
Hydro,259,27,91,103,23,502,26-09-2017
"Gas, Naptha & Diesel",42,58,17,0,24,142,26-09-2017
Total,913,1286,782,493,52,3526,26-09-2017
"RES (Wind, Solar, Biomass & Others)",23,37,116,1,0,176,26-09-2017
Hydro,255,32,82,102,23,494,27-09-2017
Nuclear,32,3,37,0,0,73,27-09-2017
"Gas, Naptha & Diesel",39,63,17,0,25,144,27-09-2017
"RES (Wind, Solar, Biomass & Others)",20,35,133,1,0,189,27-09-2017
Thermal (Coal & Lignite),562,1158,520,379,5,2623,27-09-2017
Total,908,1291,789,482,52,3522,27-09-2017
Nuclear,29,3,37,0,0,70,28-09-2017
Thermal (Coal & Lignite),568,1139,487,380,5,2578,28-09-2017
Total,919,1278,776,476,53,3502,28-09-2017
Hydro,250,27,86,96,24,483,28-09-2017
"RES (Wind, Solar, Biomass & Others)",23,37,148,1,0,208,28-09-2017
"Gas, Naptha & Diesel",49,72,17,0,25,162,28-09-2017
Total,911,1239,742,457,52,3401,29-09-2017
"RES (Wind, Solar, Biomass & Others)",24,37,143,1,0,205,29-09-2017
"Gas, Naptha & Diesel",35,66,18,0,23,142,29-09-2017
Nuclear,32,10,35,0,0,78,29-09-2017
Hydro,244,21,87,100,24,476,29-09-2017
Thermal (Coal & Lignite),575,1105,459,357,4,2499,29-09-2017
Hydro,237,19,74,102,28,460,30-09-2017
Total,903,1173,705,446,55,3281,30-09-2017
"RES (Wind, Solar, Biomass & Others)",23,38,131,1,0,192,30-09-2017
"Gas, Naptha & Diesel",34,53,14,0,23,124,30-09-2017
Thermal (Coal & Lignite),578,1047,450,343,3,2421,30-09-2017
Nuclear,32,15,36,0,0,83,30-09-2017
Hydro,223,15,53,100,29,420,01-10-2017
Nuclear,33,15,36,0,0,83,01-10-2017
"Gas, Naptha & Diesel",32,53,18,0,24,127,01-10-2017
"RES (Wind, Solar, Biomass & Others)",25,44,135,1,0,205,01-10-2017
Total,879,1183,680,426,56,3223,01-10-2017
Thermal (Coal & Lignite),565,1055,438,326,3,2387,01-10-2017
Nuclear,33,16,36,0,0,84,02-10-2017
"Gas, Naptha & Diesel",33,56,18,0,25,132,02-10-2017
"RES (Wind, Solar, Biomass & Others)",24,36,131,1,0,191,02-10-2017
Thermal (Coal & Lignite),580,1094,434,323,5,2435,02-10-2017
Total,893,1224,676,424,56,3274,02-10-2017
Hydro,224,22,57,100,27,431,02-10-2017
"RES (Wind, Solar, Biomass & Others)",17,33,126,1,0,177,03-10-2017
Total,908,1259,752,450,55,3423,03-10-2017
Nuclear,33,16,37,0,0,86,03-10-2017
Hydro,218,40,76,111,27,471,03-10-2017
Thermal (Coal & Lignite),598,1104,495,338,4,2539,03-10-2017
"Gas, Naptha & Diesel",43,66,17,0,24,150,03-10-2017
Total,936,1287,775,447,55,3501,04-10-2017
Nuclear,32,16,39,0,0,87,04-10-2017
"Gas, Naptha & Diesel",64,72,18,0,25,179,04-10-2017
"RES (Wind, Solar, Biomass & Others)",16,38,112,1,0,168,04-10-2017
Hydro,217,47,85,108,26,482,04-10-2017
Thermal (Coal & Lignite),606,1114,521,339,5,2585,04-10-2017
Nuclear,33,16,40,0,0,90,05-10-2017
Thermal (Coal & Lignite),632,1136,551,339,5,2663,05-10-2017
Hydro,211,36,79,105,25,457,05-10-2017
Total,957,1304,773,445,56,3535,05-10-2017
"Gas, Naptha & Diesel",67,70,17,0,25,178,05-10-2017
"RES (Wind, Solar, Biomass & Others)",14,47,85,1,0,148,05-10-2017
Thermal (Coal & Lignite),624,1127,545,350,5,2651,06-10-2017
Hydro,208,33,70,95,24,430,06-10-2017
Nuclear,33,15,41,0,0,89,06-10-2017
"Gas, Naptha & Diesel",66,64,17,0,26,172,06-10-2017
"RES (Wind, Solar, Biomass & Others)",13,57,108,1,0,178,06-10-2017
Total,944,1295,781,445,55,3520,06-10-2017
"RES (Wind, Solar, Biomass & Others)",14,48,95,1,0,158,07-10-2017
"Gas, Naptha & Diesel",62,67,17,0,25,171,07-10-2017
Nuclear,33,15,41,0,0,89,07-10-2017
Hydro,198,26,78,96,23,420,07-10-2017
Thermal (Coal & Lignite),639,1123,548,354,5,2669,07-10-2017
Total,945,1279,780,451,53,3508,07-10-2017
Total,928,1311,752,447,51,3489,08-10-2017
"RES (Wind, Solar, Biomass & Others)",11,37,122,1,0,171,08-10-2017
"Gas, Naptha & Diesel",61,70,16,0,25,173,08-10-2017
Nuclear,33,15,42,0,0,89,08-10-2017
Thermal (Coal & Lignite),622,1173,497,353,5,2650,08-10-2017
Hydro,201,16,75,93,22,406,08-10-2017
Total,921,1224,801,464,51,3461,09-10-2017
"RES (Wind, Solar, Biomass & Others)",11,37,122,8,0,179,09-10-2017
"Gas, Naptha & Diesel",63,70,17,0,25,175,09-10-2017
Hydro,196,21,99,88,22,425,09-10-2017
Thermal (Coal & Lignite),618,1081,522,367,4,2592,09-10-2017
Nuclear,33,15,41,0,0,89,09-10-2017
"Gas, Naptha & Diesel",63,69,17,0,25,174,10-10-2017
Total,917,1231,805,463,53,3470,10-10-2017
"RES (Wind, Solar, Biomass & Others)",14,37,101,1,0,153,10-10-2017
Nuclear,33,15,41,0,0,89,10-10-2017
Hydro,193,20,116,92,23,444,10-10-2017
Thermal (Coal & Lignite),614,1090,531,370,5,2610,10-10-2017
Total,901,1230,804,461,52,3448,11-10-2017
"RES (Wind, Solar, Biomass & Others)",11,31,96,1,0,138,11-10-2017
Nuclear,33,15,42,0,0,89,11-10-2017
"Gas, Naptha & Diesel",61,61,16,0,25,163,11-10-2017
Thermal (Coal & Lignite),611,1104,543,361,5,2625,11-10-2017
Hydro,186,19,106,99,23,433,11-10-2017
Thermal (Coal & Lignite),594,1125,552,369,4,2644,12-10-2017
Hydro,179,21,106,99,21,426,12-10-2017
Nuclear,32,16,41,0,0,89,12-10-2017
"Gas, Naptha & Diesel",63,66,17,0,25,171,12-10-2017
"RES (Wind, Solar, Biomass & Others)",9,16,82,2,0,109,12-10-2017
Total,877,1244,799,470,50,3439,12-10-2017
"RES (Wind, Solar, Biomass & Others)",11,18,94,2,0,125,13-10-2017
Nuclear,32,16,42,0,0,90,13-10-2017
Hydro,178,22,109,98,22,428,13-10-2017
"Gas, Naptha & Diesel",65,74,17,0,24,180,13-10-2017
Total,872,1260,802,454,51,3440,13-10-2017
Thermal (Coal & Lignite),585,1130,541,355,5,2616,13-10-2017
"Gas, Naptha & Diesel",57,63,17,0,24,162,14-10-2017
Thermal (Coal & Lignite),586,1127,518,366,5,2602,14-10-2017
Hydro,169,20,98,95,22,405,14-10-2017
Nuclear,32,16,42,0,0,90,14-10-2017
Total,863,1251,796,462,52,3424,14-10-2017
"RES (Wind, Solar, Biomass & Others)",19,25,121,1,0,165,14-10-2017
"RES (Wind, Solar, Biomass & Others)",17,29,147,1,0,194,15-10-2017
Hydro,165,18,93,96,25,396,15-10-2017
Nuclear,33,16,42,0,0,90,15-10-2017
"Gas, Naptha & Diesel",46,60,17,0,26,148,15-10-2017
Total,826,1242,747,455,54,3324,15-10-2017
Thermal (Coal & Lignite),566,1119,448,359,4,2495,15-10-2017
"Gas, Naptha & Diesel",54,57,17,0,25,153,16-10-2017
Nuclear,33,16,43,0,0,92,16-10-2017
Total,823,1280,764,457,53,3377,16-10-2017
"RES (Wind, Solar, Biomass & Others)",14,27,138,1,0,180,16-10-2017
Hydro,160,23,101,92,23,399,16-10-2017
Thermal (Coal & Lignite),562,1156,464,364,5,2552,16-10-2017
Thermal (Coal & Lignite),565,1152,500,385,9,2611,17-10-2017
Total,838,1275,775,466,55,3409,17-10-2017
Hydro,159,19,102,80,21,382,17-10-2017
Nuclear,33,14,46,0,0,93,17-10-2017
"RES (Wind, Solar, Biomass & Others)",15,29,107,1,0,152,17-10-2017
"Gas, Naptha & Diesel",66,61,19,0,25,170,17-10-2017
Thermal (Coal & Lignite),573,1141,476,384,9,2584,18-10-2017
Total,821,1271,739,462,53,3345,18-10-2017
"RES (Wind, Solar, Biomass & Others)",10,38,107,1,0,157,18-10-2017
"Gas, Naptha & Diesel",60,59,18,0,25,162,18-10-2017
Nuclear,33,16,48,0,0,97,18-10-2017
Hydro,144,16,89,77,20,345,18-10-2017
"RES (Wind, Solar, Biomass & Others)",14,51,115,1,0,181,19-10-2017
Total,777,1239,683,436,49,3184,19-10-2017
"Gas, Naptha & Diesel",48,53,18,0,25,143,19-10-2017
Thermal (Coal & Lignite),528,1104,424,369,6,2431,19-10-2017
Hydro,155,15,88,66,18,342,19-10-2017
Nuclear,33,16,37,0,0,86,19-10-2017
Thermal (Coal & Lignite),524,995,453,356,4,2333,20-10-2017
Nuclear,33,16,38,0,0,87,20-10-2017
"Gas, Naptha & Diesel",31,49,19,0,24,123,20-10-2017
"RES (Wind, Solar, Biomass & Others)",8,44,122,0,0,175,20-10-2017
Hydro,154,12,95,68,19,348,20-10-2017
Total,749,1117,728,425,47,3066,20-10-2017
"Gas, Naptha & Diesel",31,47,18,0,22,117,21-10-2017
"RES (Wind, Solar, Biomass & Others)",9,50,100,1,0,160,21-10-2017
Nuclear,33,16,40,0,0,89,21-10-2017
Hydro,150,16,85,73,21,346,21-10-2017
Thermal (Coal & Lignite),513,982,504,347,4,2349,21-10-2017
Total,735,1110,748,421,47,3061,21-10-2017
"Gas, Naptha & Diesel",30,46,18,0,23,116,22-10-2017
Nuclear,33,16,42,0,0,91,22-10-2017
Hydro,149,12,66,70,25,322,22-10-2017
Thermal (Coal & Lignite),522,979,497,360,4,2361,22-10-2017
Total,754,1127,743,431,51,3105,22-10-2017
"RES (Wind, Solar, Biomass & Others)",19,75,121,1,0,215,22-10-2017
"Gas, Naptha & Diesel",39,53,18,0,24,133,23-10-2017
Nuclear,33,16,44,0,0,93,23-10-2017
Hydro,148,18,89,74,25,354,23-10-2017
"RES (Wind, Solar, Biomass & Others)",11,63,98,1,0,172,23-10-2017
Thermal (Coal & Lignite),540,1077,540,375,4,2536,23-10-2017
Total,771,1227,788,450,53,3289,23-10-2017
Total,782,1227,812,459,53,3333,24-10-2017
"RES (Wind, Solar, Biomass & Others)",7,51,78,1,0,136,24-10-2017
"Gas, Naptha & Diesel",37,53,18,0,24,132,24-10-2017
Nuclear,33,16,46,0,0,95,24-10-2017
Hydro,141,19,77,79,24,340,24-10-2017
Thermal (Coal & Lignite),564,1089,593,379,5,2629,24-10-2017
Nuclear,33,16,48,0,0,97,25-10-2017
"Gas, Naptha & Diesel",40,64,20,0,23,147,25-10-2017
"RES (Wind, Solar, Biomass & Others)",10,29,84,1,0,124,25-10-2017
Total,776,1254,833,452,52,3367,25-10-2017
Thermal (Coal & Lignite),553,1123,589,378,5,2648,25-10-2017
Hydro,139,23,93,73,24,351,25-10-2017
"RES (Wind, Solar, Biomass & Others)",17,27,93,1,0,139,26-10-2017
"Gas, Naptha & Diesel",36,68,22,0,23,149,26-10-2017
Nuclear,33,16,48,0,0,97,26-10-2017
Hydro,134,21,88,66,22,331,26-10-2017
Thermal (Coal & Lignite),542,1118,578,377,5,2620,26-10-2017
Total,762,1250,830,445,50,3337,26-10-2017
Thermal (Coal & Lignite),546,1123,590,375,5,2640,27-10-2017
Nuclear,33,16,48,0,0,97,27-10-2017
Total,763,1253,831,434,49,3330,27-10-2017
Hydro,138,23,79,59,20,319,27-10-2017
"Gas, Naptha & Diesel",34,68,23,0,23,148,27-10-2017
"RES (Wind, Solar, Biomass & Others)",12,22,91,1,0,125,27-10-2017
Total,759,1257,816,422,49,3304,28-10-2017
"RES (Wind, Solar, Biomass & Others)",10,24,89,1,0,123,28-10-2017
"Gas, Naptha & Diesel",37,66,22,0,24,149,28-10-2017
Nuclear,33,16,49,0,0,98,28-10-2017
Hydro,133,21,74,57,20,306,28-10-2017
Thermal (Coal & Lignite),547,1130,582,365,5,2628,28-10-2017
Total,721,1254,788,410,48,3221,29-10-2017
Thermal (Coal & Lignite),511,1133,559,358,4,2565,29-10-2017
Hydro,131,19,57,51,20,278,29-10-2017
Nuclear,33,16,50,0,0,99,29-10-2017
"RES (Wind, Solar, Biomass & Others)",9,27,98,1,0,135,29-10-2017
"Gas, Naptha & Diesel",37,59,23,0,24,144,29-10-2017
Total,714,1286,805,414,49,3266,30-10-2017
"Gas, Naptha & Diesel",37,58,22,0,24,142,30-10-2017
Nuclear,33,16,51,0,0,100,30-10-2017
Hydro,131,22,65,53,20,290,30-10-2017
Thermal (Coal & Lignite),504,1152,560,360,4,2581,30-10-2017
"RES (Wind, Solar, Biomass & Others)",8,37,107,1,0,153,30-10-2017
Thermal (Coal & Lignite),517,1133,538,359,8,2555,01-11-2017
"Gas, Naptha & Diesel",29,59,21,0,24,133,01-11-2017
Total,721,1263,761,414,50,3208,01-11-2017
"RES (Wind, Solar, Biomass & Others)",11,35,93,1,0,140,01-11-2017
Hydro,130,20,58,54,19,281,01-11-2017
Nuclear,33,16,51,0,0,100,01-11-2017
Total,748,1283,758,403,51,3244,02-11-2017
Thermal (Coal & Lignite),534,1154,527,348,9,2573,02-11-2017
Hydro,131,24,75,54,18,302,02-11-2017
Nuclear,33,16,51,0,0,99,02-11-2017
"Gas, Naptha & Diesel",39,59,19,0,24,142,02-11-2017
"RES (Wind, Solar, Biomass & Others)",11,31,86,1,0,128,02-11-2017
Thermal (Coal & Lignite),525,1147,515,373,10,2570,03-11-2017
Hydro,130,21,75,52,18,296,03-11-2017
Nuclear,33,16,51,0,0,100,03-11-2017
"Gas, Naptha & Diesel",40,58,19,0,24,142,03-11-2017
"RES (Wind, Solar, Biomass & Others)",11,45,104,1,0,160,03-11-2017
Total,739,1287,765,426,52,3268,03-11-2017
"Gas, Naptha & Diesel",45,53,18,0,25,141,04-11-2017
"RES (Wind, Solar, Biomass & Others)",12,66,105,1,0,184,04-11-2017
Total,759,1263,746,426,50,3243,04-11-2017
Hydro,125,19,67,50,17,279,04-11-2017
Nuclear,33,16,51,0,0,100,04-11-2017
Thermal (Coal & Lignite),544,1109,505,374,7,2539,04-11-2017
"RES (Wind, Solar, Biomass & Others)",9,34,105,1,0,150,06-11-2017
"Gas, Naptha & Diesel",45,58,17,0,25,146,06-11-2017
Total,746,1294,713,423,42,3218,06-11-2017
Nuclear,33,16,50,0,0,99,06-11-2017
Hydro,126,27,72,53,17,295,06-11-2017
Thermal (Coal & Lignite),532,1158,469,369,0,2528,06-11-2017
Total,750,1309,724,416,41,3241,07-11-2017
Thermal (Coal & Lignite),530,1184,492,360,0,2566,07-11-2017
Hydro,126,30,71,56,18,300,07-11-2017
"RES (Wind, Solar, Biomass & Others)",8,22,93,1,0,124,07-11-2017
"Gas, Naptha & Diesel",54,57,18,0,23,152,07-11-2017
Nuclear,33,16,50,0,0,99,07-11-2017
Nuclear,33,16,50,0,0,100,08-11-2017
Hydro,122,32,57,47,17,276,08-11-2017
"RES (Wind, Solar, Biomass & Others)",9,22,93,1,0,125,08-11-2017
Total,765,1302,742,416,41,3266,08-11-2017
Thermal (Coal & Lignite),541,1168,523,368,0,2600,08-11-2017
"Gas, Naptha & Diesel",60,64,18,0,23,165,08-11-2017
Total,769,1299,779,409,39,3295,09-11-2017
"RES (Wind, Solar, Biomass & Others)",10,23,92,1,0,126,09-11-2017
"Gas, Naptha & Diesel",61,63,17,0,23,164,09-11-2017
Nuclear,33,16,51,0,0,100,09-11-2017
Hydro,123,33,57,43,16,273,09-11-2017
Thermal (Coal & Lignite),541,1164,562,366,0,2633,09-11-2017
Total,773,1293,795,394,40,3295,11-11-2017
"Gas, Naptha & Diesel",58,66,17,0,24,165,11-11-2017
"RES (Wind, Solar, Biomass & Others)",9,26,90,1,0,125,11-11-2017
"RES (Wind, Solar, Biomass & Others)",14,27,88,1,0,130,11-11-2017
Nuclear,33,22,51,0,0,107,11-11-2017
Hydro,118,27,67,44,17,273,11-11-2017
Total,746,1289,772,400,41,3247,11-11-2017
"Gas, Naptha & Diesel",69,67,17,0,23,176,11-11-2017
Nuclear,33,21,51,0,0,105,11-11-2017
Hydro,119,32,69,45,16,281,11-11-2017
Thermal (Coal & Lignite),544,1148,568,348,0,2609,11-11-2017
Thermal (Coal & Lignite),522,1146,548,356,0,2572,11-11-2017
Thermal (Coal & Lignite),498,1180,531,352,0,2562,12-11-2017
Total,725,1307,722,395,40,3188,12-11-2017
"RES (Wind, Solar, Biomass & Others)",13,23,82,1,0,120,12-11-2017
Nuclear,34,26,51,0,0,111,12-11-2017
Hydro,123,21,40,42,16,243,12-11-2017
"Gas, Naptha & Diesel",57,56,17,0,24,154,12-11-2017
Hydro,114,32,61,46,17,270,13-11-2017
"RES (Wind, Solar, Biomass & Others)",11,21,89,1,0,122,13-11-2017
"Gas, Naptha & Diesel",54,56,17,0,23,151,13-11-2017
Nuclear,34,26,51,0,0,111,13-11-2017
Thermal (Coal & Lignite),523,1116,557,359,0,2555,13-11-2017
Total,736,1252,775,406,40,3209,13-11-2017
"RES (Wind, Solar, Biomass & Others)",12,24,79,1,0,116,14-11-2017
"Gas, Naptha & Diesel",54,56,17,0,22,150,14-11-2017
Total,729,1261,805,411,39,3245,14-11-2017
Hydro,109,30,79,46,16,281,14-11-2017
Thermal (Coal & Lignite),520,1122,579,364,0,2585,14-11-2017
Nuclear,33,28,51,0,0,112,14-11-2017
Thermal (Coal & Lignite),515,1179,575,354,0,2624,15-11-2017
Hydro,113,25,61,45,16,260,15-11-2017
Nuclear,33,28,51,0,0,112,15-11-2017
Total,733,1318,805,400,39,3294,15-11-2017
"RES (Wind, Solar, Biomass & Others)",15,29,101,0,0,145,15-11-2017
"Gas, Naptha & Diesel",57,56,18,0,22,153,15-11-2017
Total,735,1285,810,391,38,3259,16-11-2017
"RES (Wind, Solar, Biomass & Others)",19,59,101,0,0,179,16-11-2017
Nuclear,33,28,51,0,0,112,16-11-2017
Hydro,112,21,72,43,16,264,16-11-2017
"Gas, Naptha & Diesel",55,59,17,0,22,154,16-11-2017
Thermal (Coal & Lignite),515,1118,570,348,0,2552,16-11-2017
Nuclear,33,27,51,0,0,111,17-11-2017
"Gas, Naptha & Diesel",52,55,18,0,23,147,17-11-2017
"RES (Wind, Solar, Biomass & Others)",22,68,80,0,0,170,17-11-2017
Total,747,1291,810,394,38,3279,17-11-2017
Thermal (Coal & Lignite),524,1121,585,346,0,2576,17-11-2017
Hydro,115,20,77,48,15,275,17-11-2017
Total,737,1295,798,393,39,3263,18-11-2017
Hydro,112,20,70,44,16,263,18-11-2017
Thermal (Coal & Lignite),508,1124,574,348,0,2555,18-11-2017
"RES (Wind, Solar, Biomass & Others)",24,66,85,1,0,176,18-11-2017
Nuclear,33,27,51,0,0,111,18-11-2017
"Gas, Naptha & Diesel",60,57,19,0,23,158,18-11-2017
Nuclear,34,27,51,0,0,112,19-11-2017
Thermal (Coal & Lignite),484,1097,551,362,0,2493,19-11-2017
"Gas, Naptha & Diesel",59,52,18,0,23,151,19-11-2017
Hydro,113,22,53,36,16,240,19-11-2017
Total,711,1255,754,399,39,3158,19-11-2017
"RES (Wind, Solar, Biomass & Others)",22,58,81,1,0,162,19-11-2017
Thermal (Coal & Lignite),500,1104,552,377,0,2533,20-11-2017
Hydro,112,22,59,43,15,251,20-11-2017
Nuclear,34,27,48,0,0,109,20-11-2017
"Gas, Naptha & Diesel",60,48,18,0,24,149,20-11-2017
"RES (Wind, Solar, Biomass & Others)",7,77,95,1,0,180,20-11-2017
Total,713,1277,773,420,39,3222,20-11-2017
Total,719,1290,783,408,39,3239,21-11-2017
"RES (Wind, Solar, Biomass & Others)",9,62,98,1,0,170,21-11-2017
"Gas, Naptha & Diesel",59,53,18,0,23,153,21-11-2017
Thermal (Coal & Lignite),510,1124,559,369,0,2562,21-11-2017
Nuclear,34,27,56,0,0,116,21-11-2017
Hydro,108,25,52,38,15,239,21-11-2017
"RES (Wind, Solar, Biomass & Others)",9,53,108,1,0,171,22-11-2017
Thermal (Coal & Lignite),511,1126,567,366,0,2571,22-11-2017
Hydro,106,22,54,38,16,235,22-11-2017
Nuclear,34,27,63,0,0,123,22-11-2017
"Gas, Naptha & Diesel",60,49,17,0,23,150,22-11-2017
Total,719,1277,809,405,40,3250,22-11-2017
Hydro,100,19,56,38,15,227,23-11-2017
Nuclear,34,27,64,0,0,124,23-11-2017
Thermal (Coal & Lignite),518,1133,560,379,0,2590,23-11-2017
"RES (Wind, Solar, Biomass & Others)",8,46,103,1,0,158,23-11-2017
Total,722,1272,800,417,39,3250,23-11-2017
"Gas, Naptha & Diesel",62,47,17,0,24,150,23-11-2017
Total,704,1260,827,421,39,3252,24-11-2017
"RES (Wind, Solar, Biomass & Others)",8,35,91,1,0,135,24-11-2017
"Gas, Naptha & Diesel",59,53,16,0,23,151,24-11-2017
Hydro,99,19,70,33,15,236,24-11-2017
Thermal (Coal & Lignite),505,1126,584,388,0,2603,24-11-2017
Nuclear,34,27,66,0,0,127,24-11-2017
Nuclear,34,29,63,0,0,125,25-11-2017
"Gas, Naptha & Diesel",59,50,18,0,23,149,25-11-2017
Total,712,1253,806,413,38,3223,25-11-2017
"RES (Wind, Solar, Biomass & Others)",7,34,100,1,0,142,25-11-2017
Thermal (Coal & Lignite),509,1122,570,378,0,2580,25-11-2017
Hydro,103,19,55,34,15,226,25-11-2017
Hydro,102,15,42,29,15,203,26-11-2017
Nuclear,34,27,58,0,0,119,26-11-2017
"RES (Wind, Solar, Biomass & Others)",8,37,96,1,0,143,26-11-2017
Total,688,1227,752,400,38,3106,26-11-2017
Thermal (Coal & Lignite),486,1101,541,371,0,2498,26-11-2017
"Gas, Naptha & Diesel",58,46,16,0,23,143,26-11-2017
Total,693,1260,763,418,39,3174,27-11-2017
"RES (Wind, Solar, Biomass & Others)",8,32,89,1,0,130,27-11-2017
Thermal (Coal & Lignite),486,1126,543,380,0,2535,27-11-2017
"Gas, Naptha & Diesel",56,48,18,0,23,146,27-11-2017
Nuclear,34,27,51,0,0,112,27-11-2017
Hydro,109,27,62,37,16,251,27-11-2017
Thermal (Coal & Lignite),508,1129,557,381,0,2575,28-11-2017
Hydro,107,36,57,39,15,255,28-11-2017
Nuclear,34,27,52,0,0,113,28-11-2017
"Gas, Naptha & Diesel",58,50,18,0,23,148,28-11-2017
"RES (Wind, Solar, Biomass & Others)",5,25,106,1,0,137,28-11-2017
Total,712,1268,789,421,39,3229,28-11-2017
Thermal (Coal & Lignite),511,1105,538,388,0,2542,29-11-2017
Hydro,108,38,48,34,15,243,29-11-2017
Total,720,1250,791,423,38,3223,29-11-2017
"RES (Wind, Solar, Biomass & Others)",8,32,135,1,0,176,29-11-2017
"Gas, Naptha & Diesel",60,48,14,0,23,145,29-11-2017
Nuclear,34,27,56,0,0,117,29-11-2017
"RES (Wind, Solar, Biomass & Others)",14,41,141,1,0,196,30-11-2017
"Gas, Naptha & Diesel",60,47,13,0,23,144,30-11-2017
Nuclear,34,27,48,0,0,109,30-11-2017
Total,729,1250,741,420,38,3179,30-11-2017
Hydro,108,21,46,29,15,218,30-11-2017
Thermal (Coal & Lignite),514,1114,493,391,0,2512,30-11-2017
Thermal (Coal & Lignite),516,1095,470,372,0,2453,01-12-2017
Hydro,104,25,45,30,15,218,01-12-2017
Total,720,1253,719,403,37,3132,01-12-2017
"RES (Wind, Solar, Biomass & Others)",12,58,133,1,0,204,01-12-2017
"Gas, Naptha & Diesel",54,49,14,0,22,139,01-12-2017
Nuclear,34,27,58,0,0,119,01-12-2017
Hydro,126,20,53,28,15,242,02-12-2017
Nuclear,34,27,58,0,0,119,02-12-2017
"RES (Wind, Solar, Biomass & Others)",13,67,122,1,0,204,02-12-2017
Thermal (Coal & Lignite),520,1075,474,376,0,2446,02-12-2017
Total,751,1236,721,406,38,3152,02-12-2017
"Gas, Naptha & Diesel",58,46,14,0,23,141,02-12-2017
"RES (Wind, Solar, Biomass & Others)",9,68,112,2,0,192,03-12-2017
"Gas, Naptha & Diesel",54,48,14,0,23,138,03-12-2017
Nuclear,33,27,58,0,0,118,03-12-2017
Hydro,108,21,45,26,14,212,03-12-2017
Thermal (Coal & Lignite),497,1046,450,372,0,2365,03-12-2017
Total,700,1210,679,400,37,3026,03-12-2017
Thermal (Coal & Lignite),512,1093,479,375,0,2459,04-12-2017
Hydro,107,20,60,31,13,232,04-12-2017
Nuclear,34,27,65,0,0,126,04-12-2017
"Gas, Naptha & Diesel",54,50,16,0,24,143,04-12-2017
"RES (Wind, Solar, Biomass & Others)",9,37,119,1,0,167,04-12-2017
Total,717,1227,739,407,37,3127,04-12-2017
Total,718,1179,750,402,37,3086,05-12-2017
"RES (Wind, Solar, Biomass & Others)",28,88,109,1,0,227,05-12-2017
"Gas, Naptha & Diesel",53,48,17,0,23,141,05-12-2017
Nuclear,34,27,68,0,0,129,05-12-2017
Thermal (Coal & Lignite),496,994,497,368,0,2356,05-12-2017
Hydro,107,21,59,32,14,232,05-12-2017
"RES (Wind, Solar, Biomass & Others)",23,72,56,1,0,152,06-12-2017
Thermal (Coal & Lignite),491,1000,445,380,0,2316,06-12-2017
Total,708,1168,630,409,36,2951,06-12-2017
Hydro,106,21,50,27,14,218,06-12-2017
Nuclear,34,27,68,0,0,129,06-12-2017
"Gas, Naptha & Diesel",54,48,11,0,23,135,06-12-2017
"Gas, Naptha & Diesel",53,51,18,0,23,146,07-12-2017
Nuclear,34,27,69,0,0,130,07-12-2017
Hydro,106,21,67,30,13,238,07-12-2017
Thermal (Coal & Lignite),502,1070,531,379,0,2482,07-12-2017
Total,711,1226,839,411,37,3224,07-12-2017
"RES (Wind, Solar, Biomass & Others)",16,57,155,1,0,229,07-12-2017
"Gas, Naptha & Diesel",53,52,18,0,24,147,08-12-2017
"RES (Wind, Solar, Biomass & Others)",44,63,160,1,0,269,08-12-2017
Total,764,1262,835,411,38,3310,08-12-2017
Nuclear,34,27,69,0,0,130,08-12-2017
Hydro,116,18,69,30,14,247,08-12-2017
Thermal (Coal & Lignite),517,1101,520,379,0,2518,08-12-2017
Total,719,1237,841,413,38,3248,09-12-2017
Hydro,113,25,68,31,14,251,09-12-2017
Nuclear,34,27,69,0,0,130,09-12-2017
"Gas, Naptha & Diesel",56,52,18,0,24,149,09-12-2017
Thermal (Coal & Lignite),512,1093,517,381,0,2503,09-12-2017
"RES (Wind, Solar, Biomass & Others)",6,39,169,1,0,215,09-12-2017
"Gas, Naptha & Diesel",58,53,18,0,25,154,10-12-2017
Total,717,1235,797,409,38,3196,10-12-2017
Thermal (Coal & Lignite),500,1096,518,380,0,2494,10-12-2017
Hydro,105,19,53,28,13,219,10-12-2017
Nuclear,34,27,51,0,0,112,10-12-2017
"RES (Wind, Solar, Biomass & Others)",19,39,158,1,0,217,10-12-2017
Thermal (Coal & Lignite),509,1081,535,384,1,2509,11-12-2017
"RES (Wind, Solar, Biomass & Others)",14,40,157,1,0,212,11-12-2017
"Gas, Naptha & Diesel",57,54,17,0,25,153,11-12-2017
Nuclear,34,27,46,0,0,107,11-12-2017
Hydro,105,27,137,32,13,314,11-12-2017
Total,719,1228,893,417,39,3296,11-12-2017
"RES (Wind, Solar, Biomass & Others)",7,27,140,1,0,175,12-12-2017
Total,687,1224,834,415,38,3198,12-12-2017
"Gas, Naptha & Diesel",47,54,18,0,24,144,12-12-2017
Thermal (Coal & Lignite),484,1093,536,383,0,2495,12-12-2017
Hydro,116,23,94,31,13,277,12-12-2017
Nuclear,34,27,46,0,0,107,12-12-2017
Nuclear,34,27,46,0,0,108,13-12-2017
Total,743,1259,852,412,38,3305,13-12-2017
"RES (Wind, Solar, Biomass & Others)",15,30,141,2,0,188,13-12-2017
Hydro,118,23,84,31,13,270,13-12-2017
"Gas, Naptha & Diesel",52,56,18,0,24,150,13-12-2017
Thermal (Coal & Lignite),523,1124,563,379,1,2590,13-12-2017
Total,754,1262,857,412,37,3322,14-12-2017
"RES (Wind, Solar, Biomass & Others)",27,54,161,2,0,244,14-12-2017
Hydro,112,24,72,28,13,249,14-12-2017
"Gas, Naptha & Diesel",52,54,18,0,23,147,14-12-2017
Thermal (Coal & Lignite),529,1102,560,382,0,2574,14-12-2017
Nuclear,34,27,46,0,0,108,14-12-2017
Hydro,113,23,61,30,14,240,15-12-2017
Nuclear,34,27,46,0,0,108,15-12-2017
"Gas, Naptha & Diesel",54,53,17,0,23,146,15-12-2017
Thermal (Coal & Lignite),540,1087,550,384,1,2562,15-12-2017
Total,768,1263,850,416,37,3334,15-12-2017
"RES (Wind, Solar, Biomass & Others)",28,73,176,2,0,278,15-12-2017
Total,780,1259,826,413,36,3314,16-12-2017
"RES (Wind, Solar, Biomass & Others)",29,103,205,2,0,339,16-12-2017
"Gas, Naptha & Diesel",48,49,17,0,22,136,16-12-2017
Nuclear,34,27,46,0,0,108,16-12-2017
Hydro,112,19,51,25,13,220,16-12-2017
Thermal (Coal & Lignite),557,1060,506,385,1,2510,16-12-2017
Total,737,1241,796,403,32,3208,17-12-2017
Thermal (Coal & Lignite),513,1051,466,378,1,2410,17-12-2017
Hydro,110,15,41,23,13,202,17-12-2017
Nuclear,34,27,47,0,0,108,17-12-2017
"RES (Wind, Solar, Biomass & Others)",31,97,224,2,0,354,17-12-2017
"Gas, Naptha & Diesel",49,49,18,0,18,134,17-12-2017
Total,736,1283,824,416,34,3292,18-12-2017
Hydro,112,21,58,27,13,231,18-12-2017
Nuclear,34,27,46,0,0,108,18-12-2017
"Gas, Naptha & Diesel",48,54,18,0,21,142,18-12-2017
"RES (Wind, Solar, Biomass & Others)",20,73,189,2,0,284,18-12-2017
Thermal (Coal & Lignite),521,1107,513,387,0,2528,18-12-2017
"Gas, Naptha & Diesel",47,52,18,0,22,139,19-12-2017
Thermal (Coal & Lignite),569,1083,523,388,1,2564,19-12-2017
Hydro,110,24,57,30,13,234,19-12-2017
Nuclear,29,27,46,0,0,102,19-12-2017
"RES (Wind, Solar, Biomass & Others)",18,70,195,2,0,286,19-12-2017
Total,774,1256,839,420,36,3325,19-12-2017
"Gas, Naptha & Diesel",45,51,18,0,19,133,20-12-2017
Total,777,1283,838,421,33,3353,20-12-2017
"RES (Wind, Solar, Biomass & Others)",12,76,175,3,0,265,20-12-2017
Nuclear,29,27,46,0,0,103,20-12-2017
Thermal (Coal & Lignite),578,1112,533,390,1,2616,20-12-2017
Hydro,114,17,66,28,13,237,20-12-2017
"RES (Wind, Solar, Biomass & Others)",13,88,180,2,0,283,21-12-2017
Total,772,1293,845,416,33,3359,21-12-2017
Hydro,115,18,62,28,12,236,21-12-2017
Nuclear,29,27,46,0,0,102,21-12-2017
"Gas, Naptha & Diesel",44,49,18,0,20,131,21-12-2017
Thermal (Coal & Lignite),571,1110,539,386,1,2607,21-12-2017
Hydro,117,21,57,31,12,237,23-12-2017
Total,759,1294,855,415,34,3358,23-12-2017
"RES (Wind, Solar, Biomass & Others)",5,48,202,1,0,257,23-12-2017
"Gas, Naptha & Diesel",41,51,18,0,22,132,23-12-2017
Nuclear,29,27,62,0,0,118,23-12-2017
Thermal (Coal & Lignite),568,1147,516,382,1,2614,23-12-2017
Thermal (Coal & Lignite),552,1137,484,372,1,2546,24-12-2017
Nuclear,29,27,68,0,0,125,24-12-2017
"Gas, Naptha & Diesel",41,48,18,0,24,131,24-12-2017
"RES (Wind, Solar, Biomass & Others)",8,34,205,2,0,249,24-12-2017
Total,746,1265,819,403,37,3270,24-12-2017
Hydro,117,19,44,29,12,221,24-12-2017
Thermal (Coal & Lignite),561,1131,509,374,1,2577,25-12-2017
Hydro,116,18,50,29,11,224,25-12-2017
Nuclear,29,27,69,0,0,125,25-12-2017
"Gas, Naptha & Diesel",41,50,18,0,25,134,25-12-2017
"RES (Wind, Solar, Biomass & Others)",7,55,193,2,0,258,25-12-2017
Total,755,1282,839,405,37,3318,25-12-2017
"Gas, Naptha & Diesel",20,51,18,0,25,115,26-12-2017
Nuclear,29,25,69,0,0,123,26-12-2017
Hydro,118,21,56,27,11,234,26-12-2017
Thermal (Coal & Lignite),586,1135,529,382,0,2633,26-12-2017
"RES (Wind, Solar, Biomass & Others)",30,59,199,2,0,290,26-12-2017
Total,784,1292,871,412,37,3396,26-12-2017
"RES (Wind, Solar, Biomass & Others)",28,38,209,2,0,276,27-12-2017
Total,781,1286,880,419,33,3399,27-12-2017
Hydro,113,20,51,28,11,223,27-12-2017
"Gas, Naptha & Diesel",20,52,19,0,21,111,27-12-2017
Nuclear,29,24,69,0,0,122,27-12-2017
Thermal (Coal & Lignite),591,1153,532,389,1,2667,27-12-2017
Nuclear,29,24,69,0,0,122,28-12-2017
Total,785,1285,799,412,43,3323,28-12-2017
"RES (Wind, Solar, Biomass & Others)",34,51,135,3,0,223,28-12-2017
"Gas, Naptha & Diesel",20,50,17,0,24,111,28-12-2017
Thermal (Coal & Lignite),587,1142,531,383,8,2651,28-12-2017
Hydro,115,19,47,26,10,217,28-12-2017
Hydro,114,20,52,28,10,224,29-12-2017
Thermal (Coal & Lignite),570,1140,542,388,8,2649,29-12-2017
"Gas, Naptha & Diesel",21,51,18,0,23,113,29-12-2017
"RES (Wind, Solar, Biomass & Others)",44,52,126,2,0,224,29-12-2017
Total,777,1286,808,418,42,3331,29-12-2017
Nuclear,29,24,69,0,0,122,29-12-2017
"RES (Wind, Solar, Biomass & Others)",35,70,114,2,0,220,30-12-2017
"Gas, Naptha & Diesel",21,51,18,0,25,115,30-12-2017
Nuclear,29,24,69,0,0,122,30-12-2017
Total,764,1291,808,415,44,3321,30-12-2017
Thermal (Coal & Lignite),567,1127,553,384,9,2640,30-12-2017
Hydro,111,20,54,29,10,224,30-12-2017
Total,743,1253,822,413,45,3276,31-12-2017
"RES (Wind, Solar, Biomass & Others)",30,52,105,2,0,190,31-12-2017
"Gas, Naptha & Diesel",19,47,18,0,26,110,31-12-2017
Nuclear,29,24,69,0,0,122,31-12-2017
Hydro,108,18,42,25,10,202,31-12-2017
Thermal (Coal & Lignite),556,1112,588,386,10,2652,31-12-2017
Nuclear,29,24,71,0,0,123,01-01-2018
Total,749,1251,773,411,45,3229,01-01-2018
"RES (Wind, Solar, Biomass & Others)",28,55,93,2,0,177,01-01-2018
"Gas, Naptha & Diesel",19,50,19,0,26,115,01-01-2018
Hydro,108,21,45,26,9,210,01-01-2018
Thermal (Coal & Lignite),564,1101,546,384,9,2604,01-01-2018
Thermal (Coal & Lignite),561,1159,560,380,9,2669,02-01-2018
Hydro,114,20,54,25,9,222,02-01-2018
Nuclear,29,24,74,0,0,127,02-01-2018
"RES (Wind, Solar, Biomass & Others)",29,55,90,2,0,176,02-01-2018
Total,755,1310,797,406,45,3313,02-01-2018
"Gas, Naptha & Diesel",21,52,19,0,27,119,02-01-2018
Thermal (Coal & Lignite),575,1195,571,388,10,2739,03-01-2018
Hydro,114,26,52,25,9,225,03-01-2018
Nuclear,29,23,74,0,0,126,03-01-2018
"RES (Wind, Solar, Biomass & Others)",32,48,99,2,0,181,03-01-2018
Total,770,1345,815,415,44,3389,03-01-2018
"Gas, Naptha & Diesel",20,53,19,0,26,118,03-01-2018
Total,770,1315,819,427,44,3376,04-01-2018
"RES (Wind, Solar, Biomass & Others)",33,29,105,2,0,169,04-01-2018
"Gas, Naptha & Diesel",23,50,21,0,25,119,04-01-2018
Nuclear,29,24,74,0,0,126,04-01-2018
Hydro,113,27,55,26,9,230,04-01-2018
Thermal (Coal & Lignite),572,1185,565,399,10,2731,04-01-2018
Thermal (Coal & Lignite),570,1191,572,399,6,2739,05-01-2018
Hydro,112,27,50,30,9,228,05-01-2018
Nuclear,29,24,74,0,0,127,05-01-2018
"RES (Wind, Solar, Biomass & Others)",31,27,109,2,0,169,05-01-2018
Total,771,1315,825,431,40,3381,05-01-2018
"Gas, Naptha & Diesel",28,46,19,0,25,117,05-01-2018
Total,769,1310,833,412,39,3365,06-01-2018
"RES (Wind, Solar, Biomass & Others)",32,29,103,2,0,167,06-01-2018
"Gas, Naptha & Diesel",29,49,18,0,24,121,06-01-2018
Nuclear,29,24,74,0,0,127,06-01-2018
Hydro,110,30,56,30,9,234,06-01-2018
Thermal (Coal & Lignite),569,1178,582,380,6,2715,06-01-2018
Thermal (Coal & Lignite),560,1147,537,379,8,2630,07-01-2018
Hydro,109,20,47,24,8,209,07-01-2018
Nuclear,29,24,74,0,0,127,07-01-2018
"RES (Wind, Solar, Biomass & Others)",30,41,103,2,0,177,07-01-2018
Total,752,1282,780,405,41,3260,07-01-2018
"Gas, Naptha & Diesel",24,49,19,0,24,117,07-01-2018
Total,782,1304,810,420,43,3359,08-01-2018
"RES (Wind, Solar, Biomass & Others)",29,48,121,2,0,200,08-01-2018
"Gas, Naptha & Diesel",31,42,19,0,24,116,08-01-2018
Nuclear,29,24,71,0,0,124,08-01-2018
Hydro,109,24,50,25,9,217,08-01-2018
Thermal (Coal & Lignite),584,1167,549,393,10,2703,08-01-2018
Thermal (Coal & Lignite),590,1160,564,406,10,2730,09-01-2018
Hydro,107,22,48,26,9,211,09-01-2018
Nuclear,29,24,64,0,0,117,09-01-2018
Total,790,1317,817,434,43,3401,09-01-2018
"RES (Wind, Solar, Biomass & Others)",35,71,124,2,0,232,09-01-2018
"Gas, Naptha & Diesel",28,41,18,0,24,111,09-01-2018
Hydro,106,25,48,23,9,212,10-01-2018
Total,787,1327,816,435,43,3408,10-01-2018
"RES (Wind, Solar, Biomass & Others)",35,61,123,2,0,220,10-01-2018
Nuclear,29,24,64,0,0,117,10-01-2018
Thermal (Coal & Lignite),584,1175,563,410,10,2742,10-01-2018
"Gas, Naptha & Diesel",33,41,18,0,24,117,10-01-2018
"RES (Wind, Solar, Biomass & Others)",30,54,113,2,0,199,11-01-2018
Nuclear,29,24,64,0,0,117,11-01-2018
Hydro,108,29,62,32,9,239,11-01-2018
Thermal (Coal & Lignite),587,1180,572,402,8,2749,11-01-2018
Total,787,1328,829,436,41,3420,11-01-2018
"Gas, Naptha & Diesel",33,41,18,0,24,117,11-01-2018
"RES (Wind, Solar, Biomass & Others)",30,41,111,2,0,184,12-01-2018
Total,800,1335,840,435,42,3453,12-01-2018
Hydro,107,30,69,33,8,247,12-01-2018
Thermal (Coal & Lignite),602,1200,579,400,9,2789,12-01-2018
Nuclear,29,24,64,0,0,117,12-01-2018
"Gas, Naptha & Diesel",33,41,18,0,24,116,12-01-2018
Total,784,1326,821,453,41,3425,13-01-2018
"RES (Wind, Solar, Biomass & Others)",29,37,115,2,0,182,13-01-2018
Thermal (Coal & Lignite),591,1194,562,423,8,2777,13-01-2018
Hydro,105,27,60,28,9,229,13-01-2018
Nuclear,29,24,67,0,0,120,13-01-2018
"Gas, Naptha & Diesel",30,44,18,0,24,116,13-01-2018
"RES (Wind, Solar, Biomass & Others)",30,32,121,2,0,184,14-01-2018
"Gas, Naptha & Diesel",29,38,18,0,25,110,14-01-2018
Nuclear,29,24,69,0,0,122,14-01-2018
Hydro,101,30,47,26,8,212,14-01-2018
Thermal (Coal & Lignite),558,1118,488,408,8,2580,14-01-2018
Total,747,1242,742,437,41,3209,14-01-2018
Nuclear,29,24,66,0,0,119,15-01-2018
Hydro,106,36,58,22,9,232,15-01-2018
Thermal (Coal & Lignite),573,1148,489,405,8,2624,15-01-2018
"RES (Wind, Solar, Biomass & Others)",34,48,113,2,0,197,15-01-2018
Total,772,1294,744,429,42,3281,15-01-2018
"Gas, Naptha & Diesel",30,38,17,0,25,110,15-01-2018
"RES (Wind, Solar, Biomass & Others)",39,33,102,2,0,176,16-01-2018
"Gas, Naptha & Diesel",28,47,19,0,25,119,16-01-2018
Total,756,1307,773,449,42,3327,16-01-2018
Hydro,106,34,73,26,9,247,16-01-2018
Nuclear,29,24,60,0,0,112,16-01-2018
Thermal (Coal & Lignite),554,1170,520,421,8,2673,16-01-2018
"RES (Wind, Solar, Biomass & Others)",39,33,108,1,0,180,17-01-2018
"Gas, Naptha & Diesel",29,53,18,0,25,124,17-01-2018
Nuclear,29,24,60,0,0,113,17-01-2018
Hydro,101,28,73,25,8,235,17-01-2018
Thermal (Coal & Lignite),586,1190,535,435,9,2754,17-01-2018
Total,784,1327,793,461,41,3406,17-01-2018
Thermal (Coal & Lignite),574,1188,526,429,9,2727,18-01-2018
Hydro,102,22,72,28,8,231,18-01-2018
Nuclear,29,25,60,0,0,114,18-01-2018
"Gas, Naptha & Diesel",28,49,19,0,24,119,18-01-2018
"RES (Wind, Solar, Biomass & Others)",41,29,130,2,0,203,18-01-2018
Total,774,1314,807,459,40,3394,18-01-2018
Thermal (Coal & Lignite),587,1194,518,429,7,2736,19-01-2018
"RES (Wind, Solar, Biomass & Others)",39,35,125,2,0,200,19-01-2018
Nuclear,29,24,60,0,0,112,19-01-2018
"Gas, Naptha & Diesel",24,49,19,0,23,115,19-01-2018
Total,780,1330,794,457,39,3400,19-01-2018
Hydro,101,28,72,27,8,237,19-01-2018
Hydro,103,19,81,24,8,235,20-01-2018
Thermal (Coal & Lignite),584,1202,521,431,7,2745,20-01-2018
Nuclear,29,24,60,0,0,112,20-01-2018
Total,770,1342,790,458,39,3400,20-01-2018
"RES (Wind, Solar, Biomass & Others)",30,48,111,3,0,192,20-01-2018
"Gas, Naptha & Diesel",24,49,18,0,24,115,20-01-2018
Thermal (Coal & Lignite),561,1181,496,429,8,2675,21-01-2018
"RES (Wind, Solar, Biomass & Others)",32,39,118,3,0,191,21-01-2018
"Gas, Naptha & Diesel",25,49,19,0,25,118,21-01-2018
Nuclear,29,24,60,0,0,113,21-01-2018
Hydro,103,14,57,23,8,204,21-01-2018
Total,750,1306,749,454,41,3300,21-01-2018
Total,766,1321,786,465,41,3379,22-01-2018
Thermal (Coal & Lignite),577,1187,511,438,10,2724,22-01-2018
"RES (Wind, Solar, Biomass & Others)",33,40,118,2,0,192,22-01-2018
Hydro,101,23,78,25,8,235,22-01-2018
Nuclear,29,24,60,0,0,113,22-01-2018
"Gas, Naptha & Diesel",26,47,19,0,23,115,22-01-2018
Hydro,98,26,84,26,8,243,23-01-2018
Thermal (Coal & Lignite),545,1166,534,434,10,2688,23-01-2018
Total,739,1317,803,462,39,3360,23-01-2018
"Gas, Naptha & Diesel",26,47,19,0,22,113,23-01-2018
Nuclear,29,24,62,0,0,115,23-01-2018
"RES (Wind, Solar, Biomass & Others)",41,54,105,2,0,201,23-01-2018
"RES (Wind, Solar, Biomass & Others)",34,40,98,2,0,173,24-01-2018
"Gas, Naptha & Diesel",26,47,19,0,21,113,24-01-2018
Total,737,1281,818,443,38,3318,24-01-2018
Thermal (Coal & Lignite),551,1148,562,416,9,2686,24-01-2018
Nuclear,29,24,63,0,0,116,24-01-2018
Hydro,98,22,78,25,8,231,24-01-2018
Hydro,99,24,62,29,9,222,25-01-2018
Total,769,1283,826,451,40,3368,25-01-2018
"RES (Wind, Solar, Biomass & Others)",39,33,94,2,0,168,25-01-2018
Nuclear,29,24,64,0,0,117,25-01-2018
"Gas, Naptha & Diesel",24,45,19,0,22,110,25-01-2018
Thermal (Coal & Lignite),578,1158,588,420,9,2752,25-01-2018
Total,723,1216,795,437,38,3208,26-01-2018
Nuclear,29,24,63,0,0,117,26-01-2018
"Gas, Naptha & Diesel",21,43,19,0,22,105,26-01-2018
Thermal (Coal & Lignite),542,1104,557,410,8,2621,26-01-2018
"RES (Wind, Solar, Biomass & Others)",34,32,104,1,0,171,26-01-2018
Hydro,97,13,51,25,8,195,26-01-2018
Nuclear,29,24,65,0,0,118,27-01-2018
Hydro,91,20,59,28,8,206,27-01-2018
"Gas, Naptha & Diesel",23,44,18,0,22,107,27-01-2018
"RES (Wind, Solar, Biomass & Others)",36,33,103,2,0,174,27-01-2018
Total,740,1237,826,428,40,3270,27-01-2018
Thermal (Coal & Lignite),561,1116,581,398,10,2665,27-01-2018
"RES (Wind, Solar, Biomass & Others)",39,35,109,2,0,185,28-01-2018
Thermal (Coal & Lignite),548,1128,555,427,9,2666,28-01-2018
Hydro,92,18,47,27,8,192,28-01-2018
"Gas, Naptha & Diesel",18,42,18,0,24,101,28-01-2018
Total,727,1246,797,456,41,3266,28-01-2018
Nuclear,29,24,69,0,0,122,28-01-2018
Total,761,1252,837,458,36,3344,29-01-2018
"RES (Wind, Solar, Biomass & Others)",36,30,124,2,0,192,29-01-2018
Thermal (Coal & Lignite),578,1136,567,428,10,2719,29-01-2018
"Gas, Naptha & Diesel",23,41,18,0,18,100,29-01-2018
Nuclear,29,24,72,0,0,125,29-01-2018
Hydro,95,21,55,28,8,208,29-01-2018
Thermal (Coal & Lignite),569,1152,551,431,10,2712,30-01-2018
"RES (Wind, Solar, Biomass & Others)",37,43,130,2,0,212,30-01-2018
"Gas, Naptha & Diesel",24,44,18,0,23,110,30-01-2018
Nuclear,29,24,72,0,0,124,30-01-2018
Hydro,93,20,63,26,8,210,30-01-2018
Total,752,1284,834,459,40,3369,30-01-2018
Total,764,1270,842,467,41,3385,31-01-2018
Thermal (Coal & Lignite),571,1142,564,441,10,2727,31-01-2018
Hydro,93,23,62,24,8,210,31-01-2018
Nuclear,29,24,69,0,0,122,31-01-2018
"RES (Wind, Solar, Biomass & Others)",45,38,129,2,0,214,31-01-2018
"Gas, Naptha & Diesel",26,44,17,0,24,112,31-01-2018
Total,770,1275,814,478,40,3376,01-02-2018
Thermal (Coal & Lignite),560,1142,556,455,9,2722,01-02-2018
Hydro,97,26,44,21,7,195,01-02-2018
Nuclear,29,24,69,0,0,122,01-02-2018
"Gas, Naptha & Diesel",34,46,19,0,24,124,01-02-2018
"RES (Wind, Solar, Biomass & Others)",49,37,126,2,0,214,01-02-2018
Hydro,98,22,50,23,7,199,02-02-2018
Total,771,1280,820,478,40,3389,02-02-2018
Nuclear,29,24,69,0,0,122,02-02-2018
Thermal (Coal & Lignite),568,1150,552,454,9,2732,02-02-2018
"Gas, Naptha & Diesel",35,48,19,0,24,127,02-02-2018
"RES (Wind, Solar, Biomass & Others)",42,36,129,2,0,209,02-02-2018
Total,754,1294,817,474,41,3380,03-02-2018
"RES (Wind, Solar, Biomass & Others)",38,43,140,2,0,223,03-02-2018
Thermal (Coal & Lignite),566,1160,538,444,10,2718,03-02-2018
Nuclear,29,24,69,0,0,122,03-02-2018
Hydro,94,23,50,28,7,203,03-02-2018
"Gas, Naptha & Diesel",27,45,20,0,24,115,03-02-2018
Total,731,1269,768,454,40,3262,04-02-2018
"RES (Wind, Solar, Biomass & Others)",51,54,139,2,0,246,04-02-2018
"Gas, Naptha & Diesel",25,43,18,0,24,110,04-02-2018
Nuclear,29,24,69,0,0,122,04-02-2018
Hydro,95,18,37,26,8,185,04-02-2018
Thermal (Coal & Lignite),531,1130,504,426,9,2599,04-02-2018
Hydro,96,17,45,28,8,194,05-02-2018
Nuclear,29,24,69,0,0,122,05-02-2018
"Gas, Naptha & Diesel",26,45,17,0,24,112,05-02-2018
"RES (Wind, Solar, Biomass & Others)",48,47,142,2,0,239,05-02-2018
Total,752,1292,816,457,42,3359,05-02-2018
Thermal (Coal & Lignite),553,1159,543,428,10,2692,05-02-2018
Hydro,94,25,54,22,8,202,06-02-2018
"Gas, Naptha & Diesel",25,46,18,0,24,112,06-02-2018
"RES (Wind, Solar, Biomass & Others)",47,41,119,2,0,209,06-02-2018
Total,758,1307,833,459,41,3398,06-02-2018
Thermal (Coal & Lignite),569,1171,573,435,9,2757,06-02-2018
Nuclear,24,24,69,0,0,117,06-02-2018
Total,745,1310,831,475,42,3403,07-02-2018
"RES (Wind, Solar, Biomass & Others)",40,36,86,1,0,163,07-02-2018
Thermal (Coal & Lignite),564,1178,592,448,10,2791,07-02-2018
Hydro,96,26,66,26,8,222,07-02-2018
Nuclear,24,24,69,0,0,117,07-02-2018
"Gas, Naptha & Diesel",21,46,19,0,24,110,07-02-2018
Thermal (Coal & Lignite),571,1186,563,445,9,2775,08-02-2018
Hydro,94,26,54,31,9,214,08-02-2018
Nuclear,25,24,69,0,0,117,08-02-2018
"Gas, Naptha & Diesel",21,47,18,0,24,110,08-02-2018
"RES (Wind, Solar, Biomass & Others)",34,40,96,2,0,171,08-02-2018
Total,746,1322,800,478,42,3387,08-02-2018
"Gas, Naptha & Diesel",22,45,18,0,24,109,09-02-2018
"RES (Wind, Solar, Biomass & Others)",37,32,99,2,0,169,09-02-2018
Total,771,1307,828,470,42,3418,09-02-2018
Thermal (Coal & Lignite),589,1183,580,438,10,2800,09-02-2018
Nuclear,29,24,69,0,0,121,09-02-2018
Hydro,95,23,62,31,8,219,09-02-2018
Hydro,94,24,63,29,8,217,10-02-2018
Nuclear,29,24,69,0,0,122,10-02-2018
"RES (Wind, Solar, Biomass & Others)",41,42,101,2,0,187,10-02-2018
"Gas, Naptha & Diesel",21,45,18,0,23,108,10-02-2018
Thermal (Coal & Lignite),584,1160,566,444,9,2762,10-02-2018
Total,769,1295,817,475,41,3396,10-02-2018
Nuclear,29,24,69,0,0,122,11-02-2018
"Gas, Naptha & Diesel",21,45,18,0,23,107,11-02-2018
"RES (Wind, Solar, Biomass & Others)",46,48,132,2,0,228,11-02-2018
Total,719,1218,771,455,40,3202,11-02-2018
Thermal (Coal & Lignite),536,1084,516,430,9,2574,11-02-2018
Hydro,87,18,36,23,7,171,11-02-2018
Nuclear,29,24,69,0,0,122,12-02-2018
Thermal (Coal & Lignite),494,1071,569,428,9,2572,12-02-2018
"RES (Wind, Solar, Biomass & Others)",38,38,120,2,0,198,12-02-2018
Total,686,1197,827,455,40,3206,12-02-2018
Hydro,104,21,51,25,7,209,12-02-2018
"Gas, Naptha & Diesel",21,43,17,0,24,105,12-02-2018
Nuclear,29,24,69,0,0,122,13-02-2018
"RES (Wind, Solar, Biomass & Others)",43,57,119,2,0,221,13-02-2018
Thermal (Coal & Lignite),507,1086,577,437,9,2617,13-02-2018
Hydro,92,24,48,24,7,196,13-02-2018
"Gas, Naptha & Diesel",21,43,18,0,23,106,13-02-2018
Total,692,1235,832,463,40,3262,13-02-2018
Nuclear,29,24,69,0,0,122,14-02-2018
Hydro,93,21,43,23,7,187,14-02-2018
"Gas, Naptha & Diesel",20,42,19,0,23,105,14-02-2018
Total,726,1230,830,460,39,3285,14-02-2018
"RES (Wind, Solar, Biomass & Others)",45,96,141,2,0,284,14-02-2018
Thermal (Coal & Lignite),538,1047,558,435,9,2587,14-02-2018
"Gas, Naptha & Diesel",21,42,20,0,23,105,15-02-2018
Nuclear,29,24,69,0,0,122,15-02-2018
Hydro,98,27,42,26,8,201,15-02-2018
Thermal (Coal & Lignite),544,1062,560,435,9,2610,15-02-2018
Total,729,1242,839,464,40,3314,15-02-2018
"RES (Wind, Solar, Biomass & Others)",37,87,149,2,0,275,15-02-2018
Thermal (Coal & Lignite),563,1138,594,436,10,2741,16-02-2018
Nuclear,29,3,69,0,0,101,16-02-2018
"Gas, Naptha & Diesel",21,48,19,0,23,112,16-02-2018
"RES (Wind, Solar, Biomass & Others)",34,41,129,2,0,206,16-02-2018
Total,744,1257,861,463,40,3366,16-02-2018
Hydro,96,26,51,25,8,206,16-02-2018
Total,733,1237,857,475,40,3342,17-02-2018
"RES (Wind, Solar, Biomass & Others)",36,37,113,3,0,189,17-02-2018
"Gas, Naptha & Diesel",21,49,19,0,23,112,17-02-2018
Nuclear,29,3,69,0,0,101,17-02-2018
Hydro,98,29,50,28,7,212,17-02-2018
Thermal (Coal & Lignite),550,1119,605,445,9,2727,17-02-2018
"RES (Wind, Solar, Biomass & Others)",40,34,140,3,0,215,18-02-2018
Hydro,95,25,40,26,7,193,18-02-2018
"Gas, Naptha & Diesel",21,45,20,0,23,108,18-02-2018
"RES (Wind, Solar, Biomass & Others)",40,29,126,3,0,198,18-02-2018
Total,706,1238,825,465,39,3273,18-02-2018
Thermal (Coal & Lignite),522,1115,571,436,9,2653,18-02-2018
Nuclear,29,23,69,0,0,121,18-02-2018
Total,706,1249,875,469,40,3338,18-02-2018
Thermal (Coal & Lignite),522,1118,608,437,10,2695,18-02-2018
Hydro,95,37,53,29,7,221,18-02-2018
Nuclear,29,11,55,0,0,96,18-02-2018
"Gas, Naptha & Diesel",21,48,20,0,23,111,18-02-2018
Hydro,100,37,62,25,7,231,20-02-2018
Nuclear,29,12,46,0,0,87,20-02-2018
"Gas, Naptha & Diesel",21,49,19,0,23,113,20-02-2018
"RES (Wind, Solar, Biomass & Others)",40,38,142,3,0,222,20-02-2018
Total,735,1256,905,482,40,3419,20-02-2018
Thermal (Coal & Lignite),546,1120,635,455,10,2766,20-02-2018
"Gas, Naptha & Diesel",21,49,20,0,23,113,21-02-2018
Nuclear,29,12,46,0,0,87,21-02-2018
Hydro,100,37,59,24,6,226,21-02-2018
"RES (Wind, Solar, Biomass & Others)",38,40,142,3,0,222,21-02-2018
Thermal (Coal & Lignite),540,1127,640,470,10,2786,21-02-2018
Total,727,1264,906,497,40,3433,21-02-2018
"RES (Wind, Solar, Biomass & Others)",38,33,137,2,0,210,22-02-2018
Nuclear,29,10,45,0,0,84,22-02-2018
Thermal (Coal & Lignite),555,1132,645,475,10,2817,22-02-2018
"Gas, Naptha & Diesel",21,56,19,0,23,120,22-02-2018
Total,741,1271,911,502,40,3465,22-02-2018
Hydro,98,40,64,25,6,234,22-02-2018
Total,752,1270,919,492,39,3473,23-02-2018
"RES (Wind, Solar, Biomass & Others)",47,36,156,2,0,242,23-02-2018
"Gas, Naptha & Diesel",21,59,19,0,22,122,23-02-2018
Nuclear,28,9,46,0,0,84,23-02-2018
Hydro,100,28,60,28,7,223,23-02-2018
Thermal (Coal & Lignite),555,1138,637,461,10,2802,23-02-2018
Thermal (Coal & Lignite),542,1132,609,463,10,2755,24-02-2018
Hydro,97,29,61,30,6,224,24-02-2018
Nuclear,28,3,47,0,0,78,24-02-2018
"Gas, Naptha & Diesel",21,24,19,0,23,87,24-02-2018
Total,740,1225,904,495,40,3403,24-02-2018
"RES (Wind, Solar, Biomass & Others)",50,36,169,2,0,257,24-02-2018
Thermal (Coal & Lignite),515,1154,585,456,9,2718,25-02-2018
Hydro,103,15,46,21,6,192,25-02-2018
Nuclear,28,21,47,0,0,96,25-02-2018
"Gas, Naptha & Diesel",20,49,19,0,23,111,25-02-2018
"RES (Wind, Solar, Biomass & Others)",55,57,170,2,0,285,25-02-2018
Total,721,1296,867,479,38,3402,25-02-2018
Thermal (Coal & Lignite),552,1119,624,459,8,2761,26-02-2018
"Gas, Naptha & Diesel",20,49,19,0,22,111,26-02-2018
Nuclear,29,24,46,0,0,99,26-02-2018
Hydro,107,30,66,25,6,234,26-02-2018
"RES (Wind, Solar, Biomass & Others)",46,57,145,2,0,251,26-02-2018
Total,754,1279,901,486,37,3456,26-02-2018
Thermal (Coal & Lignite),570,1135,627,468,7,2808,27-02-2018
Total,766,1294,926,502,37,3525,27-02-2018
"RES (Wind, Solar, Biomass & Others)",36,52,169,2,0,259,27-02-2018
"Gas, Naptha & Diesel",24,50,20,0,23,116,27-02-2018
Nuclear,29,24,46,0,0,99,27-02-2018
Hydro,107,33,64,32,6,243,27-02-2018
Hydro,107,31,73,30,6,247,28-02-2018
Nuclear,28,24,46,0,0,99,28-02-2018
"Gas, Naptha & Diesel",22,53,19,0,23,117,28-02-2018
"RES (Wind, Solar, Biomass & Others)",36,45,145,2,0,228,28-02-2018
Total,786,1289,934,503,39,3551,28-02-2018
Thermal (Coal & Lignite),594,1137,650,471,10,2861,28-02-2018
Total,790,1272,932,486,40,3520,01-03-2018
"RES (Wind, Solar, Biomass & Others)",43,39,145,3,0,229,01-03-2018
"Gas, Naptha & Diesel",21,52,19,0,23,116,01-03-2018
Thermal (Coal & Lignite),591,1129,649,461,10,2840,01-03-2018
Hydro,107,28,73,22,6,236,01-03-2018
Nuclear,28,24,47,0,0,99,01-03-2018
Thermal (Coal & Lignite),495,1035,617,430,7,2585,02-03-2018
Hydro,102,12,53,20,6,194,02-03-2018
Nuclear,28,24,47,0,0,98,02-03-2018
"Gas, Naptha & Diesel",14,36,20,0,23,93,02-03-2018
"RES (Wind, Solar, Biomass & Others)",48,45,147,3,0,244,02-03-2018
Total,688,1152,884,454,36,3214,02-03-2018
Thermal (Coal & Lignite),489,1046,636,439,7,2616,03-03-2018
Hydro,112,23,62,29,7,234,03-03-2018
Nuclear,28,24,47,0,0,99,03-03-2018
"Gas, Naptha & Diesel",12,41,20,0,23,95,03-03-2018
"RES (Wind, Solar, Biomass & Others)",49,61,132,2,0,245,03-03-2018
Total,690,1196,896,470,37,3289,03-03-2018
Total,707,1289,880,475,38,3389,04-03-2018
Hydro,114,13,59,26,7,219,04-03-2018
Nuclear,28,24,47,0,0,99,04-03-2018
"Gas, Naptha & Diesel",12,46,19,0,23,100,04-03-2018
"RES (Wind, Solar, Biomass & Others)",41,46,127,2,0,216,04-03-2018
Thermal (Coal & Lignite),511,1160,629,447,8,2756,04-03-2018
Thermal (Coal & Lignite),555,1095,637,468,10,2764,05-03-2018
Hydro,113,25,83,28,10,259,05-03-2018
Nuclear,28,24,47,0,0,99,05-03-2018
"Gas, Naptha & Diesel",16,50,19,0,23,108,05-03-2018
"RES (Wind, Solar, Biomass & Others)",39,43,136,1,0,219,05-03-2018
Total,752,1237,923,497,42,3450,05-03-2018
Hydro,109,28,76,31,6,251,06-03-2018
Nuclear,24,24,46,0,0,94,06-03-2018
Thermal (Coal & Lignite),587,1114,641,463,10,2814,06-03-2018
"Gas, Naptha & Diesel",20,55,19,0,23,117,06-03-2018
"RES (Wind, Solar, Biomass & Others)",43,50,142,2,0,235,06-03-2018
Total,782,1271,925,495,39,3512,06-03-2018
Thermal (Coal & Lignite),590,1111,647,482,10,2841,07-03-2018
Hydro,109,29,75,29,6,247,07-03-2018
"Gas, Naptha & Diesel",18,51,20,0,23,111,07-03-2018
Nuclear,23,24,45,0,0,92,07-03-2018
Total,792,1265,931,513,39,3540,07-03-2018
"RES (Wind, Solar, Biomass & Others)",51,51,145,2,0,249,07-03-2018
Total,780,1288,941,522,39,3570,08-03-2018
Thermal (Coal & Lignite),578,1135,658,493,10,2875,08-03-2018
Hydro,107,35,83,27,6,258,08-03-2018
Nuclear,23,24,29,0,0,76,08-03-2018
"Gas, Naptha & Diesel",21,49,20,0,22,112,08-03-2018
"RES (Wind, Solar, Biomass & Others)",50,45,151,2,0,249,08-03-2018
Thermal (Coal & Lignite),570,1116,692,484,11,2873,09-03-2018
Hydro,107,35,88,28,6,265,09-03-2018
Nuclear,23,24,24,0,0,71,09-03-2018
"Gas, Naptha & Diesel",23,49,20,0,23,115,09-03-2018
"RES (Wind, Solar, Biomass & Others)",62,50,130,3,0,245,09-03-2018
Total,786,1275,953,516,39,3569,09-03-2018
Total,778,1235,940,531,39,3524,10-03-2018
"RES (Wind, Solar, Biomass & Others)",46,46,142,2,0,236,10-03-2018
"Gas, Naptha & Diesel",25,51,19,0,23,117,10-03-2018
Nuclear,23,24,26,0,0,73,10-03-2018
Hydro,106,33,75,29,6,248,10-03-2018
Thermal (Coal & Lignite),579,1082,678,500,11,2850,10-03-2018
Hydro,100,23,72,29,6,231,12-03-2018
Nuclear,23,24,29,0,0,76,12-03-2018
"Gas, Naptha & Diesel",25,52,21,0,22,120,12-03-2018
"RES (Wind, Solar, Biomass & Others)",39,53,167,2,0,261,12-03-2018
Total,808,1224,961,524,38,3556,12-03-2018
Thermal (Coal & Lignite),621,1072,672,493,9,2868,12-03-2018
Total,819,1242,955,526,38,3580,13-03-2018
"RES (Wind, Solar, Biomass & Others)",64,58,143,2,0,267,13-03-2018
"Gas, Naptha & Diesel",26,53,20,0,23,122,13-03-2018
Nuclear,23,24,40,0,0,87,13-03-2018
Hydro,102,22,77,28,7,235,13-03-2018
Thermal (Coal & Lignite),604,1086,674,496,9,2869,13-03-2018
Total,819,1260,951,524,39,3593,14-03-2018
Nuclear,26,24,46,0,0,95,14-03-2018
"RES (Wind, Solar, Biomass & Others)",55,81,126,2,0,265,14-03-2018
Thermal (Coal & Lignite),604,1077,680,494,9,2863,14-03-2018
"Gas, Naptha & Diesel",28,53,21,0,23,125,14-03-2018
Hydro,107,25,78,29,6,245,14-03-2018
Hydro,109,21,82,30,7,250,15-03-2018
Nuclear,28,24,46,0,0,98,15-03-2018
"Gas, Naptha & Diesel",31,56,21,0,23,131,15-03-2018
"RES (Wind, Solar, Biomass & Others)",42,60,108,2,0,213,15-03-2018
Total,822,1253,937,515,41,3568,15-03-2018
Thermal (Coal & Lignite),612,1091,679,484,10,2877,15-03-2018
"Gas, Naptha & Diesel",32,51,21,0,23,127,16-03-2018
"RES (Wind, Solar, Biomass & Others)",40,54,110,2,0,205,16-03-2018
Nuclear,28,24,46,0,0,98,16-03-2018
Hydro,105,19,63,29,8,224,16-03-2018
Thermal (Coal & Lignite),607,1096,655,471,9,2838,16-03-2018
Total,812,1243,895,502,40,3493,16-03-2018
Thermal (Coal & Lignite),592,1102,578,451,9,2732,17-03-2018
"Gas, Naptha & Diesel",30,51,22,0,23,126,17-03-2018
Nuclear,28,24,46,0,0,98,17-03-2018
"RES (Wind, Solar, Biomass & Others)",47,44,110,2,0,203,17-03-2018
Hydro,100,25,56,33,9,223,17-03-2018
Total,798,1245,813,486,41,3382,17-03-2018
Hydro,97,18,40,30,8,192,18-03-2018
Nuclear,28,24,47,0,0,98,18-03-2018
Total,760,1214,817,473,38,3302,18-03-2018
"RES (Wind, Solar, Biomass & Others)",44,62,91,2,0,200,18-03-2018
"Gas, Naptha & Diesel",26,52,47,0,21,145,18-03-2018
Thermal (Coal & Lignite),566,1059,592,441,8,2665,18-03-2018
Total,797,1243,884,491,40,3455,19-03-2018
Hydro,101,29,51,31,8,220,19-03-2018
Nuclear,28,24,46,0,0,98,19-03-2018
"Gas, Naptha & Diesel",29,54,21,0,23,127,19-03-2018
"RES (Wind, Solar, Biomass & Others)",45,62,134,2,0,243,19-03-2018
Thermal (Coal & Lignite),594,1074,632,458,10,2768,19-03-2018
Total,806,1268,907,484,41,3507,20-03-2018
"RES (Wind, Solar, Biomass & Others)",57,63,117,2,0,238,20-03-2018
"Gas, Naptha & Diesel",27,54,20,0,24,126,20-03-2018
Nuclear,28,24,46,0,0,98,20-03-2018
Hydro,101,24,63,33,8,229,20-03-2018
Thermal (Coal & Lignite),593,1103,661,450,9,2816,20-03-2018
Thermal (Coal & Lignite),577,1099,678,446,10,2810,21-03-2018
Hydro,99,24,62,35,7,227,21-03-2018
Nuclear,27,24,46,0,0,97,21-03-2018
"Gas, Naptha & Diesel",26,54,20,0,23,123,21-03-2018
"RES (Wind, Solar, Biomass & Others)",42,87,130,2,0,261,21-03-2018
Total,771,1287,936,484,41,3518,21-03-2018
Thermal (Coal & Lignite),579,1123,680,461,11,2854,22-03-2018
Hydro,104,22,62,34,6,228,22-03-2018
Nuclear,23,24,46,0,0,93,22-03-2018
"Gas, Naptha & Diesel",27,54,21,0,23,125,22-03-2018
"RES (Wind, Solar, Biomass & Others)",40,59,148,2,0,250,22-03-2018
Total,774,1282,957,497,41,3550,22-03-2018
"RES (Wind, Solar, Biomass & Others)",38,55,141,2,0,236,23-03-2018
"Gas, Naptha & Diesel",38,58,21,0,23,140,23-03-2018
Hydro,103,22,67,35,6,232,23-03-2018
Thermal (Coal & Lignite),583,1153,685,473,11,2905,23-03-2018
Nuclear,23,24,46,0,0,94,23-03-2018
Total,785,1312,960,510,40,3607,23-03-2018
Total,770,1311,955,516,39,3590,24-03-2018
"Gas, Naptha & Diesel",30,57,21,0,23,131,24-03-2018
Thermal (Coal & Lignite),570,1137,703,475,10,2895,24-03-2018
Hydro,103,28,67,38,6,242,24-03-2018
Nuclear,28,24,47,0,0,98,24-03-2018
"RES (Wind, Solar, Biomass & Others)",39,66,118,2,0,225,24-03-2018
Thermal (Coal & Lignite),536,1119,654,462,10,2781,25-03-2018
Hydro,101,20,53,22,6,203,25-03-2018
"Gas, Naptha & Diesel",24,53,21,0,23,122,25-03-2018
Nuclear,28,20,46,0,0,95,25-03-2018
"RES (Wind, Solar, Biomass & Others)",45,69,131,2,0,248,25-03-2018
Total,735,1282,906,487,39,3449,25-03-2018
Total,765,1320,953,506,39,3583,26-03-2018
"Gas, Naptha & Diesel",23,52,21,0,22,119,26-03-2018
Nuclear,28,11,46,0,0,85,26-03-2018
Hydro,99,40,79,31,7,257,26-03-2018
Thermal (Coal & Lignite),572,1159,685,473,10,2900,26-03-2018
"RES (Wind, Solar, Biomass & Others)",42,57,121,2,0,222,26-03-2018
Thermal (Coal & Lignite),568,1176,702,475,10,2930,27-03-2018
Hydro,99,45,89,32,7,271,27-03-2018
"Gas, Naptha & Diesel",26,49,21,0,22,117,27-03-2018
"RES (Wind, Solar, Biomass & Others)",52,63,112,3,0,230,27-03-2018
Total,772,1347,971,509,39,3637,27-03-2018
Nuclear,28,14,46,0,0,88,27-03-2018
Nuclear,27,23,46,0,0,97,28-03-2018
Hydro,96,24,83,34,7,244,28-03-2018
Thermal (Coal & Lignite),588,1172,730,483,10,2984,28-03-2018
"Gas, Naptha & Diesel",27,60,21,0,21,129,28-03-2018
"RES (Wind, Solar, Biomass & Others)",41,63,124,2,0,231,28-03-2018
Total,779,1342,1005,519,39,3684,28-03-2018
Thermal (Coal & Lignite),578,1186,723,472,6,2964,29-03-2018
Hydro,100,26,78,41,7,251,29-03-2018
Nuclear,28,24,47,0,0,98,29-03-2018
"Gas, Naptha & Diesel",29,49,22,0,22,121,29-03-2018
"RES (Wind, Solar, Biomass & Others)",42,53,132,2,0,229,29-03-2018
Total,776,1337,1002,514,35,3664,29-03-2018
Hydro,94,15,68,33,8,218,30-03-2018
Thermal (Coal & Lignite),568,1178,690,453,6,2895,30-03-2018
Nuclear,28,26,47,0,0,100,30-03-2018
"Gas, Naptha & Diesel",26,49,23,0,21,118,30-03-2018
"RES (Wind, Solar, Biomass & Others)",39,72,140,1,0,253,30-03-2018
Total,755,1340,968,488,34,3584,30-03-2018
Thermal (Coal & Lignite),518,1154,655,439,7,2773,31-03-2018
Hydro,88,21,58,24,7,197,31-03-2018
Nuclear,32,26,47,0,0,105,31-03-2018
"Gas, Naptha & Diesel",26,53,22,0,21,122,31-03-2018
"RES (Wind, Solar, Biomass & Others)",49,95,140,2,0,285,31-03-2018
Total,712,1350,921,464,35,3482,31-03-2018
Total,803,1295,848,441,38,3424,01-04-2018
"Gas, Naptha & Diesel",26,55,22,0,21,124,01-04-2018
Nuclear,33,28,47,0,0,107,01-04-2018
Thermal (Coal & Lignite),578,1126,616,422,9,2751,01-04-2018
"RES (Wind, Solar, Biomass & Others)",62,70,113,2,0,247,01-04-2018
Hydro,105,16,50,16,8,195,01-04-2018
Hydro,105,39,54,24,8,229,02-04-2018
Nuclear,33,28,46,0,0,107,02-04-2018
Thermal (Coal & Lignite),536,1133,615,423,10,2716,02-04-2018
"Gas, Naptha & Diesel",26,54,22,0,19,121,02-04-2018
"RES (Wind, Solar, Biomass & Others)",62,53,119,2,0,237,02-04-2018
Total,761,1308,857,449,37,3411,02-04-2018
Hydro,108,43,75,30,7,262,03-04-2018
Nuclear,33,29,46,0,0,108,03-04-2018
Thermal (Coal & Lignite),568,1128,674,470,11,2852,03-04-2018
"Gas, Naptha & Diesel",28,60,22,0,18,129,03-04-2018
"RES (Wind, Solar, Biomass & Others)",55,56,110,2,0,224,03-04-2018
Total,792,1316,928,502,36,3574,03-04-2018
Total,821,1331,942,503,37,3635,04-04-2018
"RES (Wind, Solar, Biomass & Others)",52,70,113,2,0,237,04-04-2018
"Gas, Naptha & Diesel",31,55,22,0,19,126,04-04-2018
Nuclear,33,29,46,0,0,108,04-04-2018
Hydro,114,38,77,31,7,267,04-04-2018
Thermal (Coal & Lignite),592,1139,684,471,12,2897,04-04-2018
Hydro,109,25,79,30,6,250,05-04-2018
Thermal (Coal & Lignite),570,1157,684,471,11,2892,05-04-2018
Nuclear,31,29,47,0,0,107,05-04-2018
"RES (Wind, Solar, Biomass & Others)",60,78,113,2,0,253,05-04-2018
Total,801,1351,944,503,36,3634,05-04-2018
"Gas, Naptha & Diesel",30,62,22,0,18,132,05-04-2018
Thermal (Coal & Lignite),553,1154,694,472,10,2882,06-04-2018
Hydro,105,24,78,29,7,243,06-04-2018
Nuclear,28,29,46,0,0,104,06-04-2018
"Gas, Naptha & Diesel",32,64,22,0,19,137,06-04-2018
Total,768,1342,944,503,35,3592,06-04-2018
"RES (Wind, Solar, Biomass & Others)",49,71,104,2,0,225,06-04-2018
Total,704,1333,906,492,32,3467,07-04-2018
"RES (Wind, Solar, Biomass & Others)",49,61,128,1,0,239,07-04-2018
"Gas, Naptha & Diesel",29,56,22,0,19,126,07-04-2018
Nuclear,26,29,46,0,0,102,07-04-2018
Hydro,108,22,62,26,6,224,07-04-2018
Thermal (Coal & Lignite),491,1165,647,465,7,2775,07-04-2018
"RES (Wind, Solar, Biomass & Others)",51,45,128,1,0,225,08-04-2018
"Gas, Naptha & Diesel",32,56,21,0,19,128,08-04-2018
Nuclear,27,29,46,0,0,103,08-04-2018
Hydro,132,14,51,30,6,232,08-04-2018
Thermal (Coal & Lignite),495,1130,583,427,5,2640,08-04-2018
Total,738,1273,829,458,31,3329,08-04-2018
Hydro,112,22,67,34,6,240,09-04-2018
Total,710,1327,883,488,29,3436,09-04-2018
"RES (Wind, Solar, Biomass & Others)",59,47,122,2,0,230,09-04-2018
"Gas, Naptha & Diesel",33,52,22,0,19,125,09-04-2018
Nuclear,28,30,46,0,0,104,09-04-2018
Thermal (Coal & Lignite),478,1176,626,453,4,2737,09-04-2018
Thermal (Coal & Lignite),496,1199,654,448,6,2802,10-04-2018
Hydro,119,26,77,35,7,263,10-04-2018
Nuclear,27,30,46,0,0,104,10-04-2018
"Gas, Naptha & Diesel",30,51,22,0,19,122,10-04-2018
Total,737,1353,919,484,32,3524,10-04-2018
"RES (Wind, Solar, Biomass & Others)",66,46,120,2,0,233,10-04-2018
Hydro,119,14,72,37,6,248,11-04-2018
Nuclear,26,30,46,0,0,101,11-04-2018
"Gas, Naptha & Diesel",32,52,22,0,21,127,11-04-2018
"RES (Wind, Solar, Biomass & Others)",58,59,117,2,0,236,11-04-2018
Total,699,1326,910,502,35,3472,11-04-2018
Thermal (Coal & Lignite),465,1171,653,463,8,2759,11-04-2018
"Gas, Naptha & Diesel",35,60,22,0,22,139,12-04-2018
Total,691,1309,915,492,38,3445,12-04-2018
"RES (Wind, Solar, Biomass & Others)",55,60,114,2,0,231,12-04-2018
Nuclear,28,27,46,0,0,101,12-04-2018
Hydro,123,23,71,34,7,258,12-04-2018
Thermal (Coal & Lignite),451,1138,661,456,10,2717,12-04-2018
Nuclear,28,28,46,0,0,102,13-04-2018
Thermal (Coal & Lignite),494,1148,656,467,8,2773,13-04-2018
"Gas, Naptha & Diesel",35,66,21,0,21,142,13-04-2018
"RES (Wind, Solar, Biomass & Others)",60,56,124,2,0,241,13-04-2018
Total,735,1337,915,516,36,3539,13-04-2018
Hydro,119,39,69,48,7,281,13-04-2018
Hydro,110,36,72,47,8,272,14-04-2018
Nuclear,28,29,46,0,0,103,14-04-2018
"Gas, Naptha & Diesel",34,63,22,0,23,142,14-04-2018
Thermal (Coal & Lignite),507,1143,646,479,8,2783,14-04-2018
"RES (Wind, Solar, Biomass & Others)",60,56,116,2,0,233,14-04-2018
Total,739,1327,902,528,38,3533,14-04-2018
Nuclear,28,29,46,0,0,103,15-04-2018
Thermal (Coal & Lignite),499,1139,613,476,8,2736,15-04-2018
"Gas, Naptha & Diesel",35,57,22,0,23,137,15-04-2018
"RES (Wind, Solar, Biomass & Others)",55,69,118,2,0,243,15-04-2018
Total,719,1313,849,511,38,3430,15-04-2018
Hydro,102,19,50,33,7,211,15-04-2018
Thermal (Coal & Lignite),526,1207,643,501,11,2888,16-04-2018
Hydro,99,21,69,47,7,243,16-04-2018
Nuclear,26,30,46,0,0,102,16-04-2018
"RES (Wind, Solar, Biomass & Others)",60,58,106,2,0,226,16-04-2018
Total,744,1374,887,550,41,3597,16-04-2018
"Gas, Naptha & Diesel",33,58,22,0,24,138,16-04-2018
Total,763,1404,921,534,39,3660,17-04-2018
"RES (Wind, Solar, Biomass & Others)",49,73,123,2,0,247,17-04-2018
"Gas, Naptha & Diesel",33,58,22,0,24,137,17-04-2018
Nuclear,24,30,46,0,0,100,17-04-2018
Hydro,105,29,70,36,7,246,17-04-2018
Thermal (Coal & Lignite),552,1214,659,496,8,2930,17-04-2018
"Gas, Naptha & Diesel",35,65,22,0,23,146,18-04-2018
Hydro,105,21,73,38,7,244,18-04-2018
Nuclear,24,30,46,0,0,100,18-04-2018
Thermal (Coal & Lignite),545,1191,668,479,5,2887,18-04-2018
Total,768,1383,930,519,35,3635,18-04-2018
"RES (Wind, Solar, Biomass & Others)",59,76,120,2,0,257,18-04-2018
Hydro,105,20,65,44,7,241,19-04-2018
Total,788,1408,946,530,33,3706,19-04-2018
"RES (Wind, Solar, Biomass & Others)",64,92,134,2,0,291,19-04-2018
Thermal (Coal & Lignite),558,1198,680,485,5,2926,19-04-2018
"Gas, Naptha & Diesel",38,67,22,0,21,148,19-04-2018
Nuclear,23,31,46,0,0,100,19-04-2018
Total,773,1380,875,528,35,3591,20-04-2018
Thermal (Coal & Lignite),525,1164,598,479,5,2771,20-04-2018
Hydro,113,20,62,48,7,249,20-04-2018
"Gas, Naptha & Diesel",33,62,21,0,23,139,20-04-2018
"RES (Wind, Solar, Biomass & Others)",78,104,148,2,0,331,20-04-2018
Nuclear,24,31,46,0,0,100,20-04-2018
Thermal (Coal & Lignite),566,1206,649,472,7,2900,21-04-2018
"RES (Wind, Solar, Biomass & Others)",54,64,135,2,0,255,21-04-2018
"Gas, Naptha & Diesel",34,59,21,0,23,136,21-04-2018
Nuclear,23,31,46,0,0,100,21-04-2018
Total,795,1395,923,522,38,3673,21-04-2018
Hydro,118,35,72,48,8,281,21-04-2018
Thermal (Coal & Lignite),530,1184,616,440,8,2778,22-04-2018
Hydro,116,25,44,40,8,232,22-04-2018
Nuclear,24,31,46,0,0,100,22-04-2018
"Gas, Naptha & Diesel",33,57,21,0,24,135,22-04-2018
"RES (Wind, Solar, Biomass & Others)",57,63,141,2,0,262,22-04-2018
Total,760,1359,868,482,39,3508,22-04-2018
Thermal (Coal & Lignite),575,1185,652,476,10,2898,23-04-2018
Hydro,122,37,64,47,8,278,23-04-2018
Nuclear,24,31,46,0,0,100,23-04-2018
"Gas, Naptha & Diesel",33,63,20,0,24,140,23-04-2018
Total,803,1376,909,525,42,3656,23-04-2018
"RES (Wind, Solar, Biomass & Others)",49,62,127,2,0,240,23-04-2018
Total,833,1385,923,511,43,3696,24-04-2018
"RES (Wind, Solar, Biomass & Others)",56,71,140,2,0,268,24-04-2018
"Gas, Naptha & Diesel",33,59,22,0,23,137,24-04-2018
Nuclear,23,31,46,0,0,100,24-04-2018
Hydro,130,38,56,50,9,283,24-04-2018
Thermal (Coal & Lignite),591,1185,660,459,11,2907,24-04-2018
"RES (Wind, Solar, Biomass & Others)",70,87,139,2,0,298,25-04-2018
Hydro,145,33,52,47,7,284,25-04-2018
Thermal (Coal & Lignite),598,1177,669,455,10,2908,25-04-2018
Total,872,1386,926,503,39,3726,25-04-2018
Nuclear,23,31,46,0,0,100,25-04-2018
"Gas, Naptha & Diesel",36,58,20,0,22,136,25-04-2018
"RES (Wind, Solar, Biomass & Others)",67,68,128,1,0,265,27-04-2018
Nuclear,23,31,46,0,0,100,27-04-2018
Hydro,153,38,65,39,8,303,27-04-2018
Thermal (Coal & Lignite),598,1173,689,458,11,2928,27-04-2018
Total,881,1366,950,498,44,3739,27-04-2018
"Gas, Naptha & Diesel",40,56,22,0,25,143,27-04-2018
Thermal (Coal & Lignite),627,1135,693,475,11,2941,28-04-2018
Total,918,1344,944,516,43,3765,28-04-2018
"RES (Wind, Solar, Biomass & Others)",63,86,124,1,0,275,28-04-2018
"Gas, Naptha & Diesel",46,54,21,0,24,146,28-04-2018
Hydro,163,38,70,39,8,319,28-04-2018
Nuclear,18,31,35,0,0,84,28-04-2018
Thermal (Coal & Lignite),584,1072,646,462,9,2773,29-04-2018
Hydro,168,30,51,36,8,294,29-04-2018
Nuclear,18,31,24,0,0,74,29-04-2018
"Gas, Naptha & Diesel",41,53,21,0,24,140,29-04-2018
"RES (Wind, Solar, Biomass & Others)",71,132,130,2,0,334,29-04-2018
Total,884,1318,873,499,41,3614,29-04-2018
Total,858,1343,896,454,39,3590,30-04-2018
"RES (Wind, Solar, Biomass & Others)",80,142,164,1,0,387,30-04-2018
"Gas, Naptha & Diesel",40,53,22,0,23,138,30-04-2018
Nuclear,20,31,24,0,0,75,30-04-2018
Hydro,182,21,54,40,7,305,30-04-2018
Thermal (Coal & Lignite),536,1096,633,413,8,2686,30-04-2018
Nuclear,23,31,34,0,0,88,01-05-2018
Total,856,1318,843,456,36,3509,01-05-2018
"Gas, Naptha & Diesel",40,55,21,0,23,139,01-05-2018
"RES (Wind, Solar, Biomass & Others)",83,129,159,1,0,372,01-05-2018
Hydro,194,15,35,43,8,295,01-05-2018
Thermal (Coal & Lignite),515,1088,593,412,6,2615,01-05-2018
Thermal (Coal & Lignite),488,1108,621,439,7,2664,02-05-2018
Hydro,207,30,47,49,10,343,02-05-2018
Nuclear,23,31,44,0,0,98,02-05-2018
"Gas, Naptha & Diesel",38,55,19,0,23,134,02-05-2018
"RES (Wind, Solar, Biomass & Others)",66,110,162,2,0,339,02-05-2018
Total,822,1334,893,489,40,3578,02-05-2018
Hydro,194,52,54,60,10,370,04-05-2018
Thermal (Coal & Lignite),517,1151,589,467,9,2733,04-05-2018
"Gas, Naptha & Diesel",31,55,22,0,24,131,04-05-2018
Nuclear,27,18,46,0,0,91,04-05-2018
Hydro,175,34,41,55,11,316,04-05-2018
Thermal (Coal & Lignite),511,1140,604,471,9,2735,04-05-2018
"RES (Wind, Solar, Biomass & Others)",85,93,118,1,0,296,04-05-2018
Total,828,1339,830,528,44,3570,04-05-2018
Total,821,1344,820,529,43,3557,04-05-2018
"RES (Wind, Solar, Biomass & Others)",54,69,112,1,0,236,04-05-2018
"Gas, Naptha & Diesel",32,54,21,0,24,130,04-05-2018
Nuclear,25,18,46,0,0,88,04-05-2018
Total,864,1358,883,541,46,3693,05-05-2018
"Gas, Naptha & Diesel",39,62,19,0,24,144,05-05-2018
Nuclear,27,18,46,0,0,91,05-05-2018
Hydro,182,57,60,60,13,373,05-05-2018
"RES (Wind, Solar, Biomass & Others)",63,70,106,1,0,240,05-05-2018
Thermal (Coal & Lignite),553,1150,653,479,10,2845,05-05-2018
"RES (Wind, Solar, Biomass & Others)",62,103,140,1,0,306,07-05-2018
Total,867,1382,890,529,46,3714,07-05-2018
Thermal (Coal & Lignite),579,1158,626,464,9,2836,07-05-2018
Hydro,167,49,57,63,13,349,07-05-2018
Nuclear,27,18,46,0,0,91,07-05-2018
"Gas, Naptha & Diesel",31,55,21,0,24,131,07-05-2018
"Gas, Naptha & Diesel",30,53,21,0,23,127,08-05-2018
"RES (Wind, Solar, Biomass & Others)",54,101,148,1,0,304,08-05-2018
Thermal (Coal & Lignite),529,1174,622,446,9,2781,08-05-2018
Nuclear,27,18,46,0,0,91,08-05-2018
Hydro,179,52,48,76,13,367,08-05-2018
Total,819,1399,885,524,45,3671,08-05-2018
Nuclear,27,18,46,0,0,91,09-05-2018
"Gas, Naptha & Diesel",35,53,18,0,22,128,09-05-2018
"RES (Wind, Solar, Biomass & Others)",47,77,134,1,0,259,09-05-2018
Total,838,1381,858,511,44,3633,09-05-2018
Thermal (Coal & Lignite),560,1180,610,441,9,2799,09-05-2018
Hydro,169,53,51,68,14,355,09-05-2018
Total,856,1405,863,517,48,3689,10-05-2018
Thermal (Coal & Lignite),577,1200,630,445,10,2863,10-05-2018
Hydro,161,60,53,71,15,361,10-05-2018
Nuclear,27,18,46,0,0,91,10-05-2018
"Gas, Naptha & Diesel",41,57,17,0,22,137,10-05-2018
"RES (Wind, Solar, Biomass & Others)",50,69,117,1,0,237,10-05-2018
Nuclear,27,18,46,0,0,91,11-05-2018
Total,891,1413,879,513,47,3744,11-05-2018
Hydro,160,24,49,56,16,305,11-05-2018
Thermal (Coal & Lignite),590,1221,632,456,11,2909,11-05-2018
"Gas, Naptha & Diesel",47,58,18,0,21,144,11-05-2018
"RES (Wind, Solar, Biomass & Others)",67,93,135,1,0,295,11-05-2018
"RES (Wind, Solar, Biomass & Others)",77,116,145,1,0,340,12-05-2018
Total,920,1423,849,489,49,3731,12-05-2018
Nuclear,27,18,46,0,0,91,12-05-2018
Hydro,180,29,35,50,16,310,12-05-2018
Thermal (Coal & Lignite),589,1201,606,437,11,2843,12-05-2018
"Gas, Naptha & Diesel",46,60,17,0,23,146,12-05-2018
Total,832,1334,806,459,47,3478,13-05-2018
"RES (Wind, Solar, Biomass & Others)",54,92,128,1,0,276,13-05-2018
"Gas, Naptha & Diesel",33,58,17,0,23,132,13-05-2018
Nuclear,27,18,46,0,0,91,13-05-2018
Thermal (Coal & Lignite),538,1134,586,415,9,2682,13-05-2018
Hydro,179,31,29,43,15,298,13-05-2018
Hydro,193,36,46,46,15,336,14-05-2018
Nuclear,27,18,46,0,0,91,14-05-2018
"RES (Wind, Solar, Biomass & Others)",49,99,131,1,0,280,14-05-2018
Total,766,1379,826,431,47,3448,14-05-2018
Thermal (Coal & Lignite),473,1167,584,384,9,2618,14-05-2018
"Gas, Naptha & Diesel",24,59,19,0,23,124,14-05-2018
Thermal (Coal & Lignite),555,1203,621,441,8,2828,15-05-2018
Total,862,1398,840,499,43,3643,15-05-2018
"RES (Wind, Solar, Biomass & Others)",60,83,102,1,0,246,15-05-2018
"Gas, Naptha & Diesel",35,53,17,0,21,126,15-05-2018
Nuclear,27,18,46,0,0,90,15-05-2018
Hydro,186,42,55,57,14,352,15-05-2018
Hydro,182,36,55,52,14,340,16-05-2018
Thermal (Coal & Lignite),588,1184,634,430,5,2841,16-05-2018
"RES (Wind, Solar, Biomass & Others)",44,91,112,2,0,249,16-05-2018
Nuclear,27,18,46,0,0,91,16-05-2018
"Gas, Naptha & Diesel",37,56,17,0,23,133,16-05-2018
Total,878,1385,864,484,43,3653,16-05-2018
Thermal (Coal & Lignite),608,1205,649,421,5,2888,17-05-2018
Hydro,191,36,48,56,15,347,17-05-2018
Nuclear,30,18,46,0,0,94,17-05-2018
"Gas, Naptha & Diesel",36,65,17,0,22,139,17-05-2018
"RES (Wind, Solar, Biomass & Others)",53,90,124,1,0,268,17-05-2018
Total,918,1413,884,478,43,3737,17-05-2018
Total,925,1416,890,494,40,3764,18-05-2018
"RES (Wind, Solar, Biomass & Others)",44,123,134,1,0,302,18-05-2018
"Gas, Naptha & Diesel",41,58,18,0,19,136,18-05-2018
Nuclear,26,18,46,0,0,90,18-05-2018
Hydro,199,28,58,63,16,364,18-05-2018
Thermal (Coal & Lignite),615,1188,634,430,5,2872,18-05-2018
Nuclear,31,18,46,0,0,95,19-05-2018
Hydro,174,48,58,62,16,358,19-05-2018
Total,920,1422,887,486,45,3760,19-05-2018
"RES (Wind, Solar, Biomass & Others)",46,100,154,1,0,301,19-05-2018
"Gas, Naptha & Diesel",42,60,20,0,23,145,19-05-2018
Thermal (Coal & Lignite),626,1197,609,423,6,2861,19-05-2018
Thermal (Coal & Lignite),630,1182,539,428,4,2783,20-05-2018
Hydro,178,40,36,60,15,329,20-05-2018
Nuclear,31,18,46,0,0,95,20-05-2018
"RES (Wind, Solar, Biomass & Others)",52,88,191,1,0,332,20-05-2018
Total,925,1380,828,489,44,3666,20-05-2018
"Gas, Naptha & Diesel",34,53,16,0,24,127,20-05-2018
Thermal (Coal & Lignite),644,1227,610,447,5,2933,21-05-2018
Hydro,190,31,50,64,14,351,21-05-2018
Nuclear,31,18,46,0,0,95,21-05-2018
"Gas, Naptha & Diesel",33,59,20,0,24,136,21-05-2018
"RES (Wind, Solar, Biomass & Others)",53,87,174,1,0,315,21-05-2018
Total,951,1421,900,512,44,3829,21-05-2018
"Gas, Naptha & Diesel",35,58,19,0,24,136,22-05-2018
Nuclear,31,18,46,0,0,94,22-05-2018
Thermal (Coal & Lignite),671,1276,642,451,5,3045,22-05-2018
"RES (Wind, Solar, Biomass & Others)",62,71,135,1,0,270,22-05-2018
Hydro,206,27,51,66,16,365,22-05-2018
Total,1005,1449,893,518,45,3910,22-05-2018
Thermal (Coal & Lignite),696,1243,648,440,6,3033,23-05-2018
Hydro,220,35,45,65,16,380,23-05-2018
Nuclear,31,18,46,0,0,94,23-05-2018
"Gas, Naptha & Diesel",34,60,19,0,23,136,23-05-2018
"RES (Wind, Solar, Biomass & Others)",43,82,133,1,0,259,23-05-2018
Total,1023,1438,891,506,44,3902,23-05-2018
"Gas, Naptha & Diesel",38,60,19,0,23,140,24-05-2018
Hydro,333,20,98,105,23,579,24-05-2018
Nuclear,27,30,44,0,0,101,24-05-2018
"Gas, Naptha & Diesel",27,47,25,0,24,123,24-05-2018
"RES (Wind, Solar, Biomass & Others)",35,106,315,1,0,457,24-05-2018
Total,998,1252,904,518,56,3727,24-05-2018
Thermal (Coal & Lignite),675,1231,633,458,8,3006,24-05-2018
Hydro,219,23,41,84,16,384,24-05-2018
Total,1007,1440,877,544,47,3915,24-05-2018
"RES (Wind, Solar, Biomass & Others)",45,108,137,1,0,291,24-05-2018
Thermal (Coal & Lignite),576,1049,421,412,9,2467,24-05-2018
Nuclear,31,18,46,0,0,95,24-05-2018
"RES (Wind, Solar, Biomass & Others)",50,116,131,1,0,297,25-05-2018
Total,987,1437,857,556,52,3889,25-05-2018
Nuclear,27,18,46,0,0,90,25-05-2018
Hydro,222,21,42,92,19,397,25-05-2018
Thermal (Coal & Lignite),655,1225,619,463,9,2971,25-05-2018
"Gas, Naptha & Diesel",34,58,18,0,23,133,25-05-2018
Thermal (Coal & Lignite),650,1195,604,448,9,2906,27-05-2018
Hydro,230,29,40,88,24,411,27-05-2018
Nuclear,27,24,36,0,0,87,27-05-2018
"Gas, Naptha & Diesel",39,50,19,0,23,130,27-05-2018
"RES (Wind, Solar, Biomass & Others)",48,104,125,1,0,279,27-05-2018
Total,994,1402,824,538,56,3813,27-05-2018
Thermal (Coal & Lignite),684,1214,612,460,11,2980,28-05-2018
Nuclear,27,29,36,0,0,92,28-05-2018
"RES (Wind, Solar, Biomass & Others)",44,125,153,1,0,324,28-05-2018
Total,1006,1452,868,547,58,3931,28-05-2018
"Gas, Naptha & Diesel",40,59,19,0,24,141,28-05-2018
Hydro,211,25,47,86,24,394,28-05-2018
"RES (Wind, Solar, Biomass & Others)",67,150,222,1,0,440,29-05-2018
"Gas, Naptha & Diesel",40,59,19,0,23,141,29-05-2018
Nuclear,30,29,37,0,0,96,29-05-2018
Hydro,197,18,42,76,23,355,29-05-2018
Thermal (Coal & Lignite),679,1211,541,435,9,2874,29-05-2018
Total,1013,1466,860,511,56,3906,29-05-2018
Thermal (Coal & Lignite),655,1209,589,465,11,2928,30-05-2018
"Gas, Naptha & Diesel",39,57,18,0,23,137,30-05-2018
Nuclear,31,30,45,0,0,105,30-05-2018
Hydro,215,18,46,80,21,381,30-05-2018
"RES (Wind, Solar, Biomass & Others)",56,120,224,1,0,401,30-05-2018
Total,996,1433,922,546,55,3952,30-05-2018
"RES (Wind, Solar, Biomass & Others)",60,77,212,1,0,350,31-05-2018
"Gas, Naptha & Diesel",40,56,18,0,22,136,31-05-2018
Nuclear,31,30,46,0,0,107,31-05-2018
Hydro,235,29,56,67,18,405,31-05-2018
Thermal (Coal & Lignite),683,1195,606,470,11,2966,31-05-2018
Total,1049,1388,938,539,51,3964,31-05-2018
Thermal (Coal & Lignite),602,1165,648,427,11,2853,01-06-2018
"RES (Wind, Solar, Biomass & Others)",83,72,157,1,0,314,01-06-2018
"Gas, Naptha & Diesel",38,51,20,0,20,129,01-06-2018
Nuclear,31,30,45,0,0,106,01-06-2018
Hydro,256,26,56,66,18,422,01-06-2018
Total,1010,1343,928,494,49,3825,01-06-2018
"RES (Wind, Solar, Biomass & Others)",76,86,161,1,0,324,02-06-2018
Hydro,277,16,43,72,18,426,02-06-2018
Nuclear,31,30,46,0,0,107,02-06-2018
"Gas, Naptha & Diesel",28,52,17,0,18,115,02-06-2018
"RES (Wind, Solar, Biomass & Others)",76,121,228,1,0,425,02-06-2018
"Gas, Naptha & Diesel",30,51,19,0,22,122,02-06-2018
Nuclear,27,26,45,0,0,98,02-06-2018
Hydro,329,17,52,89,26,513,02-06-2018
Thermal (Coal & Lignite),500,1078,467,430,8,2483,02-06-2018
Total,895,1307,839,518,47,3606,02-06-2018
Thermal (Coal & Lignite),484,1122,572,445,11,2634,02-06-2018
Total,962,1292,812,520,56,3641,02-06-2018
Thermal (Coal & Lignite),490,1004,455,412,7,2368,03-06-2018
Nuclear,31,30,46,0,0,107,03-06-2018
Hydro,291,7,29,76,18,422,03-06-2018
Hydro,332,13,49,93,29,517,03-06-2018
Nuclear,27,26,45,0,0,98,03-06-2018
"Gas, Naptha & Diesel",24,47,17,0,21,110,03-06-2018
"Gas, Naptha & Diesel",32,49,21,0,22,124,03-06-2018
Total,961,1265,794,518,48,3585,03-06-2018
Thermal (Coal & Lignite),529,1071,509,440,9,2557,03-06-2018
"RES (Wind, Solar, Biomass & Others)",85,110,192,1,0,388,03-06-2018
Total,959,1245,801,506,58,3568,03-06-2018
"RES (Wind, Solar, Biomass & Others)",77,153,231,1,0,461,03-06-2018
"RES (Wind, Solar, Biomass & Others)",72,168,258,1,0,499,04-06-2018
Total,1058,1353,817,544,50,3822,04-06-2018
"Gas, Naptha & Diesel",28,49,19,0,23,119,04-06-2018
"RES (Wind, Solar, Biomass & Others)",77,109,185,1,0,372,04-06-2018
Nuclear,27,27,45,0,0,99,04-06-2018
Nuclear,31,29,46,0,0,107,04-06-2018
Hydro,302,19,44,73,17,455,04-06-2018
Thermal (Coal & Lignite),619,1147,523,470,9,2769,04-06-2018
Thermal (Coal & Lignite),446,980,481,405,7,2319,04-06-2018
Total,906,1234,856,501,57,3554,04-06-2018
Hydro,324,15,48,95,29,510,04-06-2018
"Gas, Naptha & Diesel",37,45,24,0,22,127,04-06-2018
"RES (Wind, Solar, Biomass & Others)",72,102,185,1,0,361,05-06-2018
"Gas, Naptha & Diesel",31,50,18,0,22,121,05-06-2018
Thermal (Coal & Lignite),516,477,492,417,8,1910,05-06-2018
Hydro,299,16,50,94,29,488,05-06-2018
Nuclear,27,0,45,0,0,72,05-06-2018
"Gas, Naptha & Diesel",43,13,24,0,23,103,05-06-2018
"RES (Wind, Solar, Biomass & Others)",50,151,271,1,0,472,05-06-2018
Total,935,657,882,513,60,3046,05-06-2018
Total,1075,1355,843,538,48,3859,05-06-2018
Thermal (Coal & Lignite),628,1160,545,454,10,2797,05-06-2018
Hydro,312,14,48,83,16,473,05-06-2018
Nuclear,31,29,46,0,0,107,05-06-2018
Total,992,1291,892,535,59,3769,06-06-2018
Thermal (Coal & Lignite),588,1063,493,438,10,2592,06-06-2018
Total,989,1348,841,536,49,3762,06-06-2018
Thermal (Coal & Lignite),557,1143,523,452,9,2685,06-06-2018
"RES (Wind, Solar, Biomass & Others)",43,131,272,1,0,448,06-06-2018
Nuclear,31,28,46,0,0,105,06-06-2018
"Gas, Naptha & Diesel",48,51,24,0,23,146,06-06-2018
Nuclear,27,28,45,0,0,100,06-06-2018
"Gas, Naptha & Diesel",30,52,12,0,22,116,06-06-2018
Hydro,285,17,58,96,27,483,06-06-2018
Hydro,317,20,39,83,17,475,06-06-2018
"RES (Wind, Solar, Biomass & Others)",54,105,220,1,0,381,06-06-2018
Thermal (Coal & Lignite),581,1136,502,456,9,2684,07-06-2018
Hydro,316,18,34,88,17,473,07-06-2018
Nuclear,31,28,46,0,0,105,07-06-2018
"Gas, Naptha & Diesel",33,51,7,0,21,112,07-06-2018
Total,1027,1368,816,545,48,3804,07-06-2018
"RES (Wind, Solar, Biomass & Others)",66,135,227,1,0,430,07-06-2018
"RES (Wind, Solar, Biomass & Others)",69,145,248,1,0,463,08-06-2018
"Gas, Naptha & Diesel",30,49,8,0,22,108,08-06-2018
Total,1019,1374,832,506,50,3779,08-06-2018
Nuclear,28,30,45,0,0,104,08-06-2018
"RES (Wind, Solar, Biomass & Others)",64,127,276,1,0,469,08-06-2018
Thermal (Coal & Lignite),577,1140,503,429,10,2659,08-06-2018
Total,1060,1257,814,530,58,3719,08-06-2018
"Gas, Naptha & Diesel",38,49,24,0,24,135,08-06-2018
Nuclear,27,29,46,0,0,102,08-06-2018
Hydro,317,11,47,89,26,490,08-06-2018
Thermal (Coal & Lignite),613,1041,422,440,8,2523,08-06-2018
Hydro,314,10,27,76,18,445,08-06-2018
Thermal (Coal & Lignite),492,1103,441,409,10,2455,09-06-2018
Hydro,312,13,35,74,18,452,09-06-2018
"Gas, Naptha & Diesel",33,50,9,0,21,113,09-06-2018
Nuclear,26,28,46,0,0,101,09-06-2018
Total,930,1354,793,485,49,3612,09-06-2018
"RES (Wind, Solar, Biomass & Others)",67,160,262,1,0,491,09-06-2018
Thermal (Coal & Lignite),466,1031,390,394,9,2290,10-06-2018
Hydro,324,9,44,75,16,467,10-06-2018
Nuclear,27,30,46,0,0,103,10-06-2018
"Gas, Naptha & Diesel",29,46,11,0,22,108,10-06-2018
"RES (Wind, Solar, Biomass & Others)",48,158,266,1,0,474,10-06-2018
Total,895,1273,757,470,47,3442,10-06-2018
Thermal (Coal & Lignite),532,1051,411,404,8,2404,11-06-2018
Total,985,1329,813,484,46,3658,11-06-2018
Hydro,321,13,56,79,17,487,11-06-2018
Nuclear,30,30,46,0,0,107,11-06-2018
"RES (Wind, Solar, Biomass & Others)",71,186,289,1,0,547,11-06-2018
"Gas, Naptha & Diesel",31,50,11,0,22,113,11-06-2018
Hydro,307,14,58,76,19,474,12-06-2018
"Gas, Naptha & Diesel",35,49,10,0,22,116,12-06-2018
Nuclear,30,30,46,0,0,106,12-06-2018
"RES (Wind, Solar, Biomass & Others)",83,210,307,1,0,601,12-06-2018
Thermal (Coal & Lignite),569,1027,416,399,8,2418,12-06-2018
Total,1025,1329,838,475,49,3716,12-06-2018
Total,1016,1348,845,490,53,3751,13-06-2018
"RES (Wind, Solar, Biomass & Others)",86,213,305,1,0,605,13-06-2018
"Gas, Naptha & Diesel",33,50,11,0,21,116,13-06-2018
Hydro,298,14,60,88,26,485,13-06-2018
Thermal (Coal & Lignite),568,1042,423,401,6,2439,13-06-2018
Nuclear,30,30,46,0,0,106,13-06-2018
"Gas, Naptha & Diesel",33,48,12,0,23,116,14-06-2018
"RES (Wind, Solar, Biomass & Others)",79,197,256,1,0,532,14-06-2018
Total,1027,1395,858,485,54,3819,14-06-2018
Hydro,301,22,73,86,27,508,14-06-2018
Thermal (Coal & Lignite),584,1098,471,398,5,2556,14-06-2018
Nuclear,30,30,46,0,0,106,14-06-2018
"RES (Wind, Solar, Biomass & Others)",80,186,252,1,0,520,15-06-2018
Thermal (Coal & Lignite),597,1109,503,414,5,2628,15-06-2018
Total,1050,1399,877,503,56,3884,15-06-2018
Hydro,308,18,63,88,28,504,15-06-2018
"Gas, Naptha & Diesel",33,55,13,0,23,124,15-06-2018
Nuclear,31,30,46,0,0,107,15-06-2018
"RES (Wind, Solar, Biomass & Others)",79,174,255,1,0,509,16-06-2018
Nuclear,31,30,47,0,0,107,16-06-2018
Hydro,310,10,56,92,29,496,16-06-2018
Total,1023,1366,866,512,56,3824,16-06-2018
"Gas, Naptha & Diesel",33,50,15,0,23,121,16-06-2018
Thermal (Coal & Lignite),570,1103,494,419,4,2591,16-06-2018
Thermal (Coal & Lignite),471,1069,448,397,6,2391,17-06-2018
Nuclear,31,30,47,0,0,107,17-06-2018
"Gas, Naptha & Diesel",32,48,14,0,22,116,17-06-2018
"RES (Wind, Solar, Biomass & Others)",74,150,266,1,0,491,17-06-2018
Hydro,295,10,50,95,28,477,17-06-2018
Total,903,1305,823,493,57,3581,17-06-2018
"RES (Wind, Solar, Biomass & Others)",48,117,270,1,0,436,18-06-2018
"Gas, Naptha & Diesel",34,54,14,0,17,118,18-06-2018
Nuclear,31,30,46,0,0,107,18-06-2018
Hydro,267,14,63,95,29,466,18-06-2018
Thermal (Coal & Lignite),534,1150,506,421,9,2621,18-06-2018
Total,913,1364,899,517,55,3748,18-06-2018
"Gas, Naptha & Diesel",39,56,13,0,20,128,19-06-2018
Hydro,248,35,63,95,26,466,19-06-2018
"RES (Wind, Solar, Biomass & Others)",48,88,257,1,0,394,19-06-2018
Thermal (Coal & Lignite),594,1158,550,435,10,2748,19-06-2018
Nuclear,31,30,46,0,0,107,19-06-2018
Total,959,1367,930,530,56,3842,19-06-2018
Hydro,260,34,79,87,24,484,20-06-2018
Nuclear,31,29,47,0,0,107,20-06-2018
Total,1067,1356,937,527,54,3940,20-06-2018
Thermal (Coal & Lignite),681,1152,559,439,10,2840,20-06-2018
"RES (Wind, Solar, Biomass & Others)",50,87,238,1,0,376,20-06-2018
"Gas, Naptha & Diesel",45,54,15,0,21,134,20-06-2018
"Gas, Naptha & Diesel",49,56,12,0,20,137,21-06-2018
Hydro,260,22,71,80,23,456,21-06-2018
Thermal (Coal & Lignite),687,1171,553,453,11,2876,21-06-2018
"RES (Wind, Solar, Biomass & Others)",39,93,243,1,0,377,21-06-2018
Total,1067,1373,927,534,54,3954,21-06-2018
Nuclear,31,30,46,0,0,107,21-06-2018
Total,1101,1349,922,545,54,3971,22-06-2018
"RES (Wind, Solar, Biomass & Others)",59,96,227,1,0,383,22-06-2018
"Gas, Naptha & Diesel",53,56,12,0,20,141,22-06-2018
Nuclear,27,30,46,0,0,104,22-06-2018
Hydro,265,10,64,80,23,443,22-06-2018
Thermal (Coal & Lignite),696,1157,572,463,11,2900,22-06-2018
"RES (Wind, Solar, Biomass & Others)",45,88,233,1,0,367,23-06-2018
Total,1105,1323,878,553,58,3916,23-06-2018
Thermal (Coal & Lignite),704,1143,531,468,10,2855,23-06-2018
"Gas, Naptha & Diesel",53,51,15,0,22,140,23-06-2018
Hydro,277,12,53,84,26,452,23-06-2018
Nuclear,26,29,46,0,0,102,23-06-2018
"RES (Wind, Solar, Biomass & Others)",59,104,264,1,0,428,24-06-2018
"Gas, Naptha & Diesel",46,44,13,0,22,126,24-06-2018
Total,1093,1252,840,519,55,3759,24-06-2018
Thermal (Coal & Lignite),687,1066,467,436,8,2663,24-06-2018
Nuclear,26,29,46,0,0,102,24-06-2018
Hydro,274,9,50,82,24,440,24-06-2018
Total,1103,1292,878,513,55,3841,25-06-2018
"Gas, Naptha & Diesel",45,42,14,0,22,123,25-06-2018
Nuclear,26,29,46,0,0,102,25-06-2018
"RES (Wind, Solar, Biomass & Others)",52,131,279,1,0,463,25-06-2018
Hydro,278,9,50,79,25,441,25-06-2018
Thermal (Coal & Lignite),703,1079,490,433,8,2712,25-06-2018
Total,1072,1282,890,476,54,3774,26-06-2018
"RES (Wind, Solar, Biomass & Others)",56,148,308,1,0,513,26-06-2018
Thermal (Coal & Lignite),657,1050,474,406,8,2594,26-06-2018
"Gas, Naptha & Diesel",45,41,15,0,22,123,26-06-2018
Hydro,288,14,49,70,24,444,26-06-2018
Nuclear,26,30,45,0,0,100,26-06-2018
Total,961,1282,864,501,54,3662,27-06-2018
"RES (Wind, Solar, Biomass & Others)",36,121,302,1,0,460,27-06-2018
"Gas, Naptha & Diesel",38,46,14,0,22,119,27-06-2018
Nuclear,29,30,45,0,0,103,27-06-2018
Thermal (Coal & Lignite),582,1075,449,420,9,2535,27-06-2018
Hydro,277,11,54,80,23,445,27-06-2018
Nuclear,31,30,45,0,0,106,28-06-2018
Thermal (Coal & Lignite),459,1067,458,408,8,2400,28-06-2018
Total,845,1243,843,488,54,3473,28-06-2018
"RES (Wind, Solar, Biomass & Others)",41,84,259,1,0,385,28-06-2018
"Gas, Naptha & Diesel",28,46,15,0,22,111,28-06-2018
Hydro,286,16,66,79,24,471,28-06-2018
Nuclear,31,30,45,0,0,106,29-06-2018
Total,866,1254,836,516,56,3529,29-06-2018
Thermal (Coal & Lignite),484,1073,495,432,8,2492,29-06-2018
"RES (Wind, Solar, Biomass & Others)",36,85,208,1,0,330,29-06-2018
"Gas, Naptha & Diesel",29,47,16,0,23,115,29-06-2018
Hydro,285,20,72,84,24,486,29-06-2018
Thermal (Coal & Lignite),503,1096,483,430,9,2520,30-06-2018
Hydro,324,12,61,77,24,498,30-06-2018
"RES (Wind, Solar, Biomass & Others)",33,75,187,1,0,296,30-06-2018
Nuclear,27,27,45,0,0,99,30-06-2018
Nuclear,30,29,45,0,0,104,30-06-2018
"Gas, Naptha & Diesel",28,48,18,0,21,116,30-06-2018
"RES (Wind, Solar, Biomass & Others)",54,92,156,1,0,303,30-06-2018
"Gas, Naptha & Diesel",27,49,16,0,22,114,30-06-2018
Total,936,1276,763,508,54,3536,30-06-2018
Thermal (Coal & Lignite),521,1125,492,448,8,2594,30-06-2018
Total,927,1299,816,525,53,3620,30-06-2018
Hydro,316,21,75,76,23,512,30-06-2018
Total,1047,1301,865,539,60,3812,07-07-2018
Thermal (Coal & Lignite),627,1075,470,446,10,2627,07-07-2018
Hydro,300,20,49,92,26,487,07-07-2018
Nuclear,27,29,45,0,0,102,07-07-2018
"Gas, Naptha & Diesel",41,51,24,0,24,140,07-07-2018
"RES (Wind, Solar, Biomass & Others)",53,125,277,1,0,456,07-07-2018
"Gas, Naptha & Diesel",40,50,24,0,24,137,09-07-2018
Nuclear,27,30,45,0,0,102,09-07-2018
Hydro,328,14,53,96,25,516,09-07-2018
Total,1097,1294,848,525,58,3823,09-07-2018
"RES (Wind, Solar, Biomass & Others)",61,126,287,1,0,475,09-07-2018
Thermal (Coal & Lignite),642,1074,440,428,9,2593,09-07-2018
Nuclear,27,30,45,0,0,102,10-07-2018
"Gas, Naptha & Diesel",41,50,22,0,24,137,10-07-2018
"RES (Wind, Solar, Biomass & Others)",60,121,301,1,0,483,10-07-2018
Total,1108,1302,900,518,58,3886,10-07-2018
Hydro,333,15,67,88,24,528,10-07-2018
Thermal (Coal & Lignite),646,1087,465,428,10,2636,10-07-2018
"Gas, Naptha & Diesel",38,45,21,0,23,127,11-07-2018
"RES (Wind, Solar, Biomass & Others)",72,140,300,1,0,514,11-07-2018
Total,1082,1300,875,518,60,3834,11-07-2018
Nuclear,27,30,45,0,0,102,11-07-2018
Hydro,328,14,53,98,27,519,11-07-2018
Thermal (Coal & Lignite),617,1071,456,419,9,2572,11-07-2018
"RES (Wind, Solar, Biomass & Others)",64,137,283,1,0,484,12-07-2018
Nuclear,27,30,45,0,0,102,12-07-2018
Hydro,317,21,70,98,26,533,12-07-2018
Total,1045,1271,828,520,59,3724,12-07-2018
"Gas, Naptha & Diesel",32,45,23,0,24,124,12-07-2018
Thermal (Coal & Lignite),605,1039,407,421,8,2481,12-07-2018
Hydro,312,21,71,94,28,526,13-07-2018
Total,1007,1208,851,511,60,3637,13-07-2018
Thermal (Coal & Lignite),588,1010,409,415,8,2430,13-07-2018
"RES (Wind, Solar, Biomass & Others)",48,103,303,1,0,455,13-07-2018
"Gas, Naptha & Diesel",31,45,23,0,24,123,13-07-2018
Nuclear,27,30,46,0,0,103,13-07-2018
Total,943,1205,833,513,61,3555,14-07-2018
Hydro,316,23,69,93,28,530,14-07-2018
Thermal (Coal & Lignite),540,1017,405,419,8,2390,14-07-2018
"RES (Wind, Solar, Biomass & Others)",35,96,290,1,0,422,14-07-2018
"Gas, Naptha & Diesel",25,39,23,0,24,110,14-07-2018
Nuclear,27,30,46,0,0,103,14-07-2018
Thermal (Coal & Lignite),540,973,388,411,8,2320,15-07-2018
Hydro,319,17,68,95,25,525,15-07-2018
"RES (Wind, Solar, Biomass & Others)",45,109,284,1,0,438,15-07-2018
"Gas, Naptha & Diesel",23,36,23,0,24,106,15-07-2018
Nuclear,27,30,46,0,0,103,15-07-2018
Total,955,1165,807,508,58,3492,15-07-2018
"Gas, Naptha & Diesel",25,44,24,0,25,118,17-07-2018
Total,959,1215,848,496,59,3578,17-07-2018
"RES (Wind, Solar, Biomass & Others)",32,114,313,1,0,460,17-07-2018
Nuclear,27,30,45,0,0,102,17-07-2018
Thermal (Coal & Lignite),559,1009,381,395,8,2353,17-07-2018
Hydro,316,18,85,100,26,545,17-07-2018
Thermal (Coal & Lignite),590,1038,408,402,9,2447,18-07-2018
Total,993,1236,888,508,58,3683,18-07-2018
"RES (Wind, Solar, Biomass & Others)",28,108,314,1,0,451,18-07-2018
"Gas, Naptha & Diesel",26,44,23,0,25,118,18-07-2018
Nuclear,27,29,45,0,0,101,18-07-2018
Hydro,322,18,98,105,24,567,18-07-2018
"Gas, Naptha & Diesel",30,43,24,0,25,121,20-07-2018
"RES (Wind, Solar, Biomass & Others)",41,121,317,1,0,480,20-07-2018
Total,993,1247,907,511,56,3715,20-07-2018
Thermal (Coal & Lignite),560,1036,429,418,9,2452,20-07-2018
Nuclear,27,30,39,0,0,96,20-07-2018
Hydro,335,18,98,92,23,565,20-07-2018
Total,932,1231,884,474,53,3574,21-07-2018
Hydro,336,17,100,83,22,558,21-07-2018
Nuclear,27,30,38,0,0,95,21-07-2018
"Gas, Naptha & Diesel",22,39,22,0,24,106,21-07-2018
"RES (Wind, Solar, Biomass & Others)",52,143,307,1,0,503,21-07-2018
Thermal (Coal & Lignite),495,1002,417,390,7,2312,21-07-2018
Hydro,299,21,115,106,25,566,22-07-2018
Thermal (Coal & Lignite),410,904,435,373,7,2129,22-07-2018
"RES (Wind, Solar, Biomass & Others)",74,185,287,1,0,547,22-07-2018
Total,831,1175,914,480,57,3458,22-07-2018
Total,884,1152,848,449,54,3386,22-07-2018
"RES (Wind, Solar, Biomass & Others)",57,162,297,0,0,517,22-07-2018
"Gas, Naptha & Diesel",20,37,24,0,23,103,22-07-2018
Hydro,334,17,93,87,24,556,22-07-2018
Thermal (Coal & Lignite),445,905,388,361,7,2107,22-07-2018
"Gas, Naptha & Diesel",20,36,25,0,25,106,22-07-2018
Nuclear,27,30,45,0,0,103,22-07-2018
Nuclear,27,30,52,0,0,110,22-07-2018
Nuclear,27,30,52,0,0,109,23-07-2018
Hydro,328,22,109,97,29,585,23-07-2018
Thermal (Coal & Lignite),485,971,412,392,8,2269,23-07-2018
"Gas, Naptha & Diesel",20,39,25,0,22,106,23-07-2018
"RES (Wind, Solar, Biomass & Others)",46,149,295,1,0,491,23-07-2018
Total,907,1212,893,490,58,3560,23-07-2018
"Gas, Naptha & Diesel",22,40,25,0,24,111,24-07-2018
Nuclear,27,30,56,0,0,113,24-07-2018
Hydro,337,26,111,105,27,605,24-07-2018
Thermal (Coal & Lignite),518,1006,431,407,8,2370,24-07-2018
Total,948,1232,919,512,59,3671,24-07-2018
"RES (Wind, Solar, Biomass & Others)",43,130,297,1,0,471,24-07-2018
Thermal (Coal & Lignite),482,962,447,395,8,2293,25-07-2018
Hydro,326,21,116,103,26,592,25-07-2018
Total,940,1208,929,499,59,3635,25-07-2018
"RES (Wind, Solar, Biomass & Others)",79,157,289,1,0,526,25-07-2018
"Gas, Naptha & Diesel",27,37,25,0,25,113,25-07-2018
Nuclear,27,30,53,0,0,110,25-07-2018
Nuclear,28,30,57,0,0,114,28-07-2018
Thermal (Coal & Lignite),396,926,443,385,8,2157,28-07-2018
"Gas, Naptha & Diesel",11,38,25,0,25,99,28-07-2018
"RES (Wind, Solar, Biomass & Others)",62,166,277,1,0,506,28-07-2018
Hydro,304,21,122,108,24,579,28-07-2018
Nuclear,27,30,57,0,0,115,28-07-2018
Hydro,295,26,124,107,24,576,28-07-2018
Total,806,1222,926,510,58,3521,28-07-2018
"Gas, Naptha & Diesel",14,36,25,0,25,100,28-07-2018
Thermal (Coal & Lignite),410,963,443,402,8,2226,28-07-2018
"RES (Wind, Solar, Biomass & Others)",55,177,280,1,0,512,28-07-2018
Total,795,1191,925,494,57,3462,28-07-2018
"Gas, Naptha & Diesel",9,39,24,0,25,98,29-07-2018
Thermal (Coal & Lignite),402,986,431,398,6,2223,29-07-2018
Hydro,323,21,108,103,25,579,29-07-2018
Nuclear,27,30,61,0,0,118,29-07-2018
"RES (Wind, Solar, Biomass & Others)",64,142,279,1,0,486,29-07-2018
Total,826,1217,904,501,56,3505,29-07-2018
Total,875,1287,954,522,55,3693,30-07-2018
Nuclear,27,30,62,0,0,119,30-07-2018
Hydro,349,26,124,100,24,623,30-07-2018
Thermal (Coal & Lignite),431,1058,467,422,5,2383,30-07-2018
"RES (Wind, Solar, Biomass & Others)",56,129,278,1,0,464,30-07-2018
"Gas, Naptha & Diesel",10,44,25,0,25,105,30-07-2018
Hydro,356,24,108,79,25,593,31-07-2018
Thermal (Coal & Lignite),476,1066,465,420,5,2432,31-07-2018
"Gas, Naptha & Diesel",16,42,24,0,25,108,31-07-2018
"RES (Wind, Solar, Biomass & Others)",75,154,290,1,0,519,31-07-2018
Nuclear,27,29,63,0,0,120,31-07-2018
Total,950,1316,950,500,56,3771,31-07-2018
Hydro,354,20,99,77,28,578,01-08-2018
Thermal (Coal & Lignite),501,1068,467,393,8,2436,01-08-2018
"RES (Wind, Solar, Biomass & Others)",79,171,309,0,0,560,01-08-2018
"Gas, Naptha & Diesel",17,41,21,0,24,103,01-08-2018
Total,979,1326,945,471,60,3781,01-08-2018
Nuclear,28,27,49,0,0,104,01-08-2018
Thermal (Coal & Lignite),538,1101,467,388,8,2503,02-08-2018
Hydro,348,26,110,85,30,599,02-08-2018
"Gas, Naptha & Diesel",17,39,24,0,24,103,02-08-2018
"RES (Wind, Solar, Biomass & Others)",79,166,309,0,0,555,02-08-2018
Nuclear,28,27,24,0,0,79,02-08-2018
Total,1011,1359,933,474,62,3839,02-08-2018
Thermal (Coal & Lignite),547,1103,484,394,8,2535,03-08-2018
Nuclear,27,27,24,0,0,79,03-08-2018
"RES (Wind, Solar, Biomass & Others)",81,160,288,1,0,529,03-08-2018
Total,1020,1358,935,488,64,3865,03-08-2018
Hydro,343,25,114,93,31,605,03-08-2018
"Gas, Naptha & Diesel",23,44,24,0,25,115,03-08-2018
"RES (Wind, Solar, Biomass & Others)",76,171,295,1,0,543,04-08-2018
"Gas, Naptha & Diesel",23,43,24,0,25,115,04-08-2018
Nuclear,27,27,24,0,0,79,04-08-2018
Hydro,337,21,109,109,28,603,04-08-2018
Thermal (Coal & Lignite),576,1098,479,407,9,2569,04-08-2018
Total,1039,1361,929,516,62,3908,04-08-2018
Nuclear,28,27,24,0,0,79,05-08-2018
Hydro,333,14,97,108,28,580,05-08-2018
Thermal (Coal & Lignite),553,1070,452,390,7,2473,05-08-2018
Total,1003,1335,896,499,61,3794,05-08-2018
"RES (Wind, Solar, Biomass & Others)",70,183,299,1,0,552,05-08-2018
"Gas, Naptha & Diesel",20,41,24,0,25,110,05-08-2018
Total,975,1358,942,491,57,3823,06-08-2018
Thermal (Coal & Lignite),537,1081,473,386,5,2481,06-08-2018
"Gas, Naptha & Diesel",18,41,23,0,26,108,06-08-2018
Hydro,330,18,104,104,27,583,06-08-2018
"RES (Wind, Solar, Biomass & Others)",62,191,319,0,0,572,06-08-2018
Nuclear,27,27,24,0,0,79,06-08-2018
"RES (Wind, Solar, Biomass & Others)",45,160,313,1,0,519,07-08-2018
"Gas, Naptha & Diesel",18,44,23,0,26,111,07-08-2018
Nuclear,27,27,24,0,0,79,07-08-2018
Hydro,247,22,111,101,24,506,07-08-2018
Thermal (Coal & Lignite),565,1126,471,397,8,2567,07-08-2018
Total,903,1379,943,499,58,3782,07-08-2018
Hydro,277,22,129,108,26,562,09-08-2018
Nuclear,27,27,24,0,0,79,09-08-2018
"Gas, Naptha & Diesel",25,41,22,0,25,113,09-08-2018
"RES (Wind, Solar, Biomass & Others)",36,88,325,1,0,449,09-08-2018
Total,969,1344,961,516,60,3849,09-08-2018
Thermal (Coal & Lignite),604,1167,461,407,9,2647,09-08-2018
"RES (Wind, Solar, Biomass & Others)",54,127,331,1,0,513,10-08-2018
"Gas, Naptha & Diesel",28,44,25,0,25,121,10-08-2018
Total,1041,1375,974,523,59,3972,10-08-2018
Nuclear,27,28,24,0,0,79,10-08-2018
Hydro,289,21,139,112,24,586,10-08-2018
Thermal (Coal & Lignite),642,1155,455,410,11,2672,10-08-2018
"RES (Wind, Solar, Biomass & Others)",85,170,295,1,0,551,11-08-2018
Nuclear,27,27,24,0,0,79,11-08-2018
Hydro,314,18,123,111,24,589,11-08-2018
Thermal (Coal & Lignite),601,1105,421,397,6,2529,11-08-2018
"Gas, Naptha & Diesel",24,43,24,0,25,115,11-08-2018
Total,1051,1362,887,508,56,3864,11-08-2018
Thermal (Coal & Lignite),540,1065,338,381,4,2328,12-08-2018
"Gas, Naptha & Diesel",18,42,24,0,26,110,12-08-2018
"RES (Wind, Solar, Biomass & Others)",80,166,284,1,0,530,12-08-2018
Total,997,1316,793,474,53,3633,12-08-2018
Hydro,333,16,122,93,23,587,12-08-2018
Nuclear,27,27,24,0,0,78,12-08-2018
Thermal (Coal & Lignite),568,1135,353,385,4,2444,13-08-2018
"RES (Wind, Solar, Biomass & Others)",67,148,306,1,0,522,13-08-2018
Total,984,1368,851,482,53,3738,13-08-2018
Hydro,305,21,143,96,23,588,13-08-2018
Nuclear,27,27,24,0,0,78,13-08-2018
"Gas, Naptha & Diesel",18,37,24,0,26,105,13-08-2018
"RES (Wind, Solar, Biomass & Others)",51,126,280,1,0,457,14-08-2018
Total,979,1411,875,510,53,3827,14-08-2018
Nuclear,27,27,24,0,0,79,14-08-2018
Hydro,302,35,161,107,23,627,14-08-2018
Thermal (Coal & Lignite),582,1174,385,403,5,2549,14-08-2018
"Gas, Naptha & Diesel",16,49,24,0,26,115,14-08-2018
"Gas, Naptha & Diesel",11,41,24,0,26,102,15-08-2018
Nuclear,27,27,24,0,0,79,15-08-2018
Hydro,321,19,144,97,23,602,15-08-2018
Thermal (Coal & Lignite),504,1109,343,380,5,2341,15-08-2018
"RES (Wind, Solar, Biomass & Others)",43,106,257,1,0,407,15-08-2018
Total,906,1303,792,477,53,3532,15-08-2018
Total,959,1292,812,496,56,3616,16-08-2018
Hydro,343,22,154,99,22,639,16-08-2018
Thermal (Coal & Lignite),537,1102,329,397,8,2372,16-08-2018
Nuclear,27,27,24,0,0,79,16-08-2018
"RES (Wind, Solar, Biomass & Others)",39,106,282,1,0,427,16-08-2018
"Gas, Naptha & Diesel",13,36,23,0,27,98,16-08-2018
"Gas, Naptha & Diesel",12,39,23,0,26,100,17-08-2018
Hydro,352,24,160,103,22,661,17-08-2018
Total,991,1264,867,525,57,3704,17-08-2018
"RES (Wind, Solar, Biomass & Others)",40,115,320,1,0,476,17-08-2018
Nuclear,27,27,24,0,0,78,17-08-2018
Thermal (Coal & Lignite),560,1059,340,421,9,2390,17-08-2018
Thermal (Coal & Lignite),523,1031,333,398,8,2293,18-08-2018
Total,963,1220,840,508,55,3585,18-08-2018
Total,980,1267,882,536,56,3720,18-08-2018
"RES (Wind, Solar, Biomass & Others)",50,103,299,1,0,453,18-08-2018
Hydro,348,18,161,109,21,657,18-08-2018
"Gas, Naptha & Diesel",16,40,23,0,25,104,18-08-2018
Nuclear,27,27,24,0,0,79,18-08-2018
"RES (Wind, Solar, Biomass & Others)",39,104,312,1,0,455,18-08-2018
"Gas, Naptha & Diesel",36,39,23,0,24,122,18-08-2018
Hydro,297,23,160,109,22,611,18-08-2018
Thermal (Coal & Lignite),581,1074,362,426,10,2453,18-08-2018
Thermal (Coal & Lignite),553,1059,339,383,7,2342,20-08-2018
Hydro,352,24,171,104,21,672,20-08-2018
Nuclear,27,27,24,0,0,79,20-08-2018
"Gas, Naptha & Diesel",17,41,23,0,26,106,20-08-2018
Total,1003,1254,861,488,54,3659,20-08-2018
"RES (Wind, Solar, Biomass & Others)",54,102,303,1,0,460,20-08-2018
Hydro,358,22,169,109,21,679,21-08-2018
Total,1038,1229,888,514,54,3724,21-08-2018
Thermal (Coal & Lignite),582,1030,361,405,8,2386,21-08-2018
"RES (Wind, Solar, Biomass & Others)",50,110,311,1,0,472,21-08-2018
"Gas, Naptha & Diesel",20,39,23,0,25,108,21-08-2018
Nuclear,27,27,24,0,0,79,21-08-2018
Total,1046,1226,932,523,53,3780,22-08-2018
"RES (Wind, Solar, Biomass & Others)",68,119,296,0,0,484,22-08-2018
Thermal (Coal & Lignite),578,1014,407,413,8,2420,22-08-2018
Hydro,354,22,182,110,20,688,22-08-2018
Nuclear,27,27,24,0,0,79,22-08-2018
"Gas, Naptha & Diesel",18,44,23,0,25,109,22-08-2018
Total,955,1237,951,517,46,3707,23-08-2018
"RES (Wind, Solar, Biomass & Others)",60,130,272,0,0,462,23-08-2018
Nuclear,25,27,24,0,0,77,23-08-2018
Hydro,321,25,187,114,22,668,23-08-2018
"Gas, Naptha & Diesel",22,44,23,0,16,105,23-08-2018
Thermal (Coal & Lignite),527,1011,446,402,9,2395,23-08-2018
Total,939,1278,937,518,51,3723,24-08-2018
Thermal (Coal & Lignite),530,1051,454,401,8,2444,24-08-2018
Hydro,293,27,190,117,27,654,24-08-2018
Nuclear,23,27,24,0,0,74,24-08-2018
"RES (Wind, Solar, Biomass & Others)",68,124,247,0,0,439,24-08-2018
"Gas, Naptha & Diesel",25,48,22,0,15,111,24-08-2018
Nuclear,24,27,24,0,0,75,25-08-2018
"Gas, Naptha & Diesel",21,45,22,0,16,105,25-08-2018
"RES (Wind, Solar, Biomass & Others)",65,130,243,0,0,439,25-08-2018
Total,983,1262,923,477,51,3695,25-08-2018
Hydro,342,26,184,111,27,690,25-08-2018
Thermal (Coal & Lignite),531,1033,449,366,8,2387,25-08-2018
"RES (Wind, Solar, Biomass & Others)",49,112,249,1,0,411,26-08-2018
Total,941,1170,865,466,48,3490,26-08-2018
Thermal (Coal & Lignite),509,956,398,353,8,2223,26-08-2018
Hydro,336,35,172,112,25,680,26-08-2018
Nuclear,27,27,24,0,0,78,26-08-2018
"Gas, Naptha & Diesel",21,39,23,0,16,98,26-08-2018
"RES (Wind, Solar, Biomass & Others)",44,62,240,1,0,347,27-08-2018
"Gas, Naptha & Diesel",24,39,23,0,18,104,27-08-2018
Hydro,356,45,176,111,26,714,27-08-2018
Thermal (Coal & Lignite),530,1071,413,372,7,2394,27-08-2018
Total,982,1245,876,483,52,3638,27-08-2018
Nuclear,27,27,24,0,0,79,27-08-2018
"Gas, Naptha & Diesel",16,41,22,0,17,97,28-08-2018
Hydro,354,44,174,120,27,720,28-08-2018
Total,984,1268,896,506,52,3706,28-08-2018
"RES (Wind, Solar, Biomass & Others)",41,61,243,1,0,346,28-08-2018
Nuclear,28,27,24,0,0,80,28-08-2018
Thermal (Coal & Lignite),544,1095,432,385,8,2464,28-08-2018
Nuclear,27,27,24,0,0,78,29-08-2018
Hydro,347,36,187,120,25,714,29-08-2018
Thermal (Coal & Lignite),533,1104,444,387,8,2477,29-08-2018
"RES (Wind, Solar, Biomass & Others)",45,66,240,1,0,352,29-08-2018
Total,973,1272,918,507,50,3720,29-08-2018
"Gas, Naptha & Diesel",21,39,22,0,17,98,29-08-2018
Total,1005,1224,932,499,49,3709,30-08-2018
"RES (Wind, Solar, Biomass & Others)",72,104,245,1,0,423,30-08-2018
"Gas, Naptha & Diesel",22,37,22,0,16,97,30-08-2018
Nuclear,27,25,24,0,0,76,30-08-2018
Hydro,352,28,190,117,24,711,30-08-2018
Thermal (Coal & Lignite),532,1030,450,381,9,2402,30-08-2018
Nuclear,27,27,24,0,0,79,31-08-2018
"Gas, Naptha & Diesel",22,33,23,0,16,94,31-08-2018
"RES (Wind, Solar, Biomass & Others)",86,116,228,1,0,430,31-08-2018
Total,1026,1310,917,503,49,3805,31-08-2018
Hydro,350,43,208,117,24,742,31-08-2018
Thermal (Coal & Lignite),542,1092,434,385,9,2461,31-08-2018
Thermal (Coal & Lignite),514,1092,418,380,8,2411,01-09-2018
Hydro,356,42,200,116,25,740,01-09-2018
Nuclear,27,27,19,0,0,74,01-09-2018
"Gas, Naptha & Diesel",21,31,23,0,16,91,01-09-2018
"RES (Wind, Solar, Biomass & Others)",63,89,230,1,0,382,01-09-2018
Total,982,1281,890,497,49,3698,01-09-2018
Total,864,1224,855,466,48,3457,02-09-2018
Thermal (Coal & Lignite),407,1031,394,351,7,2190,02-09-2018
"Gas, Naptha & Diesel",19,30,23,0,16,88,02-09-2018
Nuclear,27,27,19,0,0,74,02-09-2018
Hydro,354,35,186,114,26,715,02-09-2018
"RES (Wind, Solar, Biomass & Others)",56,100,233,0,0,389,02-09-2018
Nuclear,28,27,19,0,0,74,03-09-2018
Total,891,1228,902,485,49,3555,03-09-2018
"RES (Wind, Solar, Biomass & Others)",54,111,208,1,0,374,03-09-2018
"Gas, Naptha & Diesel",14,29,23,0,17,82,03-09-2018
Hydro,357,46,182,112,25,722,03-09-2018
Thermal (Coal & Lignite),438,1016,471,372,7,2304,03-09-2018
"Gas, Naptha & Diesel",24,46,20,0,15,104,04-09-2018
"RES (Wind, Solar, Biomass & Others)",59,136,251,0,0,448,04-09-2018
Nuclear,28,27,19,0,0,74,04-09-2018
Total,936,1311,932,507,48,3735,04-09-2018
Thermal (Coal & Lignite),454,1250,509,384,8,2605,04-09-2018
Hydro,359,47,153,122,25,706,04-09-2018
Nuclear,23,27,19,0,0,69,04-09-2018
Hydro,358,47,139,126,25,695,04-09-2018
"Gas, Naptha & Diesel",19,43,22,0,16,100,04-09-2018
"RES (Wind, Solar, Biomass & Others)",54,113,218,1,0,385,04-09-2018
Total,913,1481,921,507,49,3870,04-09-2018
Thermal (Coal & Lignite),473,1055,502,380,8,2419,04-09-2018
Total,946,1302,954,483,48,3734,06-09-2018
"RES (Wind, Solar, Biomass & Others)",55,138,287,1,0,481,06-09-2018
Nuclear,22,27,19,0,0,69,06-09-2018
Hydro,353,31,126,125,24,659,06-09-2018
Thermal (Coal & Lignite),492,1060,502,358,8,2420,06-09-2018
"Gas, Naptha & Diesel",24,45,20,0,16,105,06-09-2018
Nuclear,18,27,19,0,0,65,07-09-2018
Total,960,1301,966,498,50,3774,07-09-2018
"RES (Wind, Solar, Biomass & Others)",53,99,282,0,0,435,07-09-2018
Thermal (Coal & Lignite),511,1091,506,375,7,2490,07-09-2018
Hydro,353,35,138,123,24,673,07-09-2018
"Gas, Naptha & Diesel",24,48,21,0,18,112,07-09-2018
Thermal (Coal & Lignite),467,1108,532,374,8,2489,08-09-2018
Hydro,351,48,160,117,24,700,08-09-2018
"Gas, Naptha & Diesel",23,63,20,0,19,125,08-09-2018
"RES (Wind, Solar, Biomass & Others)",42,93,223,1,0,360,08-09-2018
Total,902,1343,954,492,51,3742,08-09-2018
Nuclear,18,31,19,0,0,68,08-09-2018
"RES (Wind, Solar, Biomass & Others)",48,64,143,1,0,256,09-09-2018
"Gas, Naptha & Diesel",24,49,20,0,18,110,09-09-2018
Total,888,1276,898,508,50,3620,09-09-2018
Nuclear,18,27,19,0,0,65,09-09-2018
Hydro,345,66,162,116,24,714,09-09-2018
Thermal (Coal & Lignite),453,1069,553,391,9,2475,09-09-2018
"Gas, Naptha & Diesel",24,17,21,0,19,81,10-09-2018
Thermal (Coal & Lignite),519,1155,585,386,7,2653,10-09-2018
Hydro,333,75,148,123,27,705,10-09-2018
Nuclear,22,0,19,0,0,42,10-09-2018
"RES (Wind, Solar, Biomass & Others)",46,50,123,1,0,220,10-09-2018
Total,945,1297,896,509,53,3700,10-09-2018
Total,1003,1408,908,514,54,3887,11-09-2018
Thermal (Coal & Lignite),553,1161,612,382,5,2712,11-09-2018
"RES (Wind, Solar, Biomass & Others)",71,76,131,2,0,280,11-09-2018
Nuclear,23,27,19,0,0,69,11-09-2018
Hydro,331,78,125,131,29,694,11-09-2018
"Gas, Naptha & Diesel",25,65,22,0,20,132,11-09-2018
Total,998,1421,894,508,57,3878,12-09-2018
"RES (Wind, Solar, Biomass & Others)",80,97,130,1,0,307,12-09-2018
"Gas, Naptha & Diesel",26,54,22,0,22,124,12-09-2018
Hydro,318,54,113,125,31,643,12-09-2018
Nuclear,23,27,19,0,0,69,12-09-2018
Thermal (Coal & Lignite),551,1188,609,381,4,2734,12-09-2018
Total,983,1481,888,518,60,3931,13-09-2018
"RES (Wind, Solar, Biomass & Others)",71,91,153,1,0,316,13-09-2018
"Gas, Naptha & Diesel",25,68,25,0,22,140,13-09-2018
Nuclear,23,27,20,0,0,70,13-09-2018
Hydro,308,37,96,127,30,597,13-09-2018
Thermal (Coal & Lignite),556,1257,596,391,8,2808,13-09-2018
Hydro,301,54,100,122,31,608,14-09-2018
Nuclear,23,27,34,0,0,84,14-09-2018
"RES (Wind, Solar, Biomass & Others)",66,65,143,1,0,276,14-09-2018
Total,1007,1449,933,509,64,3963,14-09-2018
Thermal (Coal & Lignite),591,1218,633,386,9,2838,14-09-2018
"Gas, Naptha & Diesel",25,84,24,0,24,157,14-09-2018
"RES (Wind, Solar, Biomass & Others)",56,55,156,1,0,267,15-09-2018
Thermal (Coal & Lignite),625,1419,645,390,8,3088,15-09-2018
Hydro,278,47,109,121,31,586,15-09-2018
Nuclear,23,27,37,0,0,87,15-09-2018
Total,1010,1631,970,513,62,4186,15-09-2018
"Gas, Naptha & Diesel",28,84,24,0,23,158,15-09-2018
"Gas, Naptha & Diesel",34,91,25,0,24,173,16-09-2018
Thermal (Coal & Lignite),647,1204,603,378,5,2838,16-09-2018
Nuclear,23,27,36,0,0,87,16-09-2018
Hydro,256,39,97,115,30,537,16-09-2018
"RES (Wind, Solar, Biomass & Others)",39,41,160,1,0,241,16-09-2018
Total,999,1402,922,494,59,3876,16-09-2018
Thermal (Coal & Lignite),681,1224,571,372,7,2854,17-09-2018
Nuclear,23,27,36,0,0,86,17-09-2018
"Gas, Naptha & Diesel",31,73,25,0,24,153,17-09-2018
"RES (Wind, Solar, Biomass & Others)",49,46,178,0,0,272,17-09-2018
Total,1037,1412,906,497,59,3911,17-09-2018
Hydro,253,43,96,125,28,545,17-09-2018
Thermal (Coal & Lignite),698,1249,561,384,7,2899,18-09-2018
Hydro,242,46,80,123,28,518,18-09-2018
"RES (Wind, Solar, Biomass & Others)",59,54,225,1,0,338,18-09-2018
Nuclear,23,26,33,0,0,82,18-09-2018
Total,1062,1431,924,507,59,3984,18-09-2018
"Gas, Naptha & Diesel",41,57,25,0,24,147,18-09-2018
"RES (Wind, Solar, Biomass & Others)",67,59,225,1,0,352,19-09-2018
Nuclear,23,25,32,0,0,81,19-09-2018
Total,1069,1440,957,511,53,4031,19-09-2018
"Gas, Naptha & Diesel",38,52,25,0,24,139,19-09-2018
Hydro,241,41,91,127,26,525,19-09-2018
Thermal (Coal & Lignite),701,1263,583,384,4,2934,19-09-2018
Thermal (Coal & Lignite),684,1260,606,372,4,2927,20-09-2018
Total,1043,1438,967,484,50,3981,20-09-2018
"RES (Wind, Solar, Biomass & Others)",57,60,199,1,0,317,20-09-2018
"Gas, Naptha & Diesel",36,50,23,0,22,132,20-09-2018
Nuclear,23,27,28,0,0,78,20-09-2018
Hydro,242,41,110,111,24,528,20-09-2018
Total,996,1397,937,449,50,3829,21-09-2018
"RES (Wind, Solar, Biomass & Others)",53,81,238,1,0,373,21-09-2018
"Gas, Naptha & Diesel",38,49,23,0,22,133,21-09-2018
Nuclear,23,27,19,0,0,70,21-09-2018
Hydro,239,27,92,115,24,497,21-09-2018
Thermal (Coal & Lignite),643,1214,565,333,4,2758,21-09-2018
"Gas, Naptha & Diesel",26,48,25,0,22,120,22-09-2018
"RES (Wind, Solar, Biomass & Others)",57,104,192,1,0,354,22-09-2018
Thermal (Coal & Lignite),483,1113,562,349,4,2512,22-09-2018
Hydro,252,36,109,114,24,534,22-09-2018
Nuclear,23,27,19,0,0,70,22-09-2018
Total,841,1328,907,464,50,3590,22-09-2018
Nuclear,23,27,19,0,0,70,23-09-2018
"Gas, Naptha & Diesel",21,48,25,0,23,116,23-09-2018
"RES (Wind, Solar, Biomass & Others)",53,78,131,0,0,261,23-09-2018
Thermal (Coal & Lignite),396,1057,583,362,4,2402,23-09-2018
Hydro,277,59,100,118,24,578,23-09-2018
Total,769,1270,858,481,51,3428,23-09-2018
Thermal (Coal & Lignite),419,1133,622,360,4,2537,24-09-2018
Hydro,309,57,111,109,25,611,24-09-2018
"Gas, Naptha & Diesel",23,54,25,0,24,126,24-09-2018
Nuclear,23,27,19,0,0,69,24-09-2018
"RES (Wind, Solar, Biomass & Others)",45,72,111,1,0,230,24-09-2018
Total,818,1344,888,470,53,3573,24-09-2018
"RES (Wind, Solar, Biomass & Others)",55,64,111,1,0,231,25-09-2018
Total,882,1283,887,484,54,3590,25-09-2018
Thermal (Coal & Lignite),474,1078,630,365,4,2551,25-09-2018
Hydro,299,62,102,118,28,608,25-09-2018
Nuclear,23,27,19,0,0,70,25-09-2018
"Gas, Naptha & Diesel",31,52,25,0,22,130,25-09-2018
Hydro,293,51,97,107,26,575,26-09-2018
Nuclear,24,27,24,0,0,75,26-09-2018
"Gas, Naptha & Diesel",34,81,25,0,24,163,26-09-2018
"RES (Wind, Solar, Biomass & Others)",52,50,108,1,0,211,26-09-2018
Total,923,1396,868,482,54,3723,26-09-2018
Thermal (Coal & Lignite),519,1187,614,374,4,2698,26-09-2018
Thermal (Coal & Lignite),561,1188,603,373,4,2729,27-09-2018
Hydro,287,60,100,107,26,580,27-09-2018
Nuclear,23,27,30,0,0,80,27-09-2018
"Gas, Naptha & Diesel",49,72,25,0,23,169,27-09-2018
"RES (Wind, Solar, Biomass & Others)",47,38,113,1,0,199,27-09-2018
Total,967,1386,870,481,53,3756,27-09-2018
Nuclear,23,27,29,0,0,80,28-09-2018
Hydro,271,55,97,112,24,559,28-09-2018
"Gas, Naptha & Diesel",51,84,25,0,24,184,28-09-2018
Thermal (Coal & Lignite),595,1182,614,371,5,2767,28-09-2018
"RES (Wind, Solar, Biomass & Others)",47,38,114,1,0,200,28-09-2018
Total,987,1386,880,484,53,3790,28-09-2018
Total,1007,1384,866,476,52,3785,29-09-2018
Thermal (Coal & Lignite),624,1198,607,365,5,2798,29-09-2018
Hydro,264,46,93,110,24,537,29-09-2018
Nuclear,23,27,29,0,0,80,29-09-2018
"Gas, Naptha & Diesel",53,75,24,0,23,176,29-09-2018
"RES (Wind, Solar, Biomass & Others)",43,37,113,1,0,195,29-09-2018
Thermal (Coal & Lignite),625,1176,584,344,4,2734,30-09-2018
Total,992,1368,849,451,51,3711,30-09-2018
"RES (Wind, Solar, Biomass & Others)",48,39,114,1,0,203,30-09-2018
"Gas, Naptha & Diesel",38,73,24,0,24,159,30-09-2018
Nuclear,23,27,29,0,0,80,30-09-2018
Hydro,257,52,98,106,23,535,30-09-2018
Hydro,246,38,109,106,22,521,01-10-2018
"Gas, Naptha & Diesel",45,92,25,0,22,183,01-10-2018
Thermal (Coal & Lignite),673,1216,569,350,5,2813,01-10-2018
Total,1039,1411,858,457,49,3814,01-10-2018
Nuclear,23,27,29,0,0,79,01-10-2018
"RES (Wind, Solar, Biomass & Others)",52,37,127,1,0,217,01-10-2018
"Gas, Naptha & Diesel",42,79,25,0,24,170,02-10-2018
Thermal (Coal & Lignite),648,1214,565,360,4,2792,02-10-2018
Hydro,239,39,84,97,22,482,02-10-2018
Nuclear,23,27,29,0,0,79,02-10-2018
"RES (Wind, Solar, Biomass & Others)",56,34,125,1,0,216,02-10-2018
Total,1008,1394,828,459,50,3739,02-10-2018
"RES (Wind, Solar, Biomass & Others)",53,36,116,1,0,206,03-10-2018
Thermal (Coal & Lignite),692,1229,592,374,5,2891,03-10-2018
Hydro,235,38,107,106,23,508,03-10-2018
Total,1053,1414,869,480,50,3866,03-10-2018
Nuclear,23,27,30,0,0,80,03-10-2018
"Gas, Naptha & Diesel",50,84,25,0,23,181,03-10-2018
Total,1068,1425,857,472,52,3873,04-10-2018
"RES (Wind, Solar, Biomass & Others)",50,162,123,1,0,336,04-10-2018
"Gas, Naptha & Diesel",67,91,25,0,24,207,04-10-2018
Nuclear,23,20,32,0,0,75,04-10-2018
Hydro,231,36,107,106,22,502,04-10-2018
Thermal (Coal & Lignite),697,1115,570,366,5,2753,04-10-2018
Total,1056,1410,885,465,50,3867,05-10-2018
Thermal (Coal & Lignite),687,1217,580,358,5,2847,05-10-2018
Hydro,226,40,100,105,20,492,05-10-2018
Nuclear,23,15,34,0,0,72,05-10-2018
"RES (Wind, Solar, Biomass & Others)",48,41,148,1,0,239,05-10-2018
"Gas, Naptha & Diesel",72,97,24,0,25,218,05-10-2018
"Gas, Naptha & Diesel",66,98,23,0,24,212,06-10-2018
Total,1015,1422,886,474,50,3846,06-10-2018
Nuclear,23,14,34,0,0,71,06-10-2018
Hydro,221,44,103,105,20,493,06-10-2018
Thermal (Coal & Lignite),658,1221,576,368,5,2829,06-10-2018
"RES (Wind, Solar, Biomass & Others)",45,45,150,1,0,242,06-10-2018
Total,977,1385,864,480,50,3757,07-10-2018
"RES (Wind, Solar, Biomass & Others)",45,43,149,1,0,238,07-10-2018
"Gas, Naptha & Diesel",51,98,24,0,27,200,07-10-2018
Thermal (Coal & Lignite),646,1191,569,377,5,2787,07-10-2018
Nuclear,23,12,34,0,0,69,07-10-2018
Hydro,212,42,89,103,19,464,07-10-2018
Nuclear,23,12,34,0,0,69,08-10-2018
Hydro,191,65,114,99,18,488,08-10-2018
Thermal (Coal & Lignite),671,1189,597,405,5,2867,08-10-2018
"Gas, Naptha & Diesel",69,98,24,0,28,220,08-10-2018
Total,1007,1398,901,505,52,3862,08-10-2018
"RES (Wind, Solar, Biomass & Others)",52,35,131,1,0,219,08-10-2018
"Gas, Naptha & Diesel",64,99,24,0,28,216,09-10-2018
Total,1007,1407,900,493,51,3859,09-10-2018
Hydro,199,71,114,90,18,493,09-10-2018
Thermal (Coal & Lignite),665,1189,597,402,5,2857,09-10-2018
"RES (Wind, Solar, Biomass & Others)",61,37,131,1,0,229,09-10-2018
Nuclear,18,12,34,0,0,64,09-10-2018
"RES (Wind, Solar, Biomass & Others)",44,34,136,1,0,214,10-10-2018
Total,1017,1389,904,504,51,3866,10-10-2018
"Gas, Naptha & Diesel",70,90,24,0,29,213,10-10-2018
Thermal (Coal & Lignite),685,1207,590,421,5,2909,10-10-2018
Nuclear,18,12,34,0,0,64,10-10-2018
Hydro,200,45,120,83,17,466,10-10-2018
"RES (Wind, Solar, Biomass & Others)",45,48,148,1,0,241,11-10-2018
"Gas, Naptha & Diesel",55,83,25,0,50,213,11-10-2018
Nuclear,23,12,34,0,0,69,11-10-2018
Hydro,199,30,110,79,0,418,11-10-2018
Thermal (Coal & Lignite),642,1248,570,389,28,2878,11-10-2018
Total,965,1421,886,469,79,3818,11-10-2018
Hydro,196,26,133,78,18,450,12-10-2018
Nuclear,24,20,34,0,0,78,12-10-2018
"Gas, Naptha & Diesel",41,70,24,0,29,164,12-10-2018
Thermal (Coal & Lignite),613,1270,596,392,4,2876,12-10-2018
"RES (Wind, Solar, Biomass & Others)",52,50,136,0,0,238,12-10-2018
Total,925,1436,923,470,51,3805,12-10-2018
"Gas, Naptha & Diesel",41,50,24,0,5,119,13-10-2018
Total,901,1413,922,494,23,3753,13-10-2018
"RES (Wind, Solar, Biomass & Others)",56,44,130,1,19,249,13-10-2018
Thermal (Coal & Lignite),588,1269,597,416,0,2869,13-10-2018
Hydro,189,25,137,77,0,429,13-10-2018
Nuclear,28,25,34,0,0,87,13-10-2018
"RES (Wind, Solar, Biomass & Others)",51,44,119,1,0,215,14-10-2018
"Gas, Naptha & Diesel",36,43,24,0,29,131,14-10-2018
Nuclear,26,26,34,0,0,86,14-10-2018
Hydro,180,24,117,78,19,418,14-10-2018
Thermal (Coal & Lignite),552,1256,594,418,4,2825,14-10-2018
Total,845,1394,887,497,52,3675,14-10-2018
"Gas, Naptha & Diesel",41,53,24,0,29,148,15-10-2018
Nuclear,24,26,34,0,0,83,15-10-2018
"RES (Wind, Solar, Biomass & Others)",44,38,121,0,0,203,15-10-2018
Total,864,1446,897,510,53,3771,15-10-2018
Hydro,174,34,105,79,20,412,15-10-2018
Thermal (Coal & Lignite),581,1296,614,431,5,2925,15-10-2018
Hydro,175,41,97,73,20,407,16-10-2018
"RES (Wind, Solar, Biomass & Others)",43,37,122,1,0,203,16-10-2018
Total,900,1438,884,503,54,3779,16-10-2018
Nuclear,24,27,34,0,0,84,16-10-2018
"Gas, Naptha & Diesel",53,62,25,0,29,168,16-10-2018
Thermal (Coal & Lignite),605,1271,607,429,5,2917,16-10-2018
Hydro,176,33,84,74,18,385,17-10-2018
Nuclear,24,27,34,0,0,85,17-10-2018
"Gas, Naptha & Diesel",51,59,22,0,26,158,17-10-2018
"RES (Wind, Solar, Biomass & Others)",43,31,114,1,0,190,17-10-2018
Total,911,1423,841,495,48,3718,17-10-2018
Thermal (Coal & Lignite),617,1272,587,420,4,2900,17-10-2018
"RES (Wind, Solar, Biomass & Others)",54,39,123,1,0,216,18-10-2018
"Gas, Naptha & Diesel",41,44,25,0,27,137,18-10-2018
Nuclear,24,27,23,0,0,74,18-10-2018
Hydro,171,29,68,75,18,361,18-10-2018
Thermal (Coal & Lignite),613,1216,529,425,7,2789,18-10-2018
Total,903,1355,767,501,52,3578,18-10-2018
"Gas, Naptha & Diesel",30,44,24,0,26,125,19-10-2018
Hydro,170,31,72,71,16,360,19-10-2018
Total,862,1366,771,485,50,3533,19-10-2018
Thermal (Coal & Lignite),594,1226,526,413,7,2766,19-10-2018
"RES (Wind, Solar, Biomass & Others)",45,37,125,1,0,208,19-10-2018
Nuclear,24,27,23,0,0,74,19-10-2018
Thermal (Coal & Lignite),598,1270,540,405,7,2820,20-10-2018
Hydro,168,33,87,81,16,385,20-10-2018
"Gas, Naptha & Diesel",28,48,24,0,28,128,20-10-2018
"RES (Wind, Solar, Biomass & Others)",47,40,143,1,0,231,20-10-2018
Nuclear,24,27,23,0,0,74,20-10-2018
Total,865,1418,816,486,52,3637,20-10-2018
Total,855,1415,806,473,54,3603,21-10-2018
"RES (Wind, Solar, Biomass & Others)",44,48,143,1,0,236,21-10-2018
Nuclear,24,27,23,0,0,75,21-10-2018
Hydro,160,33,85,72,16,365,21-10-2018
Thermal (Coal & Lignite),599,1244,531,400,11,2784,21-10-2018
"Gas, Naptha & Diesel",28,64,25,0,27,143,21-10-2018
Thermal (Coal & Lignite),595,1280,553,397,8,2834,22-10-2018
Total,863,1447,856,477,54,3698,22-10-2018
Hydro,160,38,114,79,17,408,22-10-2018
Nuclear,24,27,35,0,0,86,22-10-2018
"Gas, Naptha & Diesel",39,61,25,0,29,154,22-10-2018
"RES (Wind, Solar, Biomass & Others)",45,41,129,1,0,216,22-10-2018
"RES (Wind, Solar, Biomass & Others)",42,43,121,2,0,208,23-10-2018
"Gas, Naptha & Diesel",48,66,25,0,0,139,23-10-2018
Nuclear,24,27,43,0,0,94,23-10-2018
Hydro,160,33,114,76,0,384,23-10-2018
Thermal (Coal & Lignite),609,1301,565,397,49,2920,23-10-2018
Total,882,1471,868,474,49,3745,23-10-2018
Total,875,1463,878,465,48,3730,24-10-2018
"RES (Wind, Solar, Biomass & Others)",46,40,125,1,0,212,24-10-2018
"Gas, Naptha & Diesel",55,79,25,0,29,188,24-10-2018
Thermal (Coal & Lignite),597,1284,583,389,4,2858,24-10-2018
Nuclear,24,27,45,0,0,97,24-10-2018
Hydro,152,33,100,75,16,376,24-10-2018
Nuclear,24,28,45,0,0,97,25-10-2018
Hydro,156,31,97,64,16,364,25-10-2018
"Gas, Naptha & Diesel",53,83,25,0,29,190,25-10-2018
"RES (Wind, Solar, Biomass & Others)",41,40,139,1,0,220,25-10-2018
Total,875,1471,896,451,49,3742,25-10-2018
Thermal (Coal & Lignite),602,1289,590,386,4,2871,25-10-2018
"RES (Wind, Solar, Biomass & Others)",44,46,170,1,0,261,26-10-2018
Thermal (Coal & Lignite),596,1271,575,394,4,2841,26-10-2018
Hydro,140,25,93,67,15,339,26-10-2018
Nuclear,24,29,43,0,0,97,26-10-2018
"Gas, Naptha & Diesel",50,71,25,0,28,174,26-10-2018
Total,854,1442,906,462,48,3711,26-10-2018
Thermal (Coal & Lignite),592,1272,568,391,6,2828,27-10-2018
"Gas, Naptha & Diesel",41,69,25,0,24,158,27-10-2018
"RES (Wind, Solar, Biomass & Others)",41,46,170,1,0,258,27-10-2018
Total,849,1440,897,457,43,3686,27-10-2018
Nuclear,24,29,43,0,0,97,27-10-2018
Hydro,151,24,91,65,14,345,27-10-2018
Nuclear,24,30,43,0,0,97,28-10-2018
"Gas, Naptha & Diesel",32,59,25,0,28,144,28-10-2018
Total,801,1369,881,451,47,3549,28-10-2018
"RES (Wind, Solar, Biomass & Others)",43,53,175,1,0,273,28-10-2018
Hydro,148,15,83,56,14,316,28-10-2018
Thermal (Coal & Lignite),553,1212,554,394,6,2719,28-10-2018
"Gas, Naptha & Diesel",49,55,25,0,29,159,29-10-2018
Nuclear,25,30,43,0,0,98,29-10-2018
Hydro,150,20,105,55,14,344,29-10-2018
Thermal (Coal & Lignite),558,1245,563,387,9,2762,29-10-2018
Total,829,1410,894,443,52,3629,29-10-2018
"RES (Wind, Solar, Biomass & Others)",47,60,159,1,0,267,29-10-2018
Total,849,1428,870,450,52,3650,30-10-2018
Thermal (Coal & Lignite),569,1230,545,383,11,2738,30-10-2018
Nuclear,24,30,43,0,0,98,30-10-2018
"Gas, Naptha & Diesel",58,84,24,0,28,194,30-10-2018
"RES (Wind, Solar, Biomass & Others)",46,61,142,1,0,250,30-10-2018
Hydro,151,23,116,65,13,369,30-10-2018
"RES (Wind, Solar, Biomass & Others)",41,53,131,1,0,227,01-11-2018
"Gas, Naptha & Diesel",55,56,24,0,28,162,01-11-2018
Nuclear,24,27,42,0,0,94,01-11-2018
Total,849,1399,856,467,49,3619,01-11-2018
Hydro,138,26,89,55,12,320,01-11-2018
Thermal (Coal & Lignite),592,1236,569,411,9,2817,01-11-2018
Thermal (Coal & Lignite),605,1248,551,415,6,2825,02-11-2018
Nuclear,24,27,41,0,0,92,02-11-2018
"Gas, Naptha & Diesel",53,71,24,0,29,177,02-11-2018
"RES (Wind, Solar, Biomass & Others)",42,38,128,1,0,209,02-11-2018
Hydro,142,35,86,48,11,322,02-11-2018
Total,867,1419,831,464,46,3626,02-11-2018
Hydro,149,42,78,54,9,333,03-11-2018
Nuclear,24,29,41,0,0,94,03-11-2018
Thermal (Coal & Lignite),593,1257,533,422,5,2810,03-11-2018
"RES (Wind, Solar, Biomass & Others)",42,34,142,1,0,219,03-11-2018
"Gas, Naptha & Diesel",47,52,24,0,29,152,03-11-2018
Total,855,1414,819,477,44,3608,03-11-2018
Thermal (Coal & Lignite),555,1189,514,413,5,2675,04-11-2018
Total,823,1349,816,473,43,3504,04-11-2018
"RES (Wind, Solar, Biomass & Others)",55,41,169,2,0,267,04-11-2018
Hydro,161,42,68,58,9,338,04-11-2018
"Gas, Naptha & Diesel",27,48,25,0,29,130,04-11-2018
Nuclear,24,30,41,0,0,95,04-11-2018
Total,854,1363,857,468,45,3586,05-11-2018
"RES (Wind, Solar, Biomass & Others)",50,45,143,1,0,240,05-11-2018
Nuclear,25,30,41,0,0,95,05-11-2018
Hydro,158,24,88,53,11,335,05-11-2018
Thermal (Coal & Lignite),596,1213,560,413,5,2786,05-11-2018
"Gas, Naptha & Diesel",25,51,25,0,29,131,05-11-2018
Thermal (Coal & Lignite),592,1178,548,413,5,2735,06-11-2018
"Gas, Naptha & Diesel",30,44,25,0,28,127,06-11-2018
"RES (Wind, Solar, Biomass & Others)",48,54,122,1,0,225,06-11-2018
Total,849,1321,823,457,43,3493,06-11-2018
Nuclear,25,30,41,0,0,95,06-11-2018
Hydro,155,17,87,42,9,311,06-11-2018
Thermal (Coal & Lignite),537,1110,494,392,8,2540,07-11-2018
Hydro,143,9,62,38,9,261,07-11-2018
Nuclear,25,30,41,0,0,96,07-11-2018
"Gas, Naptha & Diesel",24,39,24,0,29,116,07-11-2018
Total,771,1231,763,431,45,3241,07-11-2018
"RES (Wind, Solar, Biomass & Others)",42,43,142,1,0,228,07-11-2018
"RES (Wind, Solar, Biomass & Others)",41,35,142,1,0,219,08-11-2018
Total,704,1165,776,440,46,3131,08-11-2018
Nuclear,25,30,41,0,0,96,08-11-2018
Hydro,148,9,67,42,8,274,08-11-2018
Thermal (Coal & Lignite),477,1054,500,397,8,2436,08-11-2018
"Gas, Naptha & Diesel",14,37,26,0,30,106,08-11-2018
Thermal (Coal & Lignite),504,1098,521,398,9,2530,09-11-2018
Hydro,149,12,88,39,8,295,09-11-2018
Nuclear,25,30,41,0,0,96,09-11-2018
Total,732,1210,816,438,46,3241,09-11-2018
"Gas, Naptha & Diesel",14,38,25,0,29,107,09-11-2018
"RES (Wind, Solar, Biomass & Others)",40,32,140,1,0,213,09-11-2018
Thermal (Coal & Lignite),537,1145,540,390,9,2621,10-11-2018
"Gas, Naptha & Diesel",14,39,25,0,29,108,10-11-2018
"RES (Wind, Solar, Biomass & Others)",41,34,133,1,0,209,10-11-2018
Total,767,1260,827,435,47,3337,10-11-2018
Nuclear,25,31,41,0,0,96,10-11-2018
Hydro,150,11,89,45,8,303,10-11-2018
"Gas, Naptha & Diesel",14,37,25,0,29,106,11-11-2018
"RES (Wind, Solar, Biomass & Others)",42,36,129,1,0,209,11-11-2018
Total,768,1272,805,432,47,3324,11-11-2018
Nuclear,25,31,40,0,0,96,11-11-2018
Hydro,147,14,67,39,8,276,11-11-2018
Thermal (Coal & Lignite),540,1153,542,392,10,2638,11-11-2018
Hydro,141,21,87,44,8,302,13-11-2018
"Gas, Naptha & Diesel",48,40,25,0,30,143,13-11-2018
Total,812,1327,850,444,46,3479,13-11-2018
"RES (Wind, Solar, Biomass & Others)",40,34,122,1,0,197,13-11-2018
Nuclear,25,31,40,0,0,95,13-11-2018
Thermal (Coal & Lignite),558,1201,576,399,8,2743,13-11-2018
Thermal (Coal & Lignite),559,1218,589,396,7,2770,14-11-2018
Hydro,138,20,88,43,8,298,14-11-2018
Nuclear,24,31,40,0,0,95,14-11-2018
"Gas, Naptha & Diesel",17,38,25,0,30,111,14-11-2018
"RES (Wind, Solar, Biomass & Others)",48,31,117,1,0,196,14-11-2018
Total,786,1339,858,440,46,3470,14-11-2018
Total,784,1351,855,449,47,3485,15-11-2018
Hydro,140,18,80,46,9,292,15-11-2018
"RES (Wind, Solar, Biomass & Others)",52,60,142,1,0,254,15-11-2018
"Gas, Naptha & Diesel",25,40,24,0,31,120,15-11-2018
Nuclear,24,31,39,0,0,95,15-11-2018
Thermal (Coal & Lignite),543,1203,569,402,8,2725,15-11-2018
Thermal (Coal & Lignite),545,1183,504,425,8,2665,16-11-2018
Hydro,145,18,67,40,8,279,16-11-2018
Nuclear,25,30,39,0,0,94,16-11-2018
"Gas, Naptha & Diesel",23,45,22,0,31,122,16-11-2018
"RES (Wind, Solar, Biomass & Others)",48,64,150,1,0,263,16-11-2018
Total,787,1340,782,466,47,3423,16-11-2018
Total,782,1358,775,469,49,3433,17-11-2018
"Gas, Naptha & Diesel",24,47,23,0,30,123,17-11-2018
Nuclear,25,29,41,0,0,94,17-11-2018
Hydro,132,24,74,44,10,285,17-11-2018
Thermal (Coal & Lignite),554,1225,517,424,9,2728,17-11-2018
"RES (Wind, Solar, Biomass & Others)",48,33,120,1,0,202,17-11-2018
Total,769,1319,765,448,49,3351,18-11-2018
"Gas, Naptha & Diesel",21,43,25,0,31,119,18-11-2018
"RES (Wind, Solar, Biomass & Others)",52,29,126,1,0,208,18-11-2018
Hydro,130,21,57,36,10,255,18-11-2018
Thermal (Coal & Lignite),541,1208,512,411,8,2680,18-11-2018
Nuclear,25,19,46,0,0,89,18-11-2018
Total,784,1353,793,458,47,3435,19-11-2018
"RES (Wind, Solar, Biomass & Others)",60,31,121,1,0,213,19-11-2018
"Gas, Naptha & Diesel",24,41,23,0,30,118,19-11-2018
Nuclear,25,19,40,0,0,83,19-11-2018
Hydro,129,27,69,38,8,272,19-11-2018
Thermal (Coal & Lignite),546,1235,540,420,9,2750,19-11-2018
Nuclear,24,18,39,0,0,81,20-11-2018
Total,793,1346,789,456,48,3432,20-11-2018
"Gas, Naptha & Diesel",29,41,23,0,30,123,20-11-2018
"RES (Wind, Solar, Biomass & Others)",72,38,130,1,0,241,20-11-2018
Hydro,129,23,63,36,9,260,20-11-2018
Thermal (Coal & Lignite),539,1227,534,419,10,2728,20-11-2018
Thermal (Coal & Lignite),535,1233,531,442,9,2750,21-11-2018
"Gas, Naptha & Diesel",31,41,23,0,29,125,21-11-2018
"RES (Wind, Solar, Biomass & Others)",63,44,137,1,0,244,21-11-2018
Total,785,1357,790,481,46,3459,21-11-2018
Nuclear,24,17,36,0,0,78,21-11-2018
Hydro,132,22,62,39,8,263,21-11-2018
Thermal (Coal & Lignite),535,1223,506,428,9,2701,22-11-2018
Hydro,126,23,55,37,8,249,22-11-2018
Total,772,1366,765,466,46,3415,22-11-2018
"RES (Wind, Solar, Biomass & Others)",57,61,145,1,0,265,22-11-2018
"Gas, Naptha & Diesel",29,41,23,0,29,122,22-11-2018
Nuclear,25,18,36,0,0,79,22-11-2018
"RES (Wind, Solar, Biomass & Others)",62,82,125,1,0,270,23-11-2018
Total,766,1356,768,453,47,3389,23-11-2018
Nuclear,25,19,36,0,0,79,23-11-2018
Hydro,126,23,63,39,8,259,23-11-2018
Thermal (Coal & Lignite),528,1191,521,413,9,2662,23-11-2018
"Gas, Naptha & Diesel",25,41,24,0,30,119,23-11-2018
"Gas, Naptha & Diesel",32,38,23,0,30,123,24-11-2018
Nuclear,25,19,36,0,0,79,24-11-2018
Hydro,123,22,76,44,9,275,24-11-2018
Thermal (Coal & Lignite),533,1219,515,389,10,2666,24-11-2018
Total,769,1357,772,434,48,3380,24-11-2018
"RES (Wind, Solar, Biomass & Others)",56,59,121,1,0,236,24-11-2018
Total,754,1328,740,420,46,3287,25-11-2018
Thermal (Coal & Lignite),529,1216,494,383,8,2630,25-11-2018
"RES (Wind, Solar, Biomass & Others)",53,38,125,1,0,216,25-11-2018
"Gas, Naptha & Diesel",30,36,23,0,30,119,25-11-2018
Hydro,116,19,62,37,8,243,25-11-2018
Nuclear,25,19,36,0,0,80,25-11-2018
"Gas, Naptha & Diesel",21,38,24,0,30,113,26-11-2018
Total,754,1359,782,429,46,3370,26-11-2018
Hydro,118,22,70,36,8,253,26-11-2018
"RES (Wind, Solar, Biomass & Others)",53,41,143,1,0,237,26-11-2018
Thermal (Coal & Lignite),538,1239,510,393,8,2687,26-11-2018
Nuclear,25,19,36,0,0,80,26-11-2018
Hydro,122,24,63,36,8,253,27-11-2018
Nuclear,25,19,36,0,0,80,27-11-2018
Thermal (Coal & Lignite),538,1228,518,395,9,2688,27-11-2018
"Gas, Naptha & Diesel",33,39,25,0,29,126,27-11-2018
Thermal (Coal & Lignite),538,1214,530,412,10,2704,27-11-2018
Hydro,122,20,60,39,8,249,27-11-2018
Nuclear,25,19,36,0,0,79,27-11-2018
"RES (Wind, Solar, Biomass & Others)",38,52,157,1,0,248,27-11-2018
"Gas, Naptha & Diesel",33,36,26,0,29,124,27-11-2018
"RES (Wind, Solar, Biomass & Others)",65,56,161,1,0,283,27-11-2018
Total,782,1345,814,452,47,3440,27-11-2018
Total,755,1362,800,431,46,3394,27-11-2018
Hydro,119,23,71,45,8,266,29-11-2018
Lignite,23,16,58,0,0,97,29-11-2018
Coal,528,1190,493,409,10,2631,29-11-2018
Total,783,1343,816,455,45,3442,29-11-2018
"RES (Wind, Solar, Biomass & Others)",59,57,132,1,0,249,29-11-2018
"Gas, Naptha & Diesel",30,36,26,0,28,120,29-11-2018
Nuclear,25,19,36,0,0,80,29-11-2018
"RES (Wind, Solar, Biomass & Others)",61,59,137,1,0,257,30-11-2018
Coal,531,1172,496,408,10,2615,30-11-2018
Hydro,120,23,71,37,8,260,30-11-2018
Lignite,24,16,54,0,0,93,30-11-2018
Nuclear,25,19,36,0,0,80,30-11-2018
Total,793,1329,818,445,41,3426,30-11-2018
"Gas, Naptha & Diesel",33,41,24,0,23,120,30-11-2018
Nuclear,25,19,36,0,0,79,01-12-2018
Coal,515,1183,484,409,10,2600,01-12-2018
Lignite,23,16,55,0,0,94,01-12-2018
Hydro,115,27,67,33,8,250,01-12-2018
"RES (Wind, Solar, Biomass & Others)",58,44,147,1,0,251,01-12-2018
Total,765,1327,811,443,42,3388,01-12-2018
"Gas, Naptha & Diesel",29,37,24,0,24,114,01-12-2018
Total,721,1297,766,432,43,3259,02-12-2018
Coal,475,1172,452,406,7,2511,02-12-2018
Lignite,21,16,50,0,0,86,02-12-2018
Hydro,113,18,55,26,7,219,02-12-2018
Nuclear,25,19,36,0,0,80,02-12-2018
"Gas, Naptha & Diesel",26,35,23,0,29,113,02-12-2018
"RES (Wind, Solar, Biomass & Others)",62,37,150,1,0,249,02-12-2018
Total,751,1331,817,435,40,3375,03-12-2018
"Gas, Naptha & Diesel",26,37,23,0,30,116,03-12-2018
"RES (Wind, Solar, Biomass & Others)",62,46,157,1,0,266,03-12-2018
Nuclear,25,19,36,0,0,80,03-12-2018
Hydro,114,25,74,30,7,250,03-12-2018
Lignite,21,15,51,0,0,87,03-12-2018
Coal,503,1189,476,405,4,2576,03-12-2018
Coal,530,1190,493,420,4,2637,04-12-2018
"Gas, Naptha & Diesel",26,37,23,0,29,114,04-12-2018
"RES (Wind, Solar, Biomass & Others)",63,54,136,1,0,254,04-12-2018
Hydro,118,26,72,29,7,252,04-12-2018
Nuclear,25,19,36,0,0,80,04-12-2018
Lignite,18,16,52.03,0,0,86,04-12-2018
Total,781,1341,760,450,40,3372,04-12-2018
Coal,539,1195,514,414,4,2667,05-12-2018
Lignite,20,16,45,0,0,81,05-12-2018
Hydro,119,35,83,27,7,270,05-12-2018
Nuclear,25,19,36,0,0,80,05-12-2018
"Gas, Naptha & Diesel",27,38,22,0,28,116,05-12-2018
"RES (Wind, Solar, Biomass & Others)",59,40,109,0,0,209,05-12-2018
Total,789,1344,809,441,40,3423,05-12-2018
"Gas, Naptha & Diesel",27,37,23,0,28,116,06-12-2018
Total,791,1346,822,446,40,3445,06-12-2018
Hydro,116,31,81,32,7,266,06-12-2018
Lignite,18,16,51,0,0,85,06-12-2018
Coal,541,1210,510,413,4,2679,06-12-2018
"RES (Wind, Solar, Biomass & Others)",61,34,121,1,0,216,06-12-2018
Nuclear,28,19,36,0,0,83,06-12-2018
Hydro,118,25,74,28,7,253,07-12-2018
"RES (Wind, Solar, Biomass & Others)",63,44,132,1,0,240,07-12-2018
"Gas, Naptha & Diesel",26,46,23,0,28,123,07-12-2018
Nuclear,29,19,36,0,0,84,07-12-2018
Lignite,15,15,52,0,0,82,07-12-2018
Coal,527,1191,510,418,6,2651,07-12-2018
Total,779,1339,827,447,42,3434,07-12-2018
Coal,533,1186,500,416,9,2644,08-12-2018
Lignite,19,16,50,0,0,86,08-12-2018
Nuclear,29,19,36,0,0,85,08-12-2018
"Gas, Naptha & Diesel",25,40,23,0,28,117,08-12-2018
"RES (Wind, Solar, Biomass & Others)",63,45,139,1,0,247,08-12-2018
Total,791,1331,825,445,44,3436,08-12-2018
Hydro,121,24,77,29,7,258,08-12-2018
Coal,514,1154,473,410,7,2557,09-12-2018
Lignite,19,16,48,0,0,83,09-12-2018
Hydro,119,22,64,26,7,239,09-12-2018
Nuclear,29,19,36,0,0,85,09-12-2018
"Gas, Naptha & Diesel",26,41,21,0,28,117,09-12-2018
"RES (Wind, Solar, Biomass & Others)",62,46,136,1,0,244,09-12-2018
Total,769,1298,778,437,42,3324,09-12-2018
"Gas, Naptha & Diesel",27,43,22,0,29,121,10-12-2018
Nuclear,29,19,36,0,0,85,10-12-2018
Hydro,115,27,82,27,7,257,10-12-2018
Lignite,19,16,52,0,0,86,10-12-2018
Coal,542,1167,511,410,5,2635,10-12-2018
"RES (Wind, Solar, Biomass & Others)",53,41,118,1,0,213,10-12-2018
Total,785,1312,820,437,42,3396,10-12-2018
Nuclear,29,19,36,0,0,85,11-12-2018
Hydro,124,31,81,29,6,270,11-12-2018
"Gas, Naptha & Diesel",26,42,22,0,29,119,11-12-2018
Lignite,18,17,55.45,0,0,35,11-12-2018
Coal,539,1173,525,418,6,2662,11-12-2018
Total,808,1316,779,448,42,3393,11-12-2018
"RES (Wind, Solar, Biomass & Others)",71,35,115,1,0,222,11-12-2018
Total,790,1309,780,490,45,3413,12-12-2018
"RES (Wind, Solar, Biomass & Others)",72,56,112,1,0,240,12-12-2018
"Gas, Naptha & Diesel",25,41,22,0,29,116,12-12-2018
Lignite,19,16,56,0,0,90,12-12-2018
Coal,522,1133,520,419,9,2604,12-12-2018
Hydro,119,23,79,27,7,255,12-12-2018
Nuclear,29,19,36,0,0,85,12-12-2018
"RES (Wind, Solar, Biomass & Others)",67,85,111,1,0,264,12-12-2018
"Gas, Naptha & Diesel",25,40,24,0,29,118,12-12-2018
Total,782,1316,826,447,45,3415,12-12-2018
Hydro,116,26,90,75,7,315,12-12-2018
Lignite,18,17,56.81,0,0,35,12-12-2018
Coal,530,1149,520,414,9,2622,12-12-2018
Lignite,17,15,52,0,0,84,14-12-2018
Hydro,120,24,61,29,7,241,14-12-2018
Nuclear,29,19,36,0,0,84,14-12-2018
Coal,519,1100,510,414,10,2552,14-12-2018
"Gas, Naptha & Diesel",25,39,23,0,29,116,14-12-2018
Total,780,1319,811,444,46,3400,14-12-2018
"RES (Wind, Solar, Biomass & Others)",70,121,130,1,0,322,14-12-2018
Total,786,1316,796,440,46,3384,15-12-2018
Hydro,125,24,65,32,7,254,15-12-2018
Nuclear,29,19,36,0,0,84,15-12-2018
"Gas, Naptha & Diesel",25,41,23,0,29,119,15-12-2018
Coal,508,1085,466,407,10,2476,15-12-2018
Lignite,17,15,52,0,0,84,15-12-2018
"RES (Wind, Solar, Biomass & Others)",82,132,153,1,0,367,15-12-2018
Coal,515,1063,448,384,8,2418,16-12-2018
Lignite,17,16,53,0,0,86,16-12-2018
Hydro,120,21,55,29,7,232,16-12-2018
Nuclear,29,19,36,0,0,85,16-12-2018
"Gas, Naptha & Diesel",25,38,24,0,29,116,16-12-2018
"RES (Wind, Solar, Biomass & Others)",84,116,121,1,0,321,16-12-2018
Total,790,1273,736,414,45,3258,16-12-2018
Nuclear,27,19,36,0,0,83,17-12-2018
"Gas, Naptha & Diesel",27,41,23,0,29,119,17-12-2018
Hydro,120,29,67,27,7,250,17-12-2018
Lignite,20,17,57,0,0,94,17-12-2018
Total,805,1281,750,417,45,3298,17-12-2018
"RES (Wind, Solar, Biomass & Others)",73,91,119,1,0,283,17-12-2018
Coal,537,1085,449,389,9,2469,17-12-2018
Hydro,119,33,71,26,7,256,18-12-2018
Lignite,22,16,58,0,0,96,18-12-2018
"Gas, Naptha & Diesel",20,39,22,0,29,110,18-12-2018
Coal,549,1099,455,392,8,2502,18-12-2018
"RES (Wind, Solar, Biomass & Others)",60,77,124,1,0,262,18-12-2018
Total,795,1283,766,418,43,3306,18-12-2018
Nuclear,24,19,36,0,0,80,18-12-2018
"Gas, Naptha & Diesel",27,41,23,0,29,121,19-12-2018
Nuclear,24,19,36,0,0,80,19-12-2018
Hydro,121,31,87,35,10,285,19-12-2018
Lignite,21,15,60,0,0,96,19-12-2018
Coal,561,1113,445,399,9,2527,19-12-2018
Total,813,1293,767,435,48,3356,19-12-2018
"RES (Wind, Solar, Biomass & Others)",59,72,115,1,0,247,19-12-2018
Coal,570,1128,457,402,10,2567,20-12-2018
Lignite,21,17,56,0,0,94,20-12-2018
Nuclear,24,19,36,0,0,80,20-12-2018
"Gas, Naptha & Diesel",27,41,23,0,30,120,20-12-2018
"RES (Wind, Solar, Biomass & Others)",57,60,130,1,0,248,20-12-2018
Total,823,1299,789,441,48,3400,20-12-2018
Hydro,124,34,87,37,8,291,20-12-2018
Coal,564,1156,491,422,8,2641,22-12-2018
Hydro,119,32,77,34,7,269,22-12-2018
Nuclear,24,19,36,0,0,79,22-12-2018
"Gas, Naptha & Diesel",26,39,20,0,30,115,22-12-2018
"RES (Wind, Solar, Biomass & Others)",59,44,130,1,0,234,22-12-2018
Total,813,1307,814,457,45,3436,22-12-2018
Lignite,20,17,60,0,0,97,22-12-2018
"RES (Wind, Solar, Biomass & Others)",61,44,149,1,0,255,23-12-2018
Coal,557,1110,452,422,5,2546,23-12-2018
Hydro,112,23,59,25,6,226,23-12-2018
Nuclear,25,19,36,0,0,80,23-12-2018
Total,802,1255,771,448,41,3317,23-12-2018
"Gas, Naptha & Diesel",29,42,19,0,30,119,23-12-2018
Lignite,18,17,56,0,0,91,23-12-2018
Total,807,1291,818,445,41,3403,24-12-2018
"Gas, Naptha & Diesel",28,40,18,0,30,115,24-12-2018
Nuclear,24,19,36,0,0,80,24-12-2018
Hydro,116,28,75,34,7,260,24-12-2018
Lignite,19,14,52,0,0,85,24-12-2018
Coal,549,1121,505,410,5,2588,24-12-2018
"RES (Wind, Solar, Biomass & Others)",72,69,132,1,0,274,24-12-2018
Coal,561,1139,517,398,5,2618,25-12-2018
Total,804,1315,827,436,41,3424,25-12-2018
"RES (Wind, Solar, Biomass & Others)",56,71,131,1,0,259,25-12-2018
"Gas, Naptha & Diesel",26,42,18,0,30,115,25-12-2018
Nuclear,24,19,37,0,0,81,25-12-2018
Hydro,119,32,71,38,7,267,25-12-2018
Lignite,17,13,54,0,0,84,25-12-2018
Coal,587,1130,538,417,4,2676,26-12-2018
Lignite,18,15,56,0,0,89,26-12-2018
Hydro,115,30,90,30,7,272,26-12-2018
Nuclear,25,19,36,0,0,80,26-12-2018
"Gas, Naptha & Diesel",29,42,18,0,30,118,26-12-2018
Total,834,1299,859,447,41,3480,26-12-2018
"RES (Wind, Solar, Biomass & Others)",60,63,121,1,0,244,26-12-2018
"Gas, Naptha & Diesel",31,42,18,0,30,120,27-12-2018
Total,841,1314,857,447,41,3500,27-12-2018
Nuclear,25,18,36,0,0,78,27-12-2018
Hydro,115,27,83,30,7,262,27-12-2018
"RES (Wind, Solar, Biomass & Others)",57,57,117,1,0,232,27-12-2018
Lignite,21,17,55,0,0,93,27-12-2018
Coal,593,1154,548,416,4,2715,27-12-2018
Nuclear,26,18,36,0,0,81,28-12-2018
"RES (Wind, Solar, Biomass & Others)",56,60,131,0,0,247,28-12-2018
Coal,608,1147,548,407,5,2715,28-12-2018
Lignite,24,17,53,0,0,95,28-12-2018
"Gas, Naptha & Diesel",29,41,19,0,30,118,28-12-2018
Hydro,115,30,75,28,7,256,28-12-2018
Total,858,1314,862,436,42,3512,28-12-2018
Lignite,23,17,55,0,0,95,29-12-2018
Coal,594,1116,515,401,5,2631,29-12-2018
Hydro,116,27,73,28,8,251,29-12-2018
Nuclear,19,19,35,0,0,73,29-12-2018
"Gas, Naptha & Diesel",30,41,21,0,29,121,29-12-2018
Total,837,1291,839,430,42,3440,29-12-2018
"RES (Wind, Solar, Biomass & Others)",56,72,140,1,0,269,29-12-2018
Coal,564,1078,463,413,4,2523,30-12-2018
Lignite,21,18,51,0,0,90,30-12-2018
"RES (Wind, Solar, Biomass & Others)",56,74,152,1,0,284,30-12-2018
Total,806,1252,787,439,41,3326,30-12-2018
"Gas, Naptha & Diesel",30,41,21,0,29,122,30-12-2018
Nuclear,19,19,36,0,0,74,30-12-2018
Hydro,116,21,64,25,8,233,30-12-2018
Total,833,1277,809,449,42,3411,31-12-2018
Coal,578,1108,478,418,5,2587,31-12-2018
Nuclear,24,19,36,0,0,80,31-12-2018
Hydro,117,28,71,30,8,254,31-12-2018
"Gas, Naptha & Diesel",32,42,22,0,29,125,31-12-2018
Lignite,22,19,51,0,0,92,31-12-2018
"RES (Wind, Solar, Biomass & Others)",60,61,150,1,0,273,31-12-2018
"Gas, Naptha & Diesel",32,40,21,0,29,122,01-01-2019
"RES (Wind, Solar, Biomass & Others)",60,45,159,1,0,266,01-01-2019
Coal,563,1128,462,424,4,2581,01-01-2019
Lignite,23,20,48,0,0,90,01-01-2019
Total,819,1286,783,447,41,3376,01-01-2019
Nuclear,24,19,32,0,0,75,01-01-2019
Hydro,117,33,62,22,7,241,01-01-2019
Lignite,23,17,54,0,0,94,02-01-2019
Coal,568,1161,452,425,5,2611,02-01-2019
Hydro,112,32,65,31,8,247,02-01-2019
Nuclear,24,20,32,0,0,76,02-01-2019
"Gas, Naptha & Diesel",34,40,20,0,29,124,02-01-2019
"RES (Wind, Solar, Biomass & Others)",54,42,165,1,0,261,02-01-2019
Total,815,1312,788,456,42,3413,02-01-2019
Total,805,1339,818,460,39,3461,03-01-2019
"Gas, Naptha & Diesel",29,41,20,0,25,116,03-01-2019
"RES (Wind, Solar, Biomass & Others)",58,44,155,1,0,258,03-01-2019
Coal,558,1173,477,429,5,2642,03-01-2019
Nuclear,24,29,32,0,0,85,03-01-2019
Lignite,21,19,59,0,0,99,03-01-2019
Hydro,115,32,76,30,9,261,03-01-2019
Hydro,110,29,71,25,8,242,04-01-2019
Total,798,1363,834,447,42,3484,04-01-2019
"RES (Wind, Solar, Biomass & Others)",50,38,177,1,0,267,04-01-2019
"Gas, Naptha & Diesel",33,48,20,0,29,130,04-01-2019
Nuclear,24,31,32,0,0,87,04-01-2019
Lignite,21,19,56,0,0,96,04-01-2019
Coal,560,1199,478,421,5,2663,04-01-2019
Coal,544,1179,492,426,5,2646,05-01-2019
Lignite,20,18,58,0,0,97,05-01-2019
Hydro,107,30,73,21,8,238,05-01-2019
Nuclear,24,31,32,0,0,87,05-01-2019
"Gas, Naptha & Diesel",34,41,19,0,29,123,05-01-2019
"RES (Wind, Solar, Biomass & Others)",57,43,161,1,0,262,05-01-2019
Total,785,1342,836,449,42,3454,05-01-2019
Lignite,18,18,57,0,0,92,06-01-2019
Hydro,107,22,67,21,7,224,06-01-2019
Nuclear,24,31,32,0,0,87,06-01-2019
"Gas, Naptha & Diesel",31,40,20,0,28,119,06-01-2019
"RES (Wind, Solar, Biomass & Others)",67,81,151,1,0,300,06-01-2019
Total,775,1284,801,436,40,3336,06-01-2019
Coal,527,1093,474,415,4,2513,06-01-2019
Total,808,1320,828,447,36,3440,07-01-2019
Coal,559,1122,492,415,5,2593,07-01-2019
"RES (Wind, Solar, Biomass & Others)",63,88,148,1,0,300,07-01-2019
"Gas, Naptha & Diesel",31,42,20,0,24,117,07-01-2019
Hydro,110,22,80,31,8,251,07-01-2019
Nuclear,24,31,32,0,0,87,07-01-2019
Lignite,21,15,56,0,0,92,07-01-2019
Nuclear,24,31,32,0,0,87,08-01-2019
Coal,591,1157,501,428,6,2683,08-01-2019
"Gas, Naptha & Diesel",31,53,20,0,24,129,08-01-2019
Lignite,24,15,52,0,0,91,08-01-2019
Hydro,109,24,76,26,8,242,08-01-2019
Total,836,1341,824,455,38,3493,08-01-2019
"RES (Wind, Solar, Biomass & Others)",57,60,144,1,0,261,08-01-2019
Total,846,1339,806,455,41,3487,09-01-2019
"RES (Wind, Solar, Biomass & Others)",55,56,144,1,0,256,09-01-2019
Lignite,26,15,55,0,0,96,09-01-2019
Coal,598,1154,483,426,8,2669,09-01-2019
"Gas, Naptha & Diesel",33,52,20,0,25,130,09-01-2019
Nuclear,24,31,31,0,0,86,09-01-2019
Hydro,110,30,73,28,8,249,09-01-2019
"RES (Wind, Solar, Biomass & Others)",57,46,157,1,0,260,10-01-2019
Total,840,1341,822,460,45,3509,10-01-2019
"Gas, Naptha & Diesel",37,56,20,0,29,142,10-01-2019
Nuclear,24,31,32,0,0,87,10-01-2019
Hydro,113,31,78,28,8,257,10-01-2019
Coal,584,1163,483,431,9,2670,10-01-2019
Lignite,25,14,53,0,0,92,10-01-2019
Total,824,1357,837,468,46,3532,11-01-2019
Lignite,28,16,55,0,0,99,11-01-2019
Hydro,112,26,77,30,7,253,11-01-2019
Nuclear,24,31,31,0,0,86,11-01-2019
"Gas, Naptha & Diesel",35,48,19,0,29,130,11-01-2019
"RES (Wind, Solar, Biomass & Others)",52,42,155,1,0,250,11-01-2019
Coal,575,1194,498,437,10,2714,11-01-2019
Total,811,1341,837,475,47,3511,12-01-2019
"RES (Wind, Solar, Biomass & Others)",53,44,152,1,0,250,12-01-2019
Coal,564,1179,501,446,9,2698,12-01-2019
"Gas, Naptha & Diesel",32,46,20,0,30,128,12-01-2019
Nuclear,24,31,32,0,0,87,12-01-2019
Hydro,111,24,78,28,8,249,12-01-2019
Lignite,27,17,55,0,0,99,12-01-2019
"Gas, Naptha & Diesel",30,41,20,0,30,122,13-01-2019
"RES (Wind, Solar, Biomass & Others)",64,66,159,0,0,289,13-01-2019
Total,799,1299,788,439,46,3371,13-01-2019
Hydro,108,20,62,21,7,218,13-01-2019
Lignite,22,15,57,0,0,94,13-01-2019
Coal,550,1125,459,418,9,2562,13-01-2019
Nuclear,24,31,31,0,0,87,13-01-2019
"Gas, Naptha & Diesel",29,39,20,0,30,119,14-01-2019
"RES (Wind, Solar, Biomass & Others)",72,93,163,1,0,329,14-01-2019
Nuclear,24,31,31,0,0,87,14-01-2019
Hydro,111,25,66,23,8,232,14-01-2019
Lignite,20,14,52,0,0,87,14-01-2019
Coal,547,1062,456,423,8,2496,14-01-2019
Total,803,1264,789,447,46,3348,14-01-2019
Nuclear,24,31,31,0,0,86,15-01-2019
Total,815,1287,761,453,46,3363,15-01-2019
"RES (Wind, Solar, Biomass & Others)",57,62,153,1,0,272,15-01-2019
"Gas, Naptha & Diesel",31,41,20,0,30,122,15-01-2019
Coal,574,1111,451,423,9,2567,15-01-2019
Hydro,111,28,60,29,7,236,15-01-2019
Lignite,20,15,46,0,0,80,15-01-2019
Hydro,114,29,62,28,7,241,16-01-2019
Nuclear,24,31,31,0,0,86,16-01-2019
Coal,579,1162,447,430,8,2626,16-01-2019
"RES (Wind, Solar, Biomass & Others)",50,39,149,1,0,240,16-01-2019
Total,821,1319,758,459,46,3403,16-01-2019
"Gas, Naptha & Diesel",31,42,20,0,30,123,16-01-2019
Lignite,23,17,48,0,0,88,16-01-2019
Coal,588,1167,456,421,6,2637,17-01-2019
Lignite,22,19,51,0,0,91,17-01-2019
Hydro,112,26,69,30,8,245,17-01-2019
"RES (Wind, Solar, Biomass & Others)",66,44,147,1,0,258,17-01-2019
Total,842,1330,773,452,44,3441,17-01-2019
Nuclear,24,31,32,0,0,87,17-01-2019
"Gas, Naptha & Diesel",30,42,20,0,30,123,17-01-2019
Lignite,22,20,56,0,0,98,18-01-2019
Hydro,114,24,74,30,7,249,18-01-2019
Nuclear,24,31,32,0,0,87,18-01-2019
"Gas, Naptha & Diesel",32,44,17,0,30,124,18-01-2019
"RES (Wind, Solar, Biomass & Others)",61,46,154,1,0,262,18-01-2019
Total,843,1344,810,458,44,3499,18-01-2019
Coal,589,1180,477,427,7,2679,18-01-2019
Total,827,1329,807,467,46,3475,19-01-2019
Coal,589,1167,473,437,9,2675,19-01-2019
Lignite,22,19,60,0,0,101,19-01-2019
Hydro,113,25,75,29,7,248,19-01-2019
Nuclear,24,31,32,0,0,87,19-01-2019
"Gas, Naptha & Diesel",27,43,18,0,30,117,19-01-2019
"RES (Wind, Solar, Biomass & Others)",52,45,149,1,0,247,19-01-2019
"Gas, Naptha & Diesel",28,41,18,0,30,117,20-01-2019
Nuclear,24,31,32,0,0,87,20-01-2019
"RES (Wind, Solar, Biomass & Others)",61,42,161,1,0,265,20-01-2019
Total,785,1303,781,451,45,3366,20-01-2019
Lignite,19,19,58,0,0,96,20-01-2019
Hydro,115,19,61,21,7,224,20-01-2019
Coal,538,1151,451,429,9,2578,20-01-2019
Total,755,1327,809,434,45,3370,21-01-2019
"RES (Wind, Solar, Biomass & Others)",58,71,160,1,0,291,21-01-2019
"Gas, Naptha & Diesel",26,42,18,0,29,115,21-01-2019
Nuclear,24,29,32,0,0,85,21-01-2019
Lignite,17,19,53,0,0,88,21-01-2019
Coal,515,1143,471,409,9,2548,21-01-2019
Hydro,115,23,75,24,7,243,21-01-2019
"Gas, Naptha & Diesel",27,43,18,0,28,116,22-01-2019
Lignite,18,17,54,0,0,89,22-01-2019
Coal,467,1144,501,417,10,2539,22-01-2019
Hydro,120,27,79,28,7,261,22-01-2019
Nuclear,24,28,32,0,0,83,22-01-2019
"RES (Wind, Solar, Biomass & Others)",46,54,138,1,0,238,22-01-2019
Total,702,1312,822,445,45,3326,22-01-2019
Coal,515,1182,509,438,9,2654,23-01-2019
Lignite,19,15,55,0,0,89,23-01-2019
"RES (Wind, Solar, Biomass & Others)",50,47,131,1,0,230,23-01-2019
"Gas, Naptha & Diesel",29,43,18,0,27,118,23-01-2019
Nuclear,24,28,32,0,0,83,23-01-2019
Hydro,115,25,80,29,7,257,23-01-2019
Total,753,1341,825,468,44,3430,23-01-2019
Lignite,17,13,55,0,0,85,24-01-2019
Nuclear,24,28,32,0,0,83,24-01-2019
"Gas, Naptha & Diesel",30,34,18,0,26,108,24-01-2019
"RES (Wind, Solar, Biomass & Others)",68,81,132,1,0,283,24-01-2019
Total,772,1323,829,448,44,3416,24-01-2019
Coal,523,1141,513,428,9,2614,24-01-2019
Hydro,110,26,79,20,8,243,24-01-2019
Total,747,1268,828,456,43,3342,25-01-2019
Nuclear,24,26,32,0,0,82,25-01-2019
"Gas, Naptha & Diesel",34,35,19,0,26,114,25-01-2019
Hydro,111,21,82,25,8,247,25-01-2019
Lignite,18,15,51,0,0,84,25-01-2019
Coal,509,1087,528,430,9,2564,25-01-2019
"RES (Wind, Solar, Biomass & Others)",51,83,117,1,0,251,25-01-2019
Coal,480,1032,451,408,8,2378,26-01-2019
Total,717,1214,746,441,42,3160,26-01-2019
"RES (Wind, Solar, Biomass & Others)",62,105,103,1,0,271,26-01-2019
"Gas, Naptha & Diesel",30,33,19,0,27,110,26-01-2019
Nuclear,24,28,32,0,0,84,26-01-2019
Hydro,112,19,66,25,8,230,26-01-2019
Lignite,18,16,50,0,0,84,26-01-2019
Coal,470,1013,474,416,7,2380,26-01-2019
Lignite,18,15,53,0,0,85,26-01-2019
Hydro,115,20,64,22,8,229,26-01-2019
Nuclear,24,29,32,0,0,85,26-01-2019
"Gas, Naptha & Diesel",26,34,19,0,27,106,26-01-2019
"RES (Wind, Solar, Biomass & Others)",61,111,102,1,0,274,26-01-2019
Total,724,1241,718,431,43,3156,26-01-2019
"RES (Wind, Solar, Biomass & Others)",60,108,121,1,0,290,28-01-2019
Hydro,118,23,75,23,7,247,28-01-2019
Nuclear,24,29,32,0,0,85,28-01-2019
"Gas, Naptha & Diesel",30,35,19,0,27,111,28-01-2019
Lignite,22,14,50,0,0,86,28-01-2019
Coal,523,1095,460,425,9,2511,28-01-2019
Total,777,1305,756,449,43,3330,28-01-2019
Total,784,1315,780,462,42,3383,29-01-2019
"RES (Wind, Solar, Biomass & Others)",56,83,142,1,0,283,29-01-2019
"Gas, Naptha & Diesel",27,36,18,0,26,107,29-01-2019
Nuclear,24,30,32,0,0,85,29-01-2019
Coal,538,1126,473,435,9,2581,29-01-2019
Hydro,117,26,68,27,7,245,29-01-2019
Lignite,20,15,47,0,0,82,29-01-2019
Total,793,1321,809,470,43,3437,30-01-2019
"RES (Wind, Solar, Biomass & Others)",59,50,169,1,0,279,30-01-2019
"Gas, Naptha & Diesel",29,36,19,0,27,111,30-01-2019
Nuclear,24,30,32,0,0,86,30-01-2019
Hydro,119,25,66,20,7,238,30-01-2019
Lignite,20,16,44,0,0,80,30-01-2019
Coal,543,1164,480,449,9,2644,30-01-2019
"RES (Wind, Solar, Biomass & Others)",65,44,173,1,0,282,31-01-2019
Total,785,1314,823,460,43,3425,31-01-2019
"Gas, Naptha & Diesel",26,36,16,0,28,106,31-01-2019
Nuclear,24,30,33,0,0,87,31-01-2019
Hydro,119,26,70,18,7,239,31-01-2019
Lignite,18,15,44,0,0,77,31-01-2019
Coal,534,1163,488,441,8,2634,31-01-2019
"RES (Wind, Solar, Biomass & Others)",74,94,152,1,0,321,01-02-2019
Total,777,1321,816,461,44,3419,01-02-2019
Coal,530,1119,492,435,9,2586,01-02-2019
Hydro,118,27,77,25,7,254,01-02-2019
Nuclear,22,31,33,0,0,86,01-02-2019
"Gas, Naptha & Diesel",19,36,18,0,28,102,01-02-2019
Lignite,14,15,43,0,0,71,01-02-2019
Hydro,114,27,75,25,6,246,02-02-2019
Nuclear,19,31,34,0,0,84,02-02-2019
Coal,533,1108,477,440,9,2567,02-02-2019
"Gas, Naptha & Diesel",24,36,19,0,28,106,02-02-2019
"RES (Wind, Solar, Biomass & Others)",70,105,151,1,0,327,02-02-2019
Total,775,1322,805,465,42,3409,02-02-2019
Lignite,15,15,48,0,0,78,02-02-2019
Coal,506,1090,448,433,9,2485,03-02-2019
Lignite,17,15,46,0,0,78,03-02-2019
Hydro,116,24,58,24,5,227,03-02-2019
Total,751,1289,776,458,41,3315,03-02-2019
Nuclear,19,31,36,0,0,86,03-02-2019
"Gas, Naptha & Diesel",24,35,18,0,27,104,03-02-2019
"RES (Wind, Solar, Biomass & Others)",70,94,170,1,0,335,03-02-2019
Total,759,1304,834,461,43,3401,04-02-2019
"Gas, Naptha & Diesel",20,36,19,0,27,102,04-02-2019
Nuclear,16,31,36,0,0,83,04-02-2019
Hydro,114,26,72,29,6,247,04-02-2019
Lignite,19,15,48,0,0,81,04-02-2019
Coal,522,1124,464,430,10,2549,04-02-2019
"RES (Wind, Solar, Biomass & Others)",68,73,197,1,0,339,04-02-2019
Total,774,1358,849,474,41,3495,05-02-2019
"RES (Wind, Solar, Biomass & Others)",59,55,173,1,0,288,05-02-2019
Coal,544,1187,491,452,9,2683,05-02-2019
Lignite,17,16,50,0,0,82,05-02-2019
Hydro,111,33,81,21,5,251,05-02-2019
"Gas, Naptha & Diesel",20,36,18,0,26,101,05-02-2019
Nuclear,23,31,36,0,0,90,05-02-2019
Hydro,108,29,82,22,5,247,06-02-2019
Nuclear,22,31,35,0,0,88,06-02-2019
"Gas, Naptha & Diesel",20,35,18,0,26,100,06-02-2019
"RES (Wind, Solar, Biomass & Others)",70,76,159,1,0,305,06-02-2019
Total,758,1359,856,482,41,3495,06-02-2019
Lignite,13,16,53,0,0,81,06-02-2019
Coal,525,1172,509,458,9,2673,06-02-2019
Coal,479,1092,521,460,8,2560,07-02-2019
Hydro,102,20,79,17,5,223,07-02-2019
Nuclear,18,31,31,0,0,81,07-02-2019
"Gas, Naptha & Diesel",19,35,18,0,27,99,07-02-2019
"RES (Wind, Solar, Biomass & Others)",65,108,145,1,0,318,07-02-2019
Total,694,1301,851,478,40,3363,07-02-2019
Lignite,11,15,57,0,0,82,07-02-2019
Hydro,116,22,81,24,5,248,08-02-2019
Coal,478,1141,544,430,9,2603,08-02-2019
Lignite,13,17,57,0,0,86,08-02-2019
Nuclear,19,31,26,0,0,76,08-02-2019
Total,706,1309,860,455,40,3370,08-02-2019
"RES (Wind, Solar, Biomass & Others)",64,62,133,1,0,260,08-02-2019
"Gas, Naptha & Diesel",17,36,18,0,27,98,08-02-2019
Coal,504,1123,540,434,8,2610,09-02-2019
Lignite,13,17,55,0,0,84,09-02-2019
Hydro,117,23,68,26,5,240,09-02-2019
Nuclear,19,31,14,0,0,64,09-02-2019
"Gas, Naptha & Diesel",18,33,18,0,26,94,09-02-2019
"RES (Wind, Solar, Biomass & Others)",60,80,137,1,0,278,09-02-2019
Total,730,1307,832,461,39,3369,09-02-2019
Total,724,1278,796,462,39,3298,10-02-2019
Coal,501,1099,505,439,8,2551,10-02-2019
"RES (Wind, Solar, Biomass & Others)",57,76,149,1,0,282,10-02-2019
Lignite,15,17,51,0,0,83,10-02-2019
Hydro,113,23,60,22,4,223,10-02-2019
Nuclear,19,31,14,0,0,64,10-02-2019
"Gas, Naptha & Diesel",19,32,18,0,26,95,10-02-2019
"RES (Wind, Solar, Biomass & Others)",69,82,179,1,0,332,11-02-2019
"Gas, Naptha & Diesel",22,34,17,0,21,93,11-02-2019
Nuclear,19,31,29,0,0,79,11-02-2019
Hydro,117,26,63,25,4,235,11-02-2019
Lignite,15,18,48,0,0,80,11-02-2019
Coal,501,1128,494,446,8,2577,11-02-2019
Total,743,1319,829,472,33,3396,11-02-2019
Hydro,108,25,58,29,3,224,12-02-2019
Coal,506,1154,486,452,8,2607,12-02-2019
Nuclear,19,31,36,0,0,86,12-02-2019
Lignite,19,17,47,0,0,82,12-02-2019
"Gas, Naptha & Diesel",24,33,17,0,24,98,12-02-2019
"RES (Wind, Solar, Biomass & Others)",78,74,212,1,0,365,12-02-2019
Total,753,1334,856,483,36,3461,12-02-2019
"RES (Wind, Solar, Biomass & Others)",74,64,196,1,0,335,13-02-2019
Total,761,1348,866,489,40,3503,13-02-2019
Coal,505,1175,499,465,9,2653,13-02-2019
Lignite,20,18,53,0,0,91,13-02-2019
Nuclear,14,31,36,0,0,81,13-02-2019
Hydro,121,26,64,23,3,238,13-02-2019
"Gas, Naptha & Diesel",26,33,18,0,28,105,13-02-2019
"RES (Wind, Solar, Biomass & Others)",62,60,176,1,0,299,14-02-2019
Hydro,118,28,73,23,3,246,14-02-2019
Total,730,1332,874,498,40,3474,14-02-2019
Coal,487,1161,516,473,9,2646,14-02-2019
Nuclear,13,31,36,0,0,80,14-02-2019
"Gas, Naptha & Diesel",29,34,17,0,28,108,14-02-2019
Lignite,20,18,57,0,0,95,14-02-2019
Lignite,19,17,62,0,0,97,15-02-2019
Coal,492,1102,533,464,9,2599,15-02-2019
Nuclear,9,31,36,0,0,76,15-02-2019
"Gas, Naptha & Diesel",29,33,18,0,29,109,15-02-2019
"RES (Wind, Solar, Biomass & Others)",60,64,144,1,0,269,15-02-2019
Total,742,1265,883,493,41,3424,15-02-2019
Hydro,133,18,90,28,3,272,15-02-2019
Total,761,1279,865,465,39,3409,16-02-2019
"RES (Wind, Solar, Biomass & Others)",64,69,145,1,0,278,16-02-2019
"Gas, Naptha & Diesel",25,30,18,0,28,102,16-02-2019
Coal,488,1114,538,438,8,2586,16-02-2019
Lignite,20,17,54,0,0,91,16-02-2019
Nuclear,24,31,36,0,0,91,16-02-2019
Hydro,141,17,75,26,3,261,16-02-2019
Coal,468,1137,523,414,7,2549,17-02-2019
Nuclear,24,31,36,0,0,91,17-02-2019
Hydro,144,17,56,25,3,245,17-02-2019
"Gas, Naptha & Diesel",25,30,18,0,28,101,17-02-2019
Lignite,17,16,58,0,0,91,17-02-2019
"RES (Wind, Solar, Biomass & Others)",69,43,164,1,0,277,17-02-2019
Total,747,1275,854,440,38,3354,17-02-2019
Coal,464,1136,552,418,8,2578,18-02-2019
Lignite,18,16,55,0,0,89,18-02-2019
Hydro,131,25,65,31,3,255,18-02-2019
"Gas, Naptha & Diesel",26,41,18,0,28,113,18-02-2019
Nuclear,24,31,36,0,0,91,18-02-2019
Total,745,1312,877,449,39,3423,18-02-2019
"RES (Wind, Solar, Biomass & Others)",81,63,152,1,0,297,18-02-2019
Nuclear,24,31,36,0,0,91,19-02-2019
"Gas, Naptha & Diesel",26,41,18,0,29,113,19-02-2019
Hydro,126,27,87,31,3,275,19-02-2019
Lignite,21,15,55,0,0,91,19-02-2019
Coal,479,1181,583,443,8,2694,19-02-2019
"RES (Wind, Solar, Biomass & Others)",66,48,141,1,0,256,19-02-2019
Total,742,1342,919,475,41,3519,19-02-2019
Total,753,1364,918,452,38,3525,20-02-2019
"Gas, Naptha & Diesel",24,39,18,0,29,111,20-02-2019
Nuclear,24,31,36,0,0,90,20-02-2019
Hydro,129,25,75,29,3,261,20-02-2019
Lignite,22,12,56,0,0,91,20-02-2019
Coal,493,1206,546,423,5,2673,20-02-2019
"RES (Wind, Solar, Biomass & Others)",60,52,187,1,0,299,20-02-2019
Coal,471,1219,534,442,8,2674,21-02-2019
Lignite,22,14,54,0,0,90,21-02-2019
Hydro,153,26,79,28,3,288,21-02-2019
Nuclear,23,31,35,0,0,90,21-02-2019
"Gas, Naptha & Diesel",19,40,18,0,29,106,21-02-2019
"RES (Wind, Solar, Biomass & Others)",58,59,189,1,0,307,21-02-2019
Total,746,1389,910,471,40,3555,21-02-2019
Hydro,170,37,72,27,3,309,22-02-2019
Coal,465,1209,522,458,10,2664,22-02-2019
Lignite,20,16,53,0,0,89,22-02-2019
Total,765,1393,897,486,42,3583,22-02-2019
Nuclear,23,31,38,0,0,93,22-02-2019
"Gas, Naptha & Diesel",22,41,19,0,29,111,22-02-2019
"RES (Wind, Solar, Biomass & Others)",64,59,193,1,0,317,22-02-2019
"Gas, Naptha & Diesel",21,41,19,0,30,110,23-02-2019
Lignite,20,17,48,0,0,86,23-02-2019
Nuclear,24,31,41,0,0,96,23-02-2019
Coal,456,1202,529,468,9,2663,23-02-2019
"RES (Wind, Solar, Biomass & Others)",66,72,180,1,0,319,23-02-2019
Hydro,167,27,73,27,3,296,23-02-2019
Total,753,1390,889,496,42,3570,23-02-2019
Total,747,1336,853,486,40,3462,24-02-2019
"RES (Wind, Solar, Biomass & Others)",65,67,162,1,0,295,24-02-2019
"Gas, Naptha & Diesel",23,41,19,0,29,111,24-02-2019
Nuclear,26,31,40,0,0,97,24-02-2019
Hydro,159,21,73,28,3,283,24-02-2019
Lignite,19,19,41,0,0,79,24-02-2019
Coal,454,1158,519,458,8,2596,24-02-2019
"RES (Wind, Solar, Biomass & Others)",65,77,145,1,0,288,25-02-2019
"Gas, Naptha & Diesel",19,38,18,0,29,105,25-02-2019
Nuclear,27,31,39,0,0,97,25-02-2019
Coal,467,1185,554,441,8,2656,25-02-2019
Hydro,152,24,82,28,3,290,25-02-2019
Lignite,20,19,51,0,0,90,25-02-2019
Total,750,1374,891,470,41,3526,25-02-2019
Hydro,145,24,80,30,3,282,26-02-2019
Lignite,19,16,45,0,0,80,26-02-2019
Total,729,1392,914,468,41,3544,26-02-2019
"RES (Wind, Solar, Biomass & Others)",66,87,154,1,0,308,26-02-2019
"Gas, Naptha & Diesel",21,38,18,0,30,107,26-02-2019
Nuclear,27,31,40,0,0,98,26-02-2019
Coal,451,1196,577,437,8,2669,26-02-2019
Lignite,18,16,48,0,0,82,27-02-2019
Hydro,144,22,75,28,3,272,27-02-2019
Coal,436,1171,596,434,7,2644,27-02-2019
"RES (Wind, Solar, Biomass & Others)",68,76,150,1,0,295,27-02-2019
"Gas, Naptha & Diesel",20,37,18,0,30,105,27-02-2019
Total,713,1354,927,462,40,3495,27-02-2019
Nuclear,27,31,39,0,0,97,27-02-2019
Coal,436,1171,584,436,7,2634,28-02-2019
Hydro,144,22,79,28,3,276,28-02-2019
Nuclear,27,31,36,0,0,93,28-02-2019
Total,713,1354,926,465,39,3495,28-02-2019
"Gas, Naptha & Diesel",20,37,18,0,28,104,28-02-2019
"RES (Wind, Solar, Biomass & Others)",68,76,162,1,0,307,28-02-2019
Lignite,18,16,47,0,0,81,28-02-2019
Lignite,19,16,51,0,0,87,01-03-2019
"Gas, Naptha & Diesel",21,40,19,0,30,110,01-03-2019
"RES (Wind, Solar, Biomass & Others)",70,65,153,1,0,289,01-03-2019
Total,758,1380,932,455,41,3566,01-03-2019
Hydro,144,27,76,30,3,280,01-03-2019
Coal,477,1201,598,424,8,2707,01-03-2019
Nuclear,27,31,35,0,0,94,01-03-2019
Hydro,144,27,66,26,4,267,02-03-2019
Lignite,18,18,44,0,0,80,02-03-2019
Coal,462,1178,570,428,8,2646,02-03-2019
"Gas, Naptha & Diesel",17,39,18,0,31,105,02-03-2019
"RES (Wind, Solar, Biomass & Others)",67,95,177,1,0,341,02-03-2019
Total,736,1388,912,455,42,3533,02-03-2019
Nuclear,27,31,36,0,0,94,02-03-2019
Coal,403,1155,564,434,7,2564,03-03-2019
Hydro,142,23,59,25,4,253,03-03-2019
Lignite,16,17,46,0,0,80,03-03-2019
Total,672,1328,861,460,41,3362,03-03-2019
"Gas, Naptha & Diesel",18,39,18,0,30,105,03-03-2019
Nuclear,28,31,36,0,0,95,03-03-2019
"RES (Wind, Solar, Biomass & Others)",65,63,137,1,0,265,03-03-2019
Lignite,19,18,56,0,0,93,04-03-2019
"Gas, Naptha & Diesel",17,39,17,0,28,102,04-03-2019
Nuclear,29,31,36,0,0,96,04-03-2019
Hydro,144,27,67,24,4,266,04-03-2019
Coal,434,1168,598,441,7,2647,04-03-2019
Total,705,1362,915,466,39,3488,04-03-2019
"RES (Wind, Solar, Biomass & Others)",63,79,141,1,0,284,04-03-2019
"RES (Wind, Solar, Biomass & Others)",58,74,166,1,0,300,05-03-2019
Lignite,19,18,57,0,0,94,05-03-2019
Coal,453,1209,597,451,8,2718,05-03-2019
Hydro,144,30,62,32,4,272,05-03-2019
"Gas, Naptha & Diesel",18,41,17,0,28,105,05-03-2019
Total,720,1404,936,484,40,3584,05-03-2019
Nuclear,28,31,36,0,0,95,05-03-2019
Nuclear,28,30,35,0,0,93,06-03-2019
"RES (Wind, Solar, Biomass & Others)",61,57,171,1,0,290,06-03-2019
Total,743,1373,939,486,39,3580,06-03-2019
"Gas, Naptha & Diesel",18,41,17,0,27,102,06-03-2019
Hydro,142,31,62,33,4,272,06-03-2019
Lignite,17,18,61,0,0,95,06-03-2019
Coal,477,1196,594,452,8,2727,06-03-2019
Coal,496,1222,602,466,9,2795,07-03-2019
Lignite,23,18,60,0,0,101,07-03-2019
Hydro,141,31,74,32,4,281,07-03-2019
Total,770,1400,946,499,36,3651,07-03-2019
"Gas, Naptha & Diesel",21,44,16,0,23,104,07-03-2019
Nuclear,28,31,31,0,0,90,07-03-2019
"RES (Wind, Solar, Biomass & Others)",61,53,163,1,0,278,07-03-2019
Coal,496,1220,604,460,8,2789,08-03-2019
Total,783,1404,942,492,35,3657,08-03-2019
Lignite,17,19,51,0,0,86,08-03-2019
"RES (Wind, Solar, Biomass & Others)",86,62,156,1,0,305,08-03-2019
"Gas, Naptha & Diesel",22,43,16,0,23,103,08-03-2019
Nuclear,28,31,32,0,0,91,08-03-2019
Hydro,134,30,83,31,4,283,08-03-2019
Lignite,20,18,46,0,0,85,09-03-2019
Hydro,137,27,82,35,4,285,09-03-2019
"RES (Wind, Solar, Biomass & Others)",75,79,142,1,0,296,09-03-2019
Total,770,1400,924,500,33,3628,09-03-2019
Nuclear,28,31,31,0,0,90,09-03-2019
"Gas, Naptha & Diesel",21,40,16,0,20,96,09-03-2019
Coal,489,1204,608,464,10,2775,09-03-2019
"RES (Wind, Solar, Biomass & Others)",71,68,140,1,0,280,10-03-2019
Coal,470,1189,594,466,8,2726,10-03-2019
Hydro,136,21,63,27,4,250,10-03-2019
Nuclear,28,31,31,0,0,90,10-03-2019
"Gas, Naptha & Diesel",22,41,17,0,29,109,10-03-2019
Total,747,1367,886,494,41,3536,10-03-2019
Lignite,20,18,41,0,0,79,10-03-2019
Nuclear,28,31,33,0,0,91,11-03-2019
Hydro,140,25,73,35,4,277,11-03-2019
Lignite,26,18,48,0,0,92,11-03-2019
Coal,484,1209,607,488,10,2797,11-03-2019
"RES (Wind, Solar, Biomass & Others)",68,75,152,1,0,297,11-03-2019
Total,770,1401,930,524,43,3668,11-03-2019
"Gas, Naptha & Diesel",25,42,16,0,29,113,11-03-2019
Coal,486,1230,609,482,9,2817,12-03-2019
"Gas, Naptha & Diesel",26,43,15,0,30,114,12-03-2019
"RES (Wind, Solar, Biomass & Others)",67,74,159,1,0,301,12-03-2019
Nuclear,28,31,31,0,0,90,12-03-2019
Hydro,143,27,71,33,3,276,12-03-2019
Lignite,28,18,58,0,0,104,12-03-2019
Total,777,1423,944,516,42,3702,12-03-2019
Nuclear,20,31,31,0,0,82,13-03-2019
Hydro,145,24,72,39,4,283,13-03-2019
"RES (Wind, Solar, Biomass & Others)",64,73,163,1,0,301,13-03-2019
Coal,499,1228,605,480,9,2821,13-03-2019
Total,780,1416,944,521,42,3702,13-03-2019
"Gas, Naptha & Diesel",26,42,17,0,29,114,13-03-2019
Lignite,26,17,57,0,0,101,13-03-2019
"RES (Wind, Solar, Biomass & Others)",68,73,170,1,0,311,14-03-2019
Hydro,141,24,71,36,3,276,14-03-2019
Nuclear,28,31,30,0,0,89,14-03-2019
Coal,478,1209,618,483,10,2797,14-03-2019
Total,764,1397,952,520,42,3675,14-03-2019
"Gas, Naptha & Diesel",26,42,17,0,29,114,14-03-2019
Lignite,23,18,46,0,0,87,14-03-2019
Nuclear,28,31,31,0,0,90,15-03-2019
"Gas, Naptha & Diesel",29,42,17,0,28,116,15-03-2019
Total,768,1406,947,504,42,3666,15-03-2019
"RES (Wind, Solar, Biomass & Others)",70,93,174,1,0,337,15-03-2019
Coal,472,1194,606,462,10,2744,15-03-2019
Lignite,23,17,49,0,0,88,15-03-2019
Hydro,146,30,70,40,3,290,15-03-2019
"Gas, Naptha & Diesel",31,38,17,0,28,115,16-03-2019
Coal,466,1213,601,462,9,2750,16-03-2019
"RES (Wind, Solar, Biomass & Others)",69,98,182,1,0,350,16-03-2019
Lignite,27,16,38,0,0,82,16-03-2019
Hydro,145,25,69,35,4,279,16-03-2019
Nuclear,28,31,32,0,0,91,16-03-2019
Total,766,1422,939,498,40,3667,16-03-2019
"RES (Wind, Solar, Biomass & Others)",67,78,162,1,0,308,17-03-2019
"Gas, Naptha & Diesel",23,40,17,0,29,110,17-03-2019
Nuclear,29,31,32,0,0,91,17-03-2019
Hydro,139,22,60,36,3,260,17-03-2019
Lignite,25,17,45,0,0,87,17-03-2019
Total,741,1398,893,471,41,3544,17-03-2019
Coal,458,1209,577,435,8,2688,17-03-2019
Hydro,138,30,79,28,3,278,18-03-2019
Total,763,1433,943,474,41,3653,18-03-2019
"RES (Wind, Solar, Biomass & Others)",56,68,156,1,0,281,18-03-2019
"Gas, Naptha & Diesel",34,41,17,0,29,122,18-03-2019
Nuclear,23,31,31,0,0,86,18-03-2019
Lignite,27,17,39,0,0,83,18-03-2019
Coal,484,1246,619,445,8,2803,18-03-2019
Total,769,1463,965,506,40,3742,19-03-2019
"RES (Wind, Solar, Biomass & Others)",78,68,151,1,0,299,19-03-2019
Lignite,23,18,39,0,0,81,19-03-2019
Hydro,146,31,86,35,3,301,19-03-2019
"Gas, Naptha & Diesel",29,41,17,0,30,117,19-03-2019
Coal,470,1273,640,469,8,2860,19-03-2019
Nuclear,23,31,32,0,0,85,19-03-2019
Lignite,24,19,52,0,0,94,20-03-2019
Total,793,1433,970,502,40,3738,20-03-2019
"Gas, Naptha & Diesel",28,41,16,0,29,114,20-03-2019
"RES (Wind, Solar, Biomass & Others)",71,82,146,1,0,300,20-03-2019
Coal,496,1235,645,465,8,2848,20-03-2019
Hydro,152,27,79,35,3,296,20-03-2019
Nuclear,23,30,32,0,0,85,20-03-2019
"Gas, Naptha & Diesel",17,34,17,0,30,97,21-03-2019
Lignite,17,16,52,0,0,85,21-03-2019
Coal,405,1074,606,418,7,2511,21-03-2019
"RES (Wind, Solar, Biomass & Others)",78,73,148,1,0,300,21-03-2019
Total,697,1250,922,449,40,3358,21-03-2019
Nuclear,22,31,32,0,0,85,21-03-2019
Hydro,157,22,68,30,4,280,21-03-2019
Coal,419,1132,633,447,7,2637,22-03-2019
Lignite,21,14,54,0,0,89,22-03-2019
Hydro,146,29,77,30,4,286,22-03-2019
Nuclear,23,31,32,0,0,86,22-03-2019
"Gas, Naptha & Diesel",21,37,16,0,30,105,22-03-2019
"RES (Wind, Solar, Biomass & Others)",77,74,144,1,0,296,22-03-2019
Total,708,1317,956,478,41,3499,22-03-2019
Lignite,21,16,51,0,0,88,23-03-2019
Total,718,1401,958,503,42,3622,23-03-2019
"RES (Wind, Solar, Biomass & Others)",76,71,144,1,0,292,23-03-2019
Nuclear,23,31,32,0,0,86,23-03-2019
Hydro,144,27,77,35,4,286,23-03-2019
Coal,430,1219,636,467,8,2760,23-03-2019
"Gas, Naptha & Diesel",24,38,18,0,30,111,23-03-2019
Nuclear,23,31,34,0,0,89,24-03-2019
Hydro,145,23,70,32,4,273,24-03-2019
Total,728,1417,918,499,43,3605,24-03-2019
Lignite,22,16,53,0,0,91,24-03-2019
Coal,445,1234,597,466,8,2751,24-03-2019
"Gas, Naptha & Diesel",25,37,17,0,31,109,24-03-2019
"RES (Wind, Solar, Biomass & Others)",69,75,147,1,0,293,24-03-2019
"RES (Wind, Solar, Biomass & Others)",65,80,148,1,0,294,25-03-2019
Total,732,1471,958,524,43,3728,25-03-2019
"Gas, Naptha & Diesel",21,38,16,0,30,105,25-03-2019
Nuclear,23,31,37,0,0,91,25-03-2019
Hydro,141,26,81,39,4,291,25-03-2019
Coal,458,1279,623,484,9,2853,25-03-2019
Lignite,25,17,52,0,0,94,25-03-2019
Nuclear,23,31,37,0,0,91,26-03-2019
Coal,457,1279,643,464,9,2852,26-03-2019
Lignite,23,18,52,0,0,92,26-03-2019
Hydro,144,33,87,39,4,307,26-03-2019
Total,738,1484,985,504,42,3752,26-03-2019
"RES (Wind, Solar, Biomass & Others)",68,83,150,1,0,302,26-03-2019
"Gas, Naptha & Diesel",23,40,16,0,29,108,26-03-2019
Lignite,22,18,51,0,0,91,27-03-2019
Hydro,139,32,91,42,3,308,27-03-2019
Nuclear,23,31,37,0,0,91,27-03-2019
"Gas, Naptha & Diesel",26,40,17,0,29,111,27-03-2019
"RES (Wind, Solar, Biomass & Others)",63,75,147,1,0,287,27-03-2019
Total,774,1473,973,525,42,3787,27-03-2019
Coal,501,1277,630,481,10,2900,27-03-2019
"Gas, Naptha & Diesel",21,42,17,0,29,109,28-03-2019
"RES (Wind, Solar, Biomass & Others)",69,79,141,1,0,290,28-03-2019
Nuclear,23,31,37,0,0,92,28-03-2019
Hydro,144,27,92,41,4,308,28-03-2019
Total,803,1478,962,537,42,3822,28-03-2019
Lignite,23,16,51,0,0,90,28-03-2019
Coal,522,1283,624,495,9,2933,28-03-2019
Lignite,24,14,52,0,0,90,29-03-2019
Nuclear,23,31,34,0,0,88,29-03-2019
"Gas, Naptha & Diesel",18,45,17,0,29,109,29-03-2019
"RES (Wind, Solar, Biomass & Others)",65,80,150,1,0,295,29-03-2019
Total,846,1468,982,547,43,3885,29-03-2019
Coal,551,1267,635,507,10,2969,29-03-2019
Hydro,165,31,94,39,4,333,29-03-2019
Lignite,23,14,54,0,0,91,30-03-2019
Hydro,180,31,89,48,3,351,30-03-2019
Total,948,1461,981,535,42,3967,30-03-2019
"Gas, Naptha & Diesel",17,43,17,0,29,106,30-03-2019
"RES (Wind, Solar, Biomass & Others)",68,99,154,2,0,322,30-03-2019
Nuclear,23,31,34,0,0,87,30-03-2019
Coal,638,1242,633,485,11,3009,30-03-2019
Nuclear,23,31,33,0,0,87,31-03-2019
"Gas, Naptha & Diesel",15,41,17,0,25,97,31-03-2019
"RES (Wind, Solar, Biomass & Others)",70,110,159,1,0,340,31-03-2019
Total,801,1410,908,506,35,3660,31-03-2019
Coal,494,1184,579,458,7,2723,31-03-2019
Lignite,19,15,55,0,0,89,31-03-2019
Hydro,180,29,65,47,3,324,31-03-2019
"RES (Wind, Solar, Biomass & Others)",66,79,157,1,0,303,01-04-2019
Lignite,19,15,52,0,0,86,01-04-2019
Coal,513,1243,584,433,8,2781,01-04-2019
Hydro,181,36,81,49,3,350,01-04-2019
Nuclear,23,31,34,0,0,88,01-04-2019
"Gas, Naptha & Diesel",17,51,18,0,24,110,01-04-2019
Total,820,1455,925,483,34,3718,01-04-2019
Lignite,21,14,52,0,0,88,02-04-2019
Coal,527,1261,601,492,14,2895,02-04-2019
Hydro,183,29,92,46,3,352,02-04-2019
Nuclear,23,31,34,0,0,88,02-04-2019
"Gas, Naptha & Diesel",26,55,18,0,26,126,02-04-2019
"RES (Wind, Solar, Biomass & Others)",64,70,148,1,0,283,02-04-2019
Total,845,1460,944,539,43,3832,02-04-2019
"Gas, Naptha & Diesel",29,59,17,0,20,125,03-04-2019
Coal,514,1285,613,510,13,2935,03-04-2019
Nuclear,24,31,34,0,0,89,03-04-2019
Lignite,26,15,55,0,0,96,03-04-2019
Hydro,197,31,93,41,5,366,03-04-2019
"RES (Wind, Solar, Biomass & Others)",66,73,150,1,0,291,03-04-2019
Total,856,1493,961,552,38,3900,03-04-2019
"Gas, Naptha & Diesel",28,58,17,0,21,124,04-04-2019
Nuclear,23,31,34,0,0,88,04-04-2019
Coal,523,1292,631,515,16,2977,04-04-2019
Lignite,27,17,55,0,0,99,04-04-2019
Hydro,190,29,77,41,5,342,04-04-2019
Total,857,1512,966,557,42,3933,04-04-2019
"RES (Wind, Solar, Biomass & Others)",66,85,152,1,0,304,04-04-2019
Nuclear,23,31,34,0,0,88,05-04-2019
Hydro,202,28,69,35,4,339,05-04-2019
Total,860,1508,945,538,36,3886,05-04-2019
Coal,506,1274,617,502,11,2910,05-04-2019
"Gas, Naptha & Diesel",30,56,17,0,20,123,05-04-2019
"RES (Wind, Solar, Biomass & Others)",76,102,155,1,0,333,05-04-2019
Lignite,23,18,53,0,0,93,05-04-2019
Total,857,1503,916,504,35,3815,06-04-2019
"RES (Wind, Solar, Biomass & Others)",84,101,144,1,0,330,06-04-2019
"Gas, Naptha & Diesel",30,47,16,0,21,114,06-04-2019
Nuclear,22,31,34,0,0,87,06-04-2019
Lignite,23,18,52,0,0,92,06-04-2019
Coal,495,1278,604,466,11,2854,06-04-2019
Hydro,203,28,66,37,4,338,06-04-2019
Nuclear,23,31,34,0,0,87,07-04-2019
"Gas, Naptha & Diesel",29,48,16,0,20,113,07-04-2019
Hydro,209,17,54,44,3,327,07-04-2019
Lignite,20,17,47,0,0,84,07-04-2019
"RES (Wind, Solar, Biomass & Others)",74,114,140,1,0,330,07-04-2019
Coal,441,1206,569,403,9,2628,07-04-2019
Total,796,1433,860,448,32,3569,07-04-2019
"RES (Wind, Solar, Biomass & Others)",74,100,155,1,0,330,08-04-2019
Total,811,1574,927,496,36,3844,08-04-2019
Hydro,199,29,71,43,4,346,08-04-2019
Nuclear,23,31,34,0,0,87,08-04-2019
"Gas, Naptha & Diesel",30,55,17,0,23,125,08-04-2019
Coal,464,1343,600,452,10,2868,08-04-2019
Lignite,21,16,50,0,0,87,08-04-2019
Total,825,1511,935,515,40,3826,09-04-2019
"RES (Wind, Solar, Biomass & Others)",73,114,162,1,0,350,09-04-2019
"Gas, Naptha & Diesel",30,56,16,0,27,129,09-04-2019
Nuclear,23,30,34,0,0,86,09-04-2019
Hydro,189,32,72,47,3,342,09-04-2019
Coal,487,1262,599,467,10,2825,09-04-2019
Lignite,23,17,53,0,0,93,09-04-2019
Total,856,1504,946,501,46,3854,10-04-2019
"RES (Wind, Solar, Biomass & Others)",72,85,157,1,0,316,10-04-2019
"Gas, Naptha & Diesel",31,58,17,0,28,134,10-04-2019
Nuclear,23,29,34,0,0,86,10-04-2019
Hydro,194,35,81,56,4,370,10-04-2019
Lignite,28,17,55,0,0,101,10-04-2019
Coal,508,1281,601,444,14,2848,10-04-2019
Nuclear,22,29,36,0,0,87,11-04-2019
Coal,452,1290,593,458,14,2808,11-04-2019
Lignite,27,18,54,0,0,99,11-04-2019
Hydro,254,42,76,50,4,427,11-04-2019
"RES (Wind, Solar, Biomass & Others)",98,82,152,1,0,334,11-04-2019
Total,884,1515,928,510,47,3884,11-04-2019
"Gas, Naptha & Diesel",30,54,17,0,29,131,11-04-2019
Lignite,24,17,55,0,0,96,12-04-2019
Nuclear,20,29,32,0,0,82,12-04-2019
Coal,521,1275,628,462,15,2901,12-04-2019
Total,869,1518,962,521,50,3919,12-04-2019
"RES (Wind, Solar, Biomass & Others)",74,84,151,1,0,310,12-04-2019
"Gas, Naptha & Diesel",32,62,17,0,30,141,12-04-2019
Hydro,197,51,78,57,4,388,12-04-2019
Lignite,21,16,56,0,0,94,13-04-2019
Coal,519,1277,603,468,13,2880,13-04-2019
Hydro,199,39,81,54,3,375,13-04-2019
Nuclear,23,30,32,0,0,85,13-04-2019
"Gas, Naptha & Diesel",31,58,16,0,29,134,13-04-2019
"RES (Wind, Solar, Biomass & Others)",76,87,160,2,0,326,13-04-2019
Total,869,1507,949,523,46,3894,13-04-2019
Total,844,1457,911,506,45,3763,14-04-2019
"RES (Wind, Solar, Biomass & Others)",71,79,153,3,0,305,14-04-2019
"Gas, Naptha & Diesel",30,48,16,0,30,124,14-04-2019
Nuclear,22,30,35,0,0,87,14-04-2019
Hydro,195,27,74,63,3,362,14-04-2019
Lignite,19,17,57,0,0,93,14-04-2019
Coal,507,1256,576,440,11,2791,14-04-2019
Coal,505,1252,601,466,12,2836,15-04-2019
Lignite,16,16,59,0,0,92,15-04-2019
Hydro,195,38,68,57,4,363,15-04-2019
Nuclear,27,30,37,0,0,93,15-04-2019
"RES (Wind, Solar, Biomass & Others)",86,108,159,2,0,355,15-04-2019
Total,861,1499,940,525,46,3871,15-04-2019
"Gas, Naptha & Diesel",31,56,16,0,30,132,15-04-2019
Coal,412,1192,589,454,10,2657,16-04-2019
Total,766,1406,939,510,44,3666,16-04-2019
"RES (Wind, Solar, Biomass & Others)",75,85,160,2,0,321,16-04-2019
"Gas, Naptha & Diesel",31,59,16,0,29,135,16-04-2019
Nuclear,27,28,37,0,0,92,16-04-2019
Hydro,207,29,81,55,6,377,16-04-2019
Lignite,13,13,57,0,0,83,16-04-2019
Hydro,205,36,72,68,3,384,17-04-2019
Nuclear,29,29,37,0,0,95,17-04-2019
"Gas, Naptha & Diesel",29,44,16,0,26,115,17-04-2019
Coal,386,1109,591,416,10,2512,17-04-2019
Total,718,1326,920,487,39,3490,17-04-2019
Lignite,14,12,58,0,0,85,17-04-2019
"RES (Wind, Solar, Biomass & Others)",56,95,146,2,0,300,17-04-2019
Total,735,1380,860,513,44,3531,18-04-2019
"RES (Wind, Solar, Biomass & Others)",69,69,156,2,0,297,18-04-2019
Hydro,197,44,47,63,4,356,18-04-2019
Nuclear,28,31,37,0,0,96,18-04-2019
Coal,403,1177,550,448,10,2588,18-04-2019
"Gas, Naptha & Diesel",23,45,16,0,30,113,18-04-2019
Lignite,14,14,53,0,0,81,18-04-2019
Coal,435,1216,519,471,10,2650,19-04-2019
Lignite,15,15,51,0,0,81,19-04-2019
Hydro,187,33,61,53,4,338,19-04-2019
Nuclear,28,31,37,0,0,96,19-04-2019
"RES (Wind, Solar, Biomass & Others)",59,83,161,1,0,304,19-04-2019
Total,747,1426,844,525,44,3585,19-04-2019
"Gas, Naptha & Diesel",23,49,15,0,30,117,19-04-2019
Coal,461,1235,522,474,10,2702,20-04-2019
Lignite,17,16,53,0,0,86,20-04-2019
Hydro,182,45,66,50,5,348,20-04-2019
Nuclear,28,31,37,0,0,96,20-04-2019
"Gas, Naptha & Diesel",29,50,16,0,21,115,20-04-2019
"RES (Wind, Solar, Biomass & Others)",61,86,155,1,0,304,20-04-2019
Total,779,1463,849,525,36,3651,20-04-2019
Hydro,200,34,55,43,5,336,21-04-2019
Total,790,1425,796,503,45,3560,21-04-2019
Nuclear,28,29,37,0,0,94,21-04-2019
"RES (Wind, Solar, Biomass & Others)",69,86,151,2,0,309,21-04-2019
Lignite,15,17,51,0,0,83,21-04-2019
Coal,448,1213,487,459,11,2617,21-04-2019
"Gas, Naptha & Diesel",30,47,16,0,29,121,21-04-2019
Coal,485,1262,543,471,10,2770,22-04-2019
Total,845,1483,870,515,45,3758,22-04-2019
"RES (Wind, Solar, Biomass & Others)",72,88,158,2,0,319,22-04-2019
"Gas, Naptha & Diesel",31,49,16,0,28,123,22-04-2019
Nuclear,28,27,37,0,0,92,22-04-2019
Hydro,213,42,68,42,6,372,22-04-2019
Lignite,16,15,50,0,0,81,22-04-2019
Total,897,1489,863,514,45,3807,23-04-2019
"RES (Wind, Solar, Biomass & Others)",88,87,150,2,0,326,23-04-2019
Coal,496,1276,550,460,11,2793,23-04-2019
Lignite,14,14,49,0,0,77,23-04-2019
Hydro,238,37,63,52,6,396,23-04-2019
Nuclear,28,27,37,0,0,91,23-04-2019
"Gas, Naptha & Diesel",34,47,15,0,28,124,23-04-2019
"Gas, Naptha & Diesel",36,44,16,0,28,124,24-04-2019
Coal,508,1304,570,462,11,2855,24-04-2019
Nuclear,27,27,36,0,0,91,24-04-2019
Lignite,18,15,53,0,0,85,24-04-2019
Total,915,1520,902,523,44,3905,24-04-2019
Hydro,242,42,74,59,6,422,24-04-2019
"RES (Wind, Solar, Biomass & Others)",84,88,153,2,0,328,24-04-2019
Nuclear,27,28,37,0,0,92,25-04-2019
"Gas, Naptha & Diesel",35,45,16,0,27,124,25-04-2019
"RES (Wind, Solar, Biomass & Others)",63,86,159,2,0,310,25-04-2019
Hydro,254,51,77,66,6,454,25-04-2019
Lignite,19,16,54,0,0,90,25-04-2019
Coal,544,1338,583,487,10,2963,25-04-2019
Total,943,1564,927,556,43,4033,25-04-2019
Nuclear,28,27,36,0,0,91,26-04-2019
"Gas, Naptha & Diesel",36,49,16,0,28,130,26-04-2019
"RES (Wind, Solar, Biomass & Others)",64,96,148,1,0,309,26-04-2019
Lignite,19,16,54,0,0,89,26-04-2019
Total,960,1548,936,554,47,4045,26-04-2019
Coal,551,1316,596,483,14,2960,26-04-2019
Hydro,262,43,86,71,5,466,26-04-2019
"Gas, Naptha & Diesel",30,49,15,0,28,123,27-04-2019
Coal,559,1323,591,473,12,2959,27-04-2019
Hydro,260,40,86,71,5,462,27-04-2019
Nuclear,28,29,36,0,0,93,27-04-2019
Total,961,1561,921,545,45,4034,27-04-2019
"RES (Wind, Solar, Biomass & Others)",63,103,143,1,0,310,27-04-2019
Lignite,22,16,50,0,0,87,27-04-2019
"RES (Wind, Solar, Biomass & Others)",70,100,138,1,0,309,28-04-2019
Lignite,19,14,47,0,0,80,28-04-2019
Total,954,1492,846,545,43,3881,28-04-2019
Coal,547,1271,544,468,12,2842,28-04-2019
"Gas, Naptha & Diesel",28,42,16,0,27,113,28-04-2019
Nuclear,28,30,36,0,0,94,28-04-2019
Hydro,262,35,66,76,4,443,28-04-2019
"RES (Wind, Solar, Biomass & Others)",74,125,156,2,0,358,29-04-2019
"Gas, Naptha & Diesel",34,49,16,0,28,127,29-04-2019
Nuclear,28,31,37,0,0,95,29-04-2019
Hydro,265,24,70,80,8,447,29-04-2019
Total,981,1547,880,571,48,4028,29-04-2019
Lignite,18,14,50,0,0,81,29-04-2019
Coal,562,1305,552,489,12,2921,29-04-2019
Nuclear,28,31,37,0,0,95,30-04-2019
Lignite,15,12,46,0,0,73,30-04-2019
Coal,567,1271,507,466,12,2824,30-04-2019
"Gas, Naptha & Diesel",35,44,16,0,28,123,30-04-2019
"RES (Wind, Solar, Biomass & Others)",79,151,225,2,0,456,30-04-2019
Total,988,1542,885,549,50,4014,30-04-2019
Hydro,265,33,55,80,10,443,30-04-2019
"RES (Wind, Solar, Biomass & Others)",67,118,246,3,0,434,01-05-2019
Total,955,1445,831,505,52,3788,01-05-2019
Coal,546,1205,445,417,11,2623,01-05-2019
Hydro,261,38,47,86,14,445,01-05-2019
Nuclear,28,31,37,0,0,95,01-05-2019
"Gas, Naptha & Diesel",36,42,15,0,27,120,01-05-2019
Lignite,18,12,41,0,0,71,01-05-2019
Coal,527,1207,443,431,11,2619,02-05-2019
Lignite,19,12,41,0,0,71,02-05-2019
Hydro,244,54,72,85,19,474,02-05-2019
Nuclear,28,31,37,0,0,95,02-05-2019
Total,920,1476,888,518,57,3859,02-05-2019
"Gas, Naptha & Diesel",38,54,16,0,27,134,02-05-2019
"RES (Wind, Solar, Biomass & Others)",66,118,280,2,0,467,02-05-2019
Lignite,19,13,46,0,0,77,03-05-2019
"Gas, Naptha & Diesel",36,50,16,0,28,130,03-05-2019
"RES (Wind, Solar, Biomass & Others)",64,120,289,2,0,475,03-05-2019
Coal,483,1193,470,381,11,2537,03-05-2019
Hydro,236,53,73,73,15,451,03-05-2019
Total,865,1461,930,456,54,3765,03-05-2019
Nuclear,28,31,37,0,0,95,03-05-2019
Lignite,17,15,42,0,0,74,04-05-2019
Nuclear,28,31,37,0,0,95,04-05-2019
"Gas, Naptha & Diesel",35,51,15,0,23,124,04-05-2019
Hydro,228,55,78,94,17,472,04-05-2019
Coal,516,1211,475,364,11,2577,04-05-2019
"RES (Wind, Solar, Biomass & Others)",68,107,267,2,0,444,04-05-2019
Total,892,1471,913,460,51,3787,04-05-2019
Coal,511,1208,501,399,8,2627,05-05-2019
Lignite,19,15,42,0,0,76,05-05-2019
Hydro,228,48,75,92,25,469,05-05-2019
Nuclear,28,31,38,0,0,96,05-05-2019
"Gas, Naptha & Diesel",35,41,15,0,23,114,05-05-2019
"RES (Wind, Solar, Biomass & Others)",65,95,185,1,0,346,05-05-2019
Total,885,1437,856,492,57,3728,05-05-2019
Total,921,1500,917,545,67,3950,06-05-2019
"RES (Wind, Solar, Biomass & Others)",100,94,173,1,0,368,06-05-2019
"Gas, Naptha & Diesel",31,49,16,0,28,123,06-05-2019
Nuclear,28,31,37,0,0,95,06-05-2019
Hydro,232,54,86,93,27,492,06-05-2019
Lignite,16,16,47,0,0,78,06-05-2019
Coal,515,1257,558,451,12,2794,06-05-2019
Lignite,15,14,44,0,0,73,07-05-2019
Coal,527,1248,541,464,12,2792,07-05-2019
Nuclear,27,31,37,0,0,95,07-05-2019
"Gas, Naptha & Diesel",35,50,15,0,29,130,07-05-2019
"RES (Wind, Solar, Biomass & Others)",95,123,256,2,0,477,07-05-2019
Total,943,1519,955,542,61,4019,07-05-2019
Hydro,242,53,63,76,20,453,07-05-2019
Total,991,1538,938,579,60,4107,09-05-2019
Nuclear,28,31,37,0,0,95,09-05-2019
Hydro,261,51,73,84,19,489,09-05-2019
Lignite,16,14,44,0,0,74,09-05-2019
Coal,556,1264,528,493,12,2851,09-05-2019
"Gas, Naptha & Diesel",36,49,15,0,29,129,09-05-2019
"RES (Wind, Solar, Biomass & Others)",95,129,242,2,0,468,09-05-2019
Hydro,272,57,88,83,19,519,10-05-2019
Coal,573,1252,571,494,12,2902,10-05-2019
Lignite,20,15,48,0,0,83,10-05-2019
Total,1008,1535,934,579,60,4116,10-05-2019
"RES (Wind, Solar, Biomass & Others)",79,131,176,2,0,388,10-05-2019
"Gas, Naptha & Diesel",36,49,15,0,29,129,10-05-2019
Nuclear,28,31,37,0,0,95,10-05-2019
Lignite,17,14,53,0,0,84,11-05-2019
"Gas, Naptha & Diesel",36,55,14,0,29,135,11-05-2019
Hydro,272,58,74,84,21,509,11-05-2019
Total,996,1497,926,580,63,4061,11-05-2019
"RES (Wind, Solar, Biomass & Others)",80,110,188,2,0,380,11-05-2019
Coal,563,1229,560,494,13,2858,11-05-2019
Nuclear,28,31,37,0,0,95,11-05-2019
Total,963,1454,872,550,57,3897,12-05-2019
Nuclear,28,31,37,0,0,95,12-05-2019
Hydro,262,53,64,78,18,474,12-05-2019
Lignite,16,14,53,0,0,83,12-05-2019
Coal,553,1204,536,470,10,2774,12-05-2019
"RES (Wind, Solar, Biomass & Others)",68,99,168,2,0,338,12-05-2019
"Gas, Naptha & Diesel",37,53,14,0,29,133,12-05-2019
"RES (Wind, Solar, Biomass & Others)",71,106,221,1,0,399,13-05-2019
Hydro,242,56,66,73,15,451,13-05-2019
Lignite,21,13,45,0,0,79,13-05-2019
Coal,558,1226,536,469,12,2801,13-05-2019
Nuclear,28,31,36,0,0,95,13-05-2019
"Gas, Naptha & Diesel",37,59,16,0,28,140,13-05-2019
Total,956,1489,921,543,55,3964,13-05-2019
Coal,541,1227,526,443,12,2749,14-05-2019
Lignite,17,14,41,0,0,72,14-05-2019
Hydro,256,49,75,63,15,459,14-05-2019
"RES (Wind, Solar, Biomass & Others)",84,131,228,1,0,444,14-05-2019
Total,960,1504,923,507,56,3951,14-05-2019
"Gas, Naptha & Diesel",34,52,15,0,29,131,14-05-2019
Nuclear,28,31,37,0,0,95,14-05-2019
Hydro,252,48,79,59,16,454,15-05-2019
Lignite,21,15,46,0,0,82,15-05-2019
Nuclear,28,31,33,0,0,92,15-05-2019
"Gas, Naptha & Diesel",30,48,14,0,30,122,15-05-2019
Total,963,1505,905,532,59,3964,15-05-2019
Coal,560,1243,533,470,14,2821,15-05-2019
"RES (Wind, Solar, Biomass & Others)",71,121,199,2,0,393,15-05-2019
Total,948,1513,909,540,57,3967,16-05-2019
"RES (Wind, Solar, Biomass & Others)",69,109,173,2,0,352,16-05-2019
"Gas, Naptha & Diesel",29,47,15,0,30,121,16-05-2019
Nuclear,28,31,32,0,0,91,16-05-2019
Hydro,246,41,74,61,14,436,16-05-2019
Lignite,19,16,49,0,0,83,16-05-2019
Coal,558,1270,567,477,13,2883,16-05-2019
Hydro,252,50,68,67,16,454,17-05-2019
"Gas, Naptha & Diesel",28,50,15,0,29,122,17-05-2019
Total,912,1516,913,543,58,3942,17-05-2019
"RES (Wind, Solar, Biomass & Others)",56,121,181,2,0,360,17-05-2019
Nuclear,28,31,35,0,0,94,17-05-2019
Coal,533,1249,567,474,12,2835,17-05-2019
Lignite,15,15,48,0,0,78,17-05-2019
Coal,498,1241,546,470,11,2767,18-05-2019
Hydro,266,56,69,70,18,479,18-05-2019
"RES (Wind, Solar, Biomass & Others)",56,118,163,2,0,338,18-05-2019
"Gas, Naptha & Diesel",25,48,16,0,29,117,18-05-2019
Nuclear,28,31,45,0,0,104,18-05-2019
Lignite,15,15,44,0,0,74,18-05-2019
Total,887,1509,882,543,59,3880,18-05-2019
Lignite,17,15,48,0,0,79,19-05-2019
Total,931,1464,874,543,61,3874,19-05-2019
"RES (Wind, Solar, Biomass & Others)",62,100,159,2,0,324,19-05-2019
"Gas, Naptha & Diesel",27,48,16,0,30,121,19-05-2019
Nuclear,28,31,53,0,0,111,19-05-2019
Coal,527,1216,541,471,15,2770,19-05-2019
Hydro,270,55,58,70,16,469,19-05-2019
"RES (Wind, Solar, Biomass & Others)",50,97,158,2,0,307,20-05-2019
Coal,568,1255,584,484,17,2908,20-05-2019
Lignite,24,15,52,0,0,91,20-05-2019
Hydro,290,63,74,72,15,514,20-05-2019
Nuclear,27,31,55,0,0,113,20-05-2019
Total,992,1525,938,558,62,4075,20-05-2019
"Gas, Naptha & Diesel",32,63,16,0,30,141,20-05-2019
Coal,597,1266,632,493,17,3004,21-05-2019
Lignite,24,14,53,0,0,91,21-05-2019
Hydro,295,59,64,67,15,499,21-05-2019
Nuclear,27,31,57,0,0,115,21-05-2019
"Gas, Naptha & Diesel",35,60,15,0,30,141,21-05-2019
"RES (Wind, Solar, Biomass & Others)",42,113,166,1,0,322,21-05-2019
Total,1021,1543,986,561,61,4171,21-05-2019
Total,1006,1542,963,575,62,4148,22-05-2019
Coal,600,1266,617,505,15,3003,22-05-2019
Nuclear,27,31,57,0,0,114,22-05-2019
Hydro,271,54,65,70,17,477,22-05-2019
Lignite,21,13,52,0,0,86,22-05-2019
"Gas, Naptha & Diesel",35,56,15,0,29,136,22-05-2019
"RES (Wind, Solar, Biomass & Others)",52,121,158,1,0,332,22-05-2019
Total,1060,1559,973,542,53,4188,23-05-2019
"RES (Wind, Solar, Biomass & Others)",68,121,170,2,0,362,23-05-2019
"Gas, Naptha & Diesel",40,60,13,0,29,141,23-05-2019
Nuclear,27,31,57,0,0,115,23-05-2019
Coal,609,1277,619,462,4,2971,23-05-2019
Lignite,22,15,53,0,0,90,23-05-2019
Hydro,295,56,61,78,20,509,23-05-2019
Total,998,1519,927,538,56,4038,24-05-2019
"RES (Wind, Solar, Biomass & Others)",64,119,182,2,0,367,24-05-2019
Nuclear,27,31,58,0,0,116,24-05-2019
"Gas, Naptha & Diesel",42,51,8,0,28,130,24-05-2019
Coal,569,1262,572,453,4,2860,24-05-2019
Lignite,17,16,54,0,0,87,24-05-2019
Hydro,279,40,54,83,23,479,24-05-2019
Coal,575,1276,545,450,4,2851,25-05-2019
Nuclear,27,31,58,0,0,116,25-05-2019
Total,993,1504,932,524,50,4003,25-05-2019
"Gas, Naptha & Diesel",45,49,9,0,28,130,25-05-2019
"RES (Wind, Solar, Biomass & Others)",56,93,216,2,0,368,25-05-2019
Hydro,267,40,52,72,18,450,25-05-2019
Lignite,22,15,52,0,0,89,25-05-2019
Total,973,1475,888,535,55,3926,26-05-2019
Nuclear,28,31,58,0,0,117,26-05-2019
Hydro,260,19,46,89,17,431,26-05-2019
"Gas, Naptha & Diesel",35,42,14,0,30,121,26-05-2019
Coal,570,1260,487,444,8,2768,26-05-2019
"RES (Wind, Solar, Biomass & Others)",59,110,240,2,0,412,26-05-2019
Lignite,21,13,44,0,0,78,26-05-2019
"Gas, Naptha & Diesel",35,51,16,0,28,130,27-05-2019
Total,1020,1542,921,566,59,4107,27-05-2019
Coal,614,1301,539,473,14,2942,27-05-2019
Nuclear,27,31,58,0,0,116,27-05-2019
Hydro,258,28,71,90,17,463,27-05-2019
Lignite,21,14,46,0,0,80,27-05-2019
"RES (Wind, Solar, Biomass & Others)",64,118,191,3,0,374,27-05-2019
Lignite,24,14,45,0,0,83,28-05-2019
Coal,644,1298,575,470,15,3003,28-05-2019
Total,1067,1555,967,549,61,4199,28-05-2019
"RES (Wind, Solar, Biomass & Others)",66,124,207,2,0,399,28-05-2019
"Gas, Naptha & Diesel",43,62,15,0,28,147,28-05-2019
Nuclear,27,31,58,0,0,116,28-05-2019
Hydro,263,26,67,77,18,451,28-05-2019
Lignite,25,14,46,0,0,85,29-05-2019
Total,1083,1566,940,556,61,4205,29-05-2019
"RES (Wind, Solar, Biomass & Others)",61,129,189,1,0,380,29-05-2019
"Gas, Naptha & Diesel",49,53,14,0,29,146,29-05-2019
Nuclear,27,31,58,0,0,116,29-05-2019
Hydro,259,21,47,75,16,418,29-05-2019
Coal,662,1318,586,479,16,3060,29-05-2019
Coal,684,1320,580,477,11,3073,30-05-2019
Lignite,24,14,45,0,0,83,30-05-2019
Hydro,276,19,52,75,15,435,30-05-2019
Nuclear,27,31,58,0,0,116,30-05-2019
Total,1120,1572,932,553,55,4232,30-05-2019
"Gas, Naptha & Diesel",53,50,15,0,29,146,30-05-2019
"RES (Wind, Solar, Biomass & Others)",56,138,183,1,0,378,30-05-2019
Nuclear,27,18,58,0,0,104,01-06-2019
Hydro,325,19,56,68,16,484,01-06-2019
Lignite,25,16,51,0,0,92,01-06-2019
Coal,631,1220,540,477,10,2879,01-06-2019
Total,1117,1450,938,548,53,4106,01-06-2019
"RES (Wind, Solar, Biomass & Others)",66,129,218,2,0,415,01-06-2019
"Gas, Naptha & Diesel",43,48,14,0,28,132,01-06-2019
Hydro,334,15,39,66,14,468,02-06-2019
Total,1116,1462,878,516,54,4025,02-06-2019
"RES (Wind, Solar, Biomass & Others)",67,135,241,2,0,445,02-06-2019
Lignite,24,14,43,0,0,82,02-06-2019
Coal,622,1240,483,447,11,2803,02-06-2019
Nuclear,27,18,59,0,0,104,02-06-2019
"Gas, Naptha & Diesel",42,39,14,0,28,123,02-06-2019
Nuclear,27,18,59,0,0,104,03-06-2019
"Gas, Naptha & Diesel",40,47,15,0,28,131,03-06-2019
Total,1090,1503,849,508,52,4002,03-06-2019
Hydro,340,17,42,64,13,476,03-06-2019
"RES (Wind, Solar, Biomass & Others)",75,170,246,3,0,493,03-06-2019
Lignite,19,13,34,0,0,66,03-06-2019
Coal,588,1238,453,442,11,2732,03-06-2019
"Gas, Naptha & Diesel",42,56,16,0,28,141,04-06-2019
Hydro,340,16,57,74,15,502,04-06-2019
"RES (Wind, Solar, Biomass & Others)",77,154,237,2,0,471,04-06-2019
Coal,612,1233,491,484,9,2829,04-06-2019
Lignite,20,14,36,0,0,70,04-06-2019
Nuclear,27,18,47,0,0,92,04-06-2019
Total,1118,1491,884,560,52,4104,04-06-2019
Lignite,20,14,39,0,0,73,06-06-2019
Hydro,340,16,57,74,18,505,06-06-2019
Nuclear,27,19,37,0,0,82,06-06-2019
"Gas, Naptha & Diesel",43,55,16,0,29,143,06-06-2019
"RES (Wind, Solar, Biomass & Others)",68,133,185,2,0,389,06-06-2019
Total,1158,1488,898,574,58,4177,06-06-2019
Coal,659,1253,565,499,11,2986,06-06-2019
Total,1136,1487,866,562,54,4105,07-06-2019
"RES (Wind, Solar, Biomass & Others)",58,129,184,2,0,374,07-06-2019
Lignite,19,17,36,0,0,72,07-06-2019
Coal,646,1255,545,485,8,2939,07-06-2019
Hydro,344,15,50,75,17,499,07-06-2019
Nuclear,27,18,36,0,0,81,07-06-2019
"Gas, Naptha & Diesel",42,53,16,0,29,139,07-06-2019
Coal,615,1257,518,481,8,2879,08-06-2019
Lignite,19,18,34,0,0,71,08-06-2019
Nuclear,27,18,37,0,0,81,08-06-2019
"Gas, Naptha & Diesel",40,58,15,0,29,142,08-06-2019
"RES (Wind, Solar, Biomass & Others)",53,107,216,3,0,379,08-06-2019
Total,1091,1474,873,567,54,4060,08-06-2019
Hydro,337,16,53,84,17,507,08-06-2019
Coal,650,1259,527,465,9,2910,09-06-2019
Hydro,331,14,60,94,18,516,09-06-2019
Nuclear,27,28,52,0,0,107,09-06-2019
Lignite,21,18,38,0,0,77,09-06-2019
Total,1122,1474,883,562,55,4096,09-06-2019
"Gas, Naptha & Diesel",41,57,15,0,29,142,09-06-2019
"RES (Wind, Solar, Biomass & Others)",52,99,191,3,0,344,09-06-2019
Coal,642,1256,507,464,9,2879,10-06-2019
Lignite,20,17,36,0,0,73,10-06-2019
"Gas, Naptha & Diesel",37,42,15,0,29,123,10-06-2019
Nuclear,27,30,56,0,0,113,10-06-2019
Hydro,331,12,36,94,18,491,10-06-2019
"RES (Wind, Solar, Biomass & Others)",58,108,191,2,0,359,10-06-2019
Total,1116,1464,841,561,56,4038,10-06-2019
Total,1182,1481,925,541,58,4187,11-06-2019
"RES (Wind, Solar, Biomass & Others)",95,111,252,2,0,460,11-06-2019
"Gas, Naptha & Diesel",49,59,15,0,30,153,11-06-2019
Nuclear,27,31,59,0,0,117,11-06-2019
Hydro,344,16,34,81,18,493,11-06-2019
Lignite,20,18,38,0,0,76,11-06-2019
Coal,648,1247,527,458,11,2891,11-06-2019
Coal,599,1195,504,440,13,2751,12-06-2019
Total,1093,1400,910,528,59,3990,12-06-2019
"Gas, Naptha & Diesel",48,59,15,0,28,150,12-06-2019
Nuclear,27,31,51,0,0,109,12-06-2019
"RES (Wind, Solar, Biomass & Others)",63,90,272,2,0,427,12-06-2019
Hydro,336,11,34,85,18,484,12-06-2019
Lignite,20,15,35,0,0,70,12-06-2019
Nuclear,27,31,59,0,0,117,13-06-2019
"RES (Wind, Solar, Biomass & Others)",62,141,283,2,0,488,13-06-2019
Hydro,344,9,34,78,18,483,13-06-2019
"Gas, Naptha & Diesel",45,41,16,0,29,131,13-06-2019
Coal,629,1141,496,407,11,2683,13-06-2019
Lignite,21,13,36,0,0,70,13-06-2019
Total,1128,1376,924,487,58,3972,13-06-2019
"RES (Wind, Solar, Biomass & Others)",58,151,277,2,0,488,14-06-2019
Nuclear,17,20,59,0,0,97,14-06-2019
Hydro,341,9,47,66,16,479,14-06-2019
Total,1178,1403,947,542,60,4128,14-06-2019
Coal,687,1170,509,474,14,2853,14-06-2019
Lignite,25,12,40,0,0,76,14-06-2019
"Gas, Naptha & Diesel",50,41,16,0,29,136,14-06-2019
"RES (Wind, Solar, Biomass & Others)",88,167,297,2,0,554,15-06-2019
Hydro,334,9,39,81,18,481,15-06-2019
Coal,647,1155,494,447,13,2756,15-06-2019
Lignite,19,12,37,0,0,68,15-06-2019
"Gas, Naptha & Diesel",48,42,16,0,29,135,15-06-2019
Nuclear,27,29,60,0,0,117,15-06-2019
Total,1163,1415,942,530,60,4110,15-06-2019
Lignite,18,12,34,0,0,64,16-06-2019
Nuclear,27,30,54,0,0,112,16-06-2019
"Gas, Naptha & Diesel",45,32,15,0,29,121,16-06-2019
"RES (Wind, Solar, Biomass & Others)",75,191,291,2,0,558,16-06-2019
Total,1070,1374,898,509,58,3908,16-06-2019
Coal,569,1098,457,418,11,2553,16-06-2019
Hydro,336,11,47,89,18,500,16-06-2019
Hydro,346,13,56,77,21,513,17-06-2019
Nuclear,27,28,54,0,0,109,17-06-2019
"Gas, Naptha & Diesel",43,37,14,0,29,124,17-06-2019
"RES (Wind, Solar, Biomass & Others)",93,205,313,2,0,613,17-06-2019
Coal,566,1124,457,438,11,2595,17-06-2019
Lignite,16,14,36,0,0,66,17-06-2019
Total,1092,1420,930,517,61,4020,17-06-2019
Hydro,336,15,54,63,23,492,18-06-2019
Lignite,16,13,40,0,0,70,18-06-2019
Coal,533,1131,491,451,12,2618,18-06-2019
Total,1019,1384,956,516,60,3935,18-06-2019
"RES (Wind, Solar, Biomass & Others)",67,157,304,2,0,529,18-06-2019
Nuclear,28,28,52,0,0,107,18-06-2019
"Gas, Naptha & Diesel",39,40,15,0,25,119,18-06-2019
"RES (Wind, Solar, Biomass & Others)",54,133,331,2,0,519,19-06-2019
"Gas, Naptha & Diesel",40,43,16,0,28,127,19-06-2019
Nuclear,28,29,54,0,0,111,19-06-2019
Hydro,321,19,39,87,20,485,19-06-2019
Total,1033,1384,984,547,61,4009,19-06-2019
Lignite,16,15,37,0,0,68,19-06-2019
Coal,575,1146,507,458,13,2698,19-06-2019
Coal,573,1200,520,447,14,2754,20-06-2019
Hydro,313,19,42,84,18,476,20-06-2019
Nuclear,27,30,55,0,0,112,20-06-2019
"Gas, Naptha & Diesel",45,41,15,0,29,131,20-06-2019
Lignite,19,15,41,0,0,75,20-06-2019
"RES (Wind, Solar, Biomass & Others)",57,109,316,2,0,484,20-06-2019
Total,1035,1415,988,533,61,4031,20-06-2019
Lignite,21,16,47,0,0,84,21-06-2019
Nuclear,27,30,55,0,0,112,21-06-2019
"Gas, Naptha & Diesel",52,46,14,0,29,141,21-06-2019
"RES (Wind, Solar, Biomass & Others)",53,94,266,2,0,415,21-06-2019
Total,1085,1414,983,515,63,4059,21-06-2019
Coal,605,1211,554,434,16,2820,21-06-2019
Hydro,327,17,47,78,17,486,21-06-2019
Coal,607,1216,524,422,11,2780,22-06-2019
Lignite,24,15,49,0,0,89,22-06-2019
Nuclear,27,31,54,0,0,112,22-06-2019
Total,1080,1407,926,506,56,3975,22-06-2019
"RES (Wind, Solar, Biomass & Others)",50,79,250,2,0,381,22-06-2019
"Gas, Naptha & Diesel",54,56,13,0,29,152,22-06-2019
Hydro,318,11,36,82,16,463,22-06-2019
Nuclear,27,31,55,0,0,113,23-06-2019
Coal,588,1175,483,415,12,2674,23-06-2019
"Gas, Naptha & Diesel",48,45,13,0,30,135,23-06-2019
"RES (Wind, Solar, Biomass & Others)",58,79,215,3,0,354,23-06-2019
Total,1067,1350,842,510,58,3827,23-06-2019
Lignite,24,14,42,0,0,80,23-06-2019
Hydro,322,7,35,92,16,472,23-06-2019
Lignite,22,13,43,0,0,78,24-06-2019
Hydro,341,12,47,87,17,503,24-06-2019
Coal,584,1215,520,432,13,2765,24-06-2019
Nuclear,27,31,55,0,0,113,24-06-2019
"Gas, Naptha & Diesel",40,57,14,0,29,140,24-06-2019
"RES (Wind, Solar, Biomass & Others)",48,56,217,2,0,324,24-06-2019
Total,1063,1384,895,522,59,3923,24-06-2019
Coal,624,1233,529,434,15,2835,25-06-2019
"RES (Wind, Solar, Biomass & Others)",51,53,261,2,0,367,25-06-2019
Total,1112,1400,942,525,58,4038,25-06-2019
Lignite,22,14,49,0,0,84,25-06-2019
"Gas, Naptha & Diesel",37,57,13,0,27,134,25-06-2019
Nuclear,27,31,54,0,0,112,25-06-2019
Hydro,352,12,36,89,17,505,25-06-2019
Coal,638,1210,535,417,11,2811,26-06-2019
Lignite,22,15,48,0,0,85,26-06-2019
Hydro,358,10,32,93,18,511,26-06-2019
"Gas, Naptha & Diesel",36,52,13,0,28,128,26-06-2019
Nuclear,27,31,54,0,0,112,26-06-2019
"RES (Wind, Solar, Biomass & Others)",63,79,276,2,0,420,26-06-2019
Total,1143,1396,958,512,56,4066,26-06-2019
Lignite,17,17,47,0,0,81,27-06-2019
Coal,636,1168,511,423,12,2750,27-06-2019
"Gas, Naptha & Diesel",32,42,14,0,27,114,27-06-2019
Nuclear,27,31,54,0,0,112,27-06-2019
Hydro,349,11,26,96,22,505,27-06-2019
"RES (Wind, Solar, Biomass & Others)",85,125,305,2,0,516,27-06-2019
Total,1146,1394,957,521,61,4079,27-06-2019
"RES (Wind, Solar, Biomass & Others)",79,156,319,2,0,556,28-06-2019
Hydro,352,9,28,97,23,509,28-06-2019
Lignite,19,16,44,0,0,79,28-06-2019
Coal,655,1127,481,439,12,2714,28-06-2019
"Gas, Naptha & Diesel",31,40,14,0,28,112,28-06-2019
Nuclear,27,31,55,0,0,112,28-06-2019
Total,1163,1377,941,538,63,4082,28-06-2019
"RES (Wind, Solar, Biomass & Others)",85,153,299,2,0,540,29-06-2019
"Gas, Naptha & Diesel",32,39,12,0,29,112,29-06-2019
Nuclear,27,31,55,0,0,113,29-06-2019
Total,1152,1353,932,552,64,4054,29-06-2019
Hydro,338,12,35,94,25,504,29-06-2019
Lignite,19,16,47,0,0,82,29-06-2019
Coal,652,1103,484,456,10,2704,29-06-2019
Lignite,18,17,45,0,0,79,30-06-2019
Hydro,350,7,34,90,22,502,30-06-2019
Coal,642,1047,445,426,11,2571,30-06-2019
Total,1161,1285,856,519,62,3881,30-06-2019
"RES (Wind, Solar, Biomass & Others)",93,152,265,2,0,512,30-06-2019
"Gas, Naptha & Diesel",31,31,13,0,29,104,30-06-2019
Nuclear,27,31,55,0,0,113,30-06-2019
Hydro,364,12,40,87,21,524,01-07-2019
Nuclear,27,30,55,0,0,112,01-07-2019
Coal,658,1073,466,465,12,2674,01-07-2019
Lignite,17,17,45,0,0,79,01-07-2019
Total,1179,1292,895,553,61,3980,01-07-2019
"RES (Wind, Solar, Biomass & Others)",82,120,276,1,0,479,01-07-2019
"Gas, Naptha & Diesel",31,40,13,0,28,112,01-07-2019
Hydro,362,11,36,92,21,522,02-07-2019
"RES (Wind, Solar, Biomass & Others)",61,111,287,2,0,461,02-07-2019
Total,1150,1287,907,544,61,3949,02-07-2019
Coal,645,1071,467,450,12,2644,02-07-2019
Lignite,20,16,48,0,0,85,02-07-2019
"Gas, Naptha & Diesel",34,51,15,0,28,128,02-07-2019
Nuclear,27,27,54,0,0,108,02-07-2019
Coal,667,1078,454,446,25,2671,03-07-2019
Lignite,22,15,49,0,0,86,03-07-2019
Nuclear,27,27,55,0,0,109,03-07-2019
"Gas, Naptha & Diesel",34,41,16,0,50,142,03-07-2019
Total,1186,1289,912,541,113,4041,03-07-2019
Hydro,365,13,41,93,37,548,03-07-2019
"RES (Wind, Solar, Biomass & Others)",70,114,297,2,0,484,03-07-2019
"Gas, Naptha & Diesel",34,39,13,0,29,114,04-07-2019
"RES (Wind, Solar, Biomass & Others)",88,145,299,2,0,534,04-07-2019
Total,1160,1298,921,532,62,3973,04-07-2019
Coal,617,1061,474,440,14,2605,04-07-2019
Hydro,377,12,33,91,19,532,04-07-2019
Lignite,18,15,48,0,0,81,04-07-2019
Nuclear,27,26,55,0,0,108,04-07-2019
Lignite,19,15,47,0,0,81,05-07-2019
Hydro,374,11,30,98,19,533,05-07-2019
Nuclear,27,27,55,0,0,108,05-07-2019
"Gas, Naptha & Diesel",29,38,13,0,29,109,05-07-2019
"RES (Wind, Solar, Biomass & Others)",79,181,289,2,0,552,05-07-2019
Total,1097,1317,888,529,59,3890,05-07-2019
Coal,570,1044,453,429,11,2507,05-07-2019
Nuclear,28,27,55,0,0,110,06-07-2019
Hydro,351,14,29,104,17,515,06-07-2019
Lignite,17,15,46,0,0,78,06-07-2019
"RES (Wind, Solar, Biomass & Others)",83,171,291,2,0,548,06-07-2019
Total,1048,1285,864,517,55,3769,06-07-2019
Coal,540,1017,429,412,10,2408,06-07-2019
"Gas, Naptha & Diesel",29,40,14,0,28,110,06-07-2019
"Gas, Naptha & Diesel",30,35,16,0,26,106,07-07-2019
"RES (Wind, Solar, Biomass & Others)",79,166,298,2,0,545,07-07-2019
Total,1027,1214,835,485,55,3616,07-07-2019
Hydro,370,12,30,112,22,546,07-07-2019
Lignite,18,15,40,0,0,72,07-07-2019
Coal,503,959,396,372,6,2236,07-07-2019
Nuclear,27,27,55,0,0,110,07-07-2019
Total,1064,1283,881,529,61,3818,08-07-2019
"RES (Wind, Solar, Biomass & Others)",92,165,321,2,0,581,08-07-2019
Lignite,17,14,37,0,0,67,08-07-2019
"Gas, Naptha & Diesel",31,41,16,0,27,115,08-07-2019
Nuclear,27,28,55,0,0,111,08-07-2019
Coal,541,1017,412,400,8,2378,08-07-2019
Hydro,356,18,41,126,27,567,08-07-2019
Coal,503,1016,429,397,8,2353,09-07-2019
Hydro,341,17,36,124,28,545,09-07-2019
Lignite,18,14,33,0,0,65,09-07-2019
Nuclear,27,29,23,0,0,79,09-07-2019
"Gas, Naptha & Diesel",20,40,15,0,28,103,09-07-2019
"RES (Wind, Solar, Biomass & Others)",102,180,309,2,0,593,09-07-2019
Total,1010,1296,845,523,64,3738,09-07-2019
Hydro,352,15,34,118,30,550,10-07-2019
Nuclear,27,29,55,0,0,111,10-07-2019
"Gas, Naptha & Diesel",28,40,12,0,29,108,10-07-2019
"RES (Wind, Solar, Biomass & Others)",104,189,296,2,0,591,10-07-2019
Coal,494,1008,445,423,9,2379,10-07-2019
Total,1022,1294,874,543,69,3802,10-07-2019
Lignite,18,13,32,0,0,63,10-07-2019
"Gas, Naptha & Diesel",30,40,10,0,29,110,11-07-2019
Coal,486,1017,437,403,8,2351,11-07-2019
Lignite,17,13,32,0,0,62,11-07-2019
Hydro,358,18,41,119,29,566,11-07-2019
Total,1023,1331,850,523,67,3794,11-07-2019
"RES (Wind, Solar, Biomass & Others)",104,214,274,2,0,594,11-07-2019
Nuclear,27,30,55,0,0,112,11-07-2019
Lignite,20,14,37,0,0,71,12-07-2019
"Gas, Naptha & Diesel",32,49,11,0,24,117,12-07-2019
Nuclear,27,30,55,0,0,112,12-07-2019
Coal,511,1079,473,425,9,2497,12-07-2019
Total,1052,1383,852,540,64,3890,12-07-2019
Hydro,360,23,54,114,31,583,12-07-2019
"RES (Wind, Solar, Biomass & Others)",101,187,222,2,0,512,12-07-2019
Nuclear,27,30,55,0,0,112,13-07-2019
Coal,503,1107,450,423,9,2491,13-07-2019
Total,1046,1401,835,535,67,3883,13-07-2019
"RES (Wind, Solar, Biomass & Others)",108,187,235,2,0,533,13-07-2019
"Gas, Naptha & Diesel",31,43,11,0,26,111,13-07-2019
Lignite,20,14,36,0,0,70,13-07-2019
Hydro,357,19,48,110,32,566,13-07-2019
Hydro,346,12,40,103,31,531,14-07-2019
Nuclear,27,30,52,0,0,109,14-07-2019
"Gas, Naptha & Diesel",30,39,12,0,28,109,14-07-2019
Total,996,1343,817,484,67,3708,14-07-2019
"RES (Wind, Solar, Biomass & Others)",107,218,243,2,0,570,14-07-2019
Lignite,17,13,34,0,0,64,14-07-2019
Coal,469,1031,437,379,8,2324,14-07-2019
Hydro,342,17,40,113,31,542,15-07-2019
Nuclear,27,30,54,0,0,112,15-07-2019
Lignite,18,14,35,0,0,66,15-07-2019
Coal,470,1075,451,388,5,2389,15-07-2019
"Gas, Naptha & Diesel",29,41,12,0,29,111,15-07-2019
"RES (Wind, Solar, Biomass & Others)",107,215,273,2,0,598,15-07-2019
Total,994,1392,865,503,64,3818,15-07-2019
Coal,424,1096,473,394,10,2397,16-07-2019
Lignite,19,10,34,0,0,63,16-07-2019
Hydro,347,18,51,112,30,558,16-07-2019
Nuclear,27,30,58,0,0,116,16-07-2019
"Gas, Naptha & Diesel",29,44,12,0,29,114,16-07-2019
"RES (Wind, Solar, Biomass & Others)",99,185,253,2,0,540,16-07-2019
Total,945,1384,882,509,69,3788,16-07-2019
Nuclear,27,31,60,0,0,118,17-07-2019
Coal,447,1171,506,413,14,2549,17-07-2019
Lignite,21,10,41,0,0,72,17-07-2019
Hydro,309,25,54,118,31,537,17-07-2019
"Gas, Naptha & Diesel",16,50,12,0,29,107,17-07-2019
"RES (Wind, Solar, Biomass & Others)",79,140,232,2,0,452,17-07-2019
Total,899,1426,905,533,74,3836,17-07-2019
Coal,500,1201,482,441,16,2641,18-07-2019
"Gas, Naptha & Diesel",26,77,11,0,29,144,18-07-2019
Hydro,328,41,48,122,30,569,18-07-2019
"RES (Wind, Solar, Biomass & Others)",72,95,244,2,0,414,18-07-2019
Lignite,21,11,46,0,0,78,18-07-2019
Total,975,1456,888,565,75,3959,18-07-2019
Nuclear,27,31,56,0,0,114,18-07-2019
Lignite,23,14,46,0,0,83,19-07-2019
Hydro,334,40,44,101,30,549,19-07-2019
Total,1026,1447,874,553,75,3976,19-07-2019
"RES (Wind, Solar, Biomass & Others)",49,57,250,2,0,357,19-07-2019
Nuclear,27,31,60,0,0,118,19-07-2019
"Gas, Naptha & Diesel",29,102,11,0,29,172,19-07-2019
Coal,564,1203,463,450,16,2697,19-07-2019
"Gas, Naptha & Diesel",26,82,11,0,29,147,20-07-2019
Nuclear,27,31,60,0,0,119,20-07-2019
Hydro,340,32,42,117,29,560,20-07-2019
Lignite,22,14,44,0,0,79,20-07-2019
Coal,563,1193,477,446,15,2693,20-07-2019
Total,1025,1396,881,564,72,3939,20-07-2019
"RES (Wind, Solar, Biomass & Others)",46,45,248,2,0,341,20-07-2019
Total,1007,1317,872,561,70,3827,21-07-2019
Hydro,336,28,40,117,28,551,21-07-2019
Lignite,18,12,45,0,0,75,21-07-2019
Coal,556,1152,459,442,14,2624,21-07-2019
Nuclear,27,31,60,0,0,118,21-07-2019
"RES (Wind, Solar, Biomass & Others)",44,46,256,2,0,349,21-07-2019
"Gas, Naptha & Diesel",25,47,11,0,28,110,21-07-2019
"Gas, Naptha & Diesel",24,64,11,0,28,127,22-07-2019
Nuclear,27,31,60,0,0,118,22-07-2019
"RES (Wind, Solar, Biomass & Others)",48,59,248,2,0,358,22-07-2019
Total,1060,1391,909,570,70,4000,22-07-2019
Lignite,18,10,50,0,0,79,22-07-2019
Hydro,340,33,49,120,30,573,22-07-2019
Coal,603,1193,490,447,13,2747,22-07-2019
Lignite,19,12,49,0,0,80,23-07-2019
Hydro,330,36,42,117,30,555,23-07-2019
Nuclear,27,31,60,0,0,118,23-07-2019
"Gas, Naptha & Diesel",25,66,11,0,27,128,23-07-2019
"RES (Wind, Solar, Biomass & Others)",45,76,242,2,0,365,23-07-2019
Total,1067,1442,928,567,67,4071,23-07-2019
Coal,621,1221,524,448,11,2825,23-07-2019
"RES (Wind, Solar, Biomass & Others)",79,120,270,2,0,471,24-07-2019
Total,1103,1424,919,539,70,4054,24-07-2019
Hydro,347,16,38,116,31,548,24-07-2019
Coal,602,1187,493,421,10,2714,24-07-2019
Lignite,17,14,46,0,0,77,24-07-2019
Nuclear,27,31,60,0,0,118,24-07-2019
"Gas, Naptha & Diesel",31,56,11,0,29,127,24-07-2019
Total,1024,1374,868,497,68,3832,25-07-2019
Coal,536,1082,481,381,10,2490,25-07-2019
Lignite,15,14,42,0,0,71,25-07-2019
"RES (Wind, Solar, Biomass & Others)",91,185,236,2,0,514,25-07-2019
Nuclear,27,31,60,0,0,118,25-07-2019
"Gas, Naptha & Diesel",27,47,13,0,28,116,25-07-2019
Hydro,327,16,36,114,30,523,25-07-2019
"RES (Wind, Solar, Biomass & Others)",82,219,238,2,0,541,27-07-2019
Coal,448,977,417,356,11,2208,27-07-2019
Lignite,16,15,41,0,0,72,27-07-2019
Hydro,312,15,37,122,29,516,27-07-2019
Nuclear,27,31,60,0,0,118,27-07-2019
"Gas, Naptha & Diesel",25,43,16,0,29,113,27-07-2019
Total,910,1300,808,480,69,3567,27-07-2019
Coal,420,938,384,337,10,2089,28-07-2019
Lignite,13,16,43,0,0,73,28-07-2019
Hydro,336,17,41,114,28,536,28-07-2019
"Gas, Naptha & Diesel",29,38,16,0,29,111,28-07-2019
"RES (Wind, Solar, Biomass & Others)",64,201,243,2,0,511,28-07-2019
Total,890,1241,787,453,67,3438,28-07-2019
Nuclear,27,31,60,0,0,119,28-07-2019
Total,951,1293,816,462,67,3589,29-07-2019
"RES (Wind, Solar, Biomass & Others)",75,176,266,2,0,520,29-07-2019
"Gas, Naptha & Diesel",30,39,16,0,29,115,29-07-2019
Nuclear,27,31,60,0,0,118,29-07-2019
Hydro,336,21,46,115,26,543,29-07-2019
Lignite,17,13,40,0,0,71,29-07-2019
Coal,466,1011,388,345,11,2222,29-07-2019
Coal,535,1034,406,363,11,2349,30-07-2019
Lignite,20,12,42,0,0,75,30-07-2019
Hydro,334,20,52,124,26,556,30-07-2019
Nuclear,27,31,60,0,0,118,30-07-2019
"Gas, Naptha & Diesel",30,39,15,0,29,112,30-07-2019
"RES (Wind, Solar, Biomass & Others)",49,180,243,2,0,474,30-07-2019
Total,996,1315,817,489,66,3684,30-07-2019
"Gas, Naptha & Diesel",30,40,14,0,29,114,31-07-2019
Nuclear,27,31,60,0,0,119,31-07-2019
Hydro,319,20,52,126,27,543,31-07-2019
Lignite,20,12,46,0,0,78,31-07-2019
Coal,555,998,419,370,12,2353,31-07-2019
Total,1007,1283,877,498,68,3731,31-07-2019
"RES (Wind, Solar, Biomass & Others)",55,182,285,2,0,525,31-07-2019
Lignite,15,11,47,0,0,72,01-08-2019
"RES (Wind, Solar, Biomass & Others)",70,152,318,2,0,543,01-08-2019
"Gas, Naptha & Diesel",31,39,16,0,28,113,01-08-2019
Nuclear,27,31,60,0,0,119,01-08-2019
Hydro,332,19,55,137,29,573,01-08-2019
Total,1029,1244,907,510,68,3759,01-08-2019
Coal,554,993,411,371,11,2340,01-08-2019
Nuclear,27,31,60,0,0,119,02-08-2019
"Gas, Naptha & Diesel",31,41,16,0,26,113,02-08-2019
"RES (Wind, Solar, Biomass & Others)",66,143,302,2,0,513,02-08-2019
Total,974,1250,883,507,64,3678,02-08-2019
Hydro,331,21,58,139,29,579,02-08-2019
Lignite,16,11,50,0,0,77,02-08-2019
Coal,503,1004,397,365,8,2277,02-08-2019
"Gas, Naptha & Diesel",30,39,16,0,29,113,03-08-2019
Coal,483,1007,390,353,8,2241,03-08-2019
"RES (Wind, Solar, Biomass & Others)",53,155,280,2,0,490,03-08-2019
Lignite,14,12,50,0,0,76,03-08-2019
Nuclear,27,31,60,0,0,119,03-08-2019
Total,940,1266,857,493,66,3622,03-08-2019
Hydro,332,23,61,137,30,583,03-08-2019
Total,973,1213,822,465,66,3540,04-08-2019
"RES (Wind, Solar, Biomass & Others)",50,160,278,2,0,490,04-08-2019
"Gas, Naptha & Diesel",29,33,16,0,29,106,04-08-2019
Nuclear,27,31,55,0,0,113,04-08-2019
Hydro,345,22,50,119,28,564,04-08-2019
Lignite,15,11,49,0,0,75,04-08-2019
Coal,507,957,375,344,10,2192,04-08-2019
"RES (Wind, Solar, Biomass & Others)",75,162,303,3,0,543,05-08-2019
"Gas, Naptha & Diesel",32,47,16,0,30,125,05-08-2019
Nuclear,27,31,55,0,0,113,05-08-2019
Hydro,351,22,81,128,27,609,05-08-2019
Lignite,17,9,50,0,0,76,05-08-2019
Coal,543,977,384,372,12,2288,05-08-2019
Total,1045,1248,889,504,68,3754,05-08-2019
Coal,520,955,365,346,10,2196,06-08-2019
Nuclear,27,31,55,0,0,113,06-08-2019
"Gas, Naptha & Diesel",36,49,16,0,29,130,06-08-2019
"RES (Wind, Solar, Biomass & Others)",86,158,286,2,0,532,06-08-2019
Total,1027,1226,872,466,66,3657,06-08-2019
Lignite,17,12,47,0,0,75,06-08-2019
Hydro,342,21,104,117,26,610,06-08-2019
Hydro,346,22,117,105,24,614,07-08-2019
Total,998,1218,855,426,62,3558,07-08-2019
"RES (Wind, Solar, Biomass & Others)",61,170,288,2,0,521,07-08-2019
"Gas, Naptha & Diesel",33,45,16,0,27,121,07-08-2019
Nuclear,27,31,55,0,0,113,07-08-2019
Coal,513,938,339,318,11,2118,07-08-2019
Lignite,18,13,41,0,0,71,07-08-2019
"Gas, Naptha & Diesel",36,42,15,0,27,121,08-08-2019
Coal,543,967,327,339,10,2185,08-08-2019
Lignite,19,14,42,0,0,76,08-08-2019
Hydro,337,25,117,105,24,608,08-08-2019
Nuclear,27,28,55,0,0,110,08-08-2019
"RES (Wind, Solar, Biomass & Others)",47,138,282,1,0,468,08-08-2019
Total,1009,1213,838,446,62,3568,08-08-2019
Total,954,1246,839,466,61,3566,09-08-2019
"RES (Wind, Solar, Biomass & Others)",61,171,295,2,0,529,09-08-2019
Coal,519,930,322,349,7,2127,09-08-2019
Lignite,19,14,44,0,0,77,09-08-2019
Hydro,289,61,109,115,26,600,09-08-2019
Nuclear,27,29,54,0,0,110,09-08-2019
"Gas, Naptha & Diesel",38,42,15,0,27,122,09-08-2019
Total,1019,1261,848,473,59,3660,10-08-2019
"RES (Wind, Solar, Biomass & Others)",61,171,295,2,0,529,10-08-2019
Hydro,354,76,118,122,25,695,10-08-2019
Nuclear,27,29,54,0,0,110,10-08-2019
"Gas, Naptha & Diesel",38,42,15,0,27,122,10-08-2019
Coal,519,930,322,349,7,2127,10-08-2019
Lignite,19,14,44,0,0,77,10-08-2019
Total,1021,1216,872,491,61,3661,11-08-2019
"Gas, Naptha & Diesel",31,39,15,0,29,113,11-08-2019
Nuclear,27,31,53,0,0,112,11-08-2019
Hydro,348,74,131,119,25,696,11-08-2019
Lignite,20,8,41,0,0,69,11-08-2019
Coal,527,923,337,370,8,2165,11-08-2019
"RES (Wind, Solar, Biomass & Others)",68,141,295,2,0,506,11-08-2019
"Gas, Naptha & Diesel",38,59,15,0,27,138,12-08-2019
Coal,569,970,380,409,8,2335,12-08-2019
Lignite,25,8,45,0,0,79,12-08-2019
Hydro,352,92,136,112,22,714,12-08-2019
Nuclear,21,31,53,0,0,106,12-08-2019
"RES (Wind, Solar, Biomass & Others)",53,92,301,2,0,448,12-08-2019
Total,1058,1252,929,523,58,3820,12-08-2019
Total,1049,1275,889,508,57,3779,13-08-2019
Lignite,19,8,42,0,0,69,13-08-2019
Hydro,350,104,133,107,23,716,13-08-2019
Nuclear,27,31,53,0,0,111,13-08-2019
"Gas, Naptha & Diesel",34,57,15,0,28,133,13-08-2019
"RES (Wind, Solar, Biomass & Others)",63,88,279,2,0,432,13-08-2019
Coal,557,988,367,399,7,2318,13-08-2019
Lignite,16,8,39,0,0,64,14-08-2019
"Gas, Naptha & Diesel",34,40,15,0,28,117,14-08-2019
Nuclear,26,31,55,0,0,112,14-08-2019
Hydro,349,106,136,122,21,733,14-08-2019
Coal,534,972,373,376,7,2262,14-08-2019
Total,1022,1254,898,500,56,3729,14-08-2019
"RES (Wind, Solar, Biomass & Others)",62,97,280,2,0,442,14-08-2019
Coal,466,838,341,327,5,1978,15-08-2019
Lignite,16,7,36,0,0,59,15-08-2019
Hydro,350,99,125,124,24,722,15-08-2019
Nuclear,27,29,27,0,0,83,15-08-2019
"Gas, Naptha & Diesel",27,35,16,0,25,103,15-08-2019
"RES (Wind, Solar, Biomass & Others)",45,108,252,2,0,407,15-08-2019
Total,931,1117,795,454,54,3351,15-08-2019
Lignite,16,6,38,0,0,60,16-08-2019
Hydro,359,106,127,129,23,744,16-08-2019
"Gas, Naptha & Diesel",26,37,16,0,21,101,16-08-2019
Total,957,1197,872,481,51,3558,16-08-2019
Coal,469,882,385,350,6,2091,16-08-2019
Nuclear,28,29,58,0,0,115,16-08-2019
"RES (Wind, Solar, Biomass & Others)",59,137,249,2,0,447,16-08-2019
Coal,409,936,395,344,7,2091,17-08-2019
Lignite,17,9,39,0,0,65,17-08-2019
"Gas, Naptha & Diesel",32,36,16,0,22,105,17-08-2019
Hydro,362,103,142,127,24,758,17-08-2019
Nuclear,27,29,55,0,0,111,17-08-2019
"RES (Wind, Solar, Biomass & Others)",65,112,172,2,0,352,17-08-2019
Total,913,1225,819,472,53,3482,17-08-2019
Hydro,278,96,137,131,22,664,18-08-2019
Coal,356,965,407,329,8,2064,18-08-2019
Lignite,19,8,42,0,0,70,18-08-2019
Total,791,1230,794,461,52,3329,18-08-2019
"RES (Wind, Solar, Biomass & Others)",75,91,138,2,0,306,18-08-2019
Nuclear,27,32,55,0,0,114,18-08-2019
"Gas, Naptha & Diesel",35,38,14,0,23,110,18-08-2019
Nuclear,27,32,55,0,0,114,19-08-2019
Hydro,295,95,154,124,22,690,19-08-2019
Total,847,1285,877,492,52,3553,19-08-2019
"RES (Wind, Solar, Biomass & Others)",58,77,168,2,0,305,19-08-2019
Lignite,23,9,46,0,0,77,19-08-2019
"Gas, Naptha & Diesel",38,45,15,0,22,121,19-08-2019
Coal,406,1027,439,366,8,2246,19-08-2019
Total,950,1308,902,493,53,3706,20-08-2019
"RES (Wind, Solar, Biomass & Others)",56,77,193,3,0,329,20-08-2019
"Gas, Naptha & Diesel",39,48,17,0,23,127,20-08-2019
Nuclear,27,30,55,0,0,112,20-08-2019
Hydro,343,110,149,131,21,755,20-08-2019
Coal,463,1032,444,360,9,2308,20-08-2019
Lignite,22,10,44,0,0,76,20-08-2019
"Gas, Naptha & Diesel",41,42,15,0,23,121,21-08-2019
Total,1015,1300,945,478,53,3791,21-08-2019
"RES (Wind, Solar, Biomass & Others)",83,107,255,2,0,447,21-08-2019
Nuclear,27,31,55,0,0,113,21-08-2019
Hydro,358,107,143,123,20,751,21-08-2019
Lignite,20,12,41,0,0,73,21-08-2019
Coal,486,1000,436,353,9,2284,21-08-2019
Coal,510,1031,435,358,8,2342,22-08-2019
Lignite,19,12,31,0,0,62,22-08-2019
Total,1018,1314,922,481,50,3785,22-08-2019
"RES (Wind, Solar, Biomass & Others)",74,95,254,2,0,424,22-08-2019
"Gas, Naptha & Diesel",36,43,15,0,23,117,22-08-2019
Nuclear,27,31,55,0,0,113,22-08-2019
Hydro,352,101,132,121,20,727,22-08-2019
"RES (Wind, Solar, Biomass & Others)",72,85,279,2,0,437,23-08-2019
Lignite,21,13,30,0,0,64,23-08-2019
Coal,554,1059,403,334,4,2354,23-08-2019
Hydro,362,96,126,122,21,727,23-08-2019
"Gas, Naptha & Diesel",37,59,16,0,22,134,23-08-2019
Total,1073,1343,909,458,47,3830,23-08-2019
Nuclear,28,31,55,0,0,114,23-08-2019
"Gas, Naptha & Diesel",35,37,16,0,19,108,24-08-2019
Total,1065,1272,887,474,48,3746,24-08-2019
Nuclear,28,31,55,0,0,114,24-08-2019
Coal,547,1006,375,332,6,2267,24-08-2019
Hydro,355,93,120,139,22,730,24-08-2019
Lignite,21,13,31,0,0,65,24-08-2019
"RES (Wind, Solar, Biomass & Others)",79,91,289,2,0,461,24-08-2019
"RES (Wind, Solar, Biomass & Others)",65,81,282,2,0,430,25-08-2019
Nuclear,27,31,55,0,0,114,25-08-2019
Coal,543,976,378,353,7,2258,25-08-2019
Total,985,1228,844,498,48,3603,25-08-2019
Lignite,19,10,35,0,0,64,25-08-2019
"Gas, Naptha & Diesel",32,39,16,0,21,108,25-08-2019
Hydro,299,91,78,143,19,629,25-08-2019
"RES (Wind, Solar, Biomass & Others)",55,76,286,2,0,419,26-08-2019
Hydro,356,94,92,138,20,700,26-08-2019
Lignite,19,11,41,0,0,71,26-08-2019
Total,1042,1275,893,503,50,3763,26-08-2019
"Gas, Naptha & Diesel",32,43,16,0,22,113,26-08-2019
Nuclear,27,31,55,0,0,113,26-08-2019
Coal,553,1020,403,363,8,2347,26-08-2019
Lignite,20,12,48,0,0,81,27-08-2019
Total,1101,1306,945,514,51,3916,27-08-2019
"RES (Wind, Solar, Biomass & Others)",53,90,276,2,0,422,27-08-2019
"Gas, Naptha & Diesel",35,40,16,0,21,112,27-08-2019
Nuclear,27,31,55,0,0,113,27-08-2019
Coal,599,1031,438,375,10,2455,27-08-2019
Hydro,366,101,111,136,19,733,27-08-2019
"RES (Wind, Solar, Biomass & Others)",43,67,258,2,0,370,28-08-2019
Total,1145,1338,959,517,48,4008,28-08-2019
"Gas, Naptha & Diesel",38,49,16,0,20,123,28-08-2019
Nuclear,27,31,55,0,0,114,28-08-2019
Hydro,371,116,112,129,19,748,28-08-2019
Lignite,20,12,46,0,0,77,28-08-2019
Coal,646,1063,471,386,10,2576,28-08-2019
Hydro,371,113,107,141,19,751,29-08-2019
Coal,650,1090,485,385,11,2621,29-08-2019
Lignite,19,8,45,0,0,73,29-08-2019
Nuclear,27,31,55,0,0,114,29-08-2019
"Gas, Naptha & Diesel",39,58,17,0,22,135,29-08-2019
Total,1152,1359,974,528,51,4064,29-08-2019
"RES (Wind, Solar, Biomass & Others)",46,58,264,2,0,370,29-08-2019
Coal,643,1080,479,391,11,2604,30-08-2019
Hydro,360,97,92,138,17,705,30-08-2019
Nuclear,27,31,55,0,0,114,30-08-2019
Total,1132,1344,984,532,50,4041,30-08-2019
"Gas, Naptha & Diesel",34,58,16,0,21,130,30-08-2019
"RES (Wind, Solar, Biomass & Others)",48,72,294,2,0,416,30-08-2019
Lignite,20,7,46,0,0,73,30-08-2019
Lignite,20,6,42,0,0,68,31-08-2019
Hydro,363,100,91,134,18,707,31-08-2019
Nuclear,27,31,56,0,0,114,31-08-2019
"Gas, Naptha & Diesel",37,62,16,0,20,136,31-08-2019
"RES (Wind, Solar, Biomass & Others)",49,69,280,2,0,400,31-08-2019
Total,1133,1324,942,553,47,3998,31-08-2019
Coal,637,1055,457,417,9,2574,31-08-2019
Lignite,17,4,36,0,0,57,01-09-2019
Nuclear,27,31,56,0,0,114,01-09-2019
"Gas, Naptha & Diesel",38,54,16,0,17,126,01-09-2019
"RES (Wind, Solar, Biomass & Others)",45,77,222,2,0,346,01-09-2019
Hydro,359,99,89,136,16,698,01-09-2019
Coal,575,968,422,394,8,2368,01-09-2019
Total,1060,1234,840,532,41,3707,01-09-2019
Coal,566,996,405,404,8,2378,02-09-2019
Total,1047,1246,839,542,38,3712,02-09-2019
"RES (Wind, Solar, Biomass & Others)",40,72,232,2,0,346,02-09-2019
"Gas, Naptha & Diesel",37,46,16,0,15,113,02-09-2019
Lignite,16,4,35,0,0,55,02-09-2019
Nuclear,27,31,56,0,0,114,02-09-2019
Hydro,362,98,94,136,16,706,02-09-2019
Hydro,360,103,103,134,16,717,03-09-2019
"Gas, Naptha & Diesel",39,47,17,0,22,125,03-09-2019
Nuclear,27,31,55,0,0,113,03-09-2019
Lignite,16,5,38,0,0,59,03-09-2019
Total,1057,1277,876,556,46,3812,03-09-2019
"RES (Wind, Solar, Biomass & Others)",42,78,254,2,0,375,03-09-2019
Coal,573,1013,408,421,7,2422,03-09-2019
"Gas, Naptha & Diesel",41,43,16,0,21,121,04-09-2019
Nuclear,27,31,55,0,0,114,04-09-2019
Hydro,365,100,115,136,19,735,04-09-2019
"RES (Wind, Solar, Biomass & Others)",44,80,264,2,0,390,04-09-2019
Coal,554,1020,395,424,5,2399,04-09-2019
Lignite,19,7,39,0,0,65,04-09-2019
Total,1051,1281,885,562,45,3824,04-09-2019
"Gas, Naptha & Diesel",39,46,16,0,21,122,05-09-2019
"RES (Wind, Solar, Biomass & Others)",51,83,295,2,0,432,05-09-2019
Total,1039,1258,922,568,48,3835,05-09-2019
Hydro,361,97,130,138,19,746,05-09-2019
Nuclear,27,31,55,0,0,113,05-09-2019
Lignite,19,8,41,0,0,69,05-09-2019
Coal,541,992,384,428,8,2353,05-09-2019
Coal,534,973,370,437,7,2322,06-09-2019
Lignite,21,10,44,0,0,76,06-09-2019
Hydro,375,112,154,130,20,791,06-09-2019
Nuclear,27,31,55,0,0,114,06-09-2019
"Gas, Naptha & Diesel",39,52,16,0,20,128,06-09-2019
"RES (Wind, Solar, Biomass & Others)",53,84,309,2,0,448,06-09-2019
Total,1049,1263,949,569,47,3878,06-09-2019
Coal,543,959,342,412,7,2263,07-09-2019
Lignite,20,10,44,0,0,75,07-09-2019
Hydro,376,121,163,130,22,812,07-09-2019
Nuclear,27,31,55,0,0,113,07-09-2019
"Gas, Naptha & Diesel",36,61,16,0,21,134,07-09-2019
"RES (Wind, Solar, Biomass & Others)",52,83,302,2,0,438,07-09-2019
Total,1054,1265,922,544,50,3835,07-09-2019
Nuclear,27,31,58,0,0,116,08-09-2019
Coal,523,937,330,384,7,2182,08-09-2019
Lignite,20,8,43,0,0,71,08-09-2019
Hydro,368,119,152,134,20,794,08-09-2019
"Gas, Naptha & Diesel",33,39,16,0,21,110,08-09-2019
Total,1021,1219,883,521,49,3693,08-09-2019
"RES (Wind, Solar, Biomass & Others)",50,85,284,2,0,421,08-09-2019
Lignite,23,9,44,0,0,76,09-09-2019
Coal,560,975,355,406,8,2305,09-09-2019
Total,1067,1260,955,551,50,3883,09-09-2019
"Gas, Naptha & Diesel",39,49,16,0,22,125,09-09-2019
Nuclear,27,31,61,0,0,119,09-09-2019
"RES (Wind, Solar, Biomass & Others)",54,82,304,2,0,443,09-09-2019
Hydro,363,114,176,143,20,816,09-09-2019
Coal,598,978,386,430,8,2399,10-09-2019
"Gas, Naptha & Diesel",44,54,14,0,20,132,10-09-2019
"RES (Wind, Solar, Biomass & Others)",63,77,273,2,0,415,10-09-2019
Total,1124,1257,959,569,51,3959,10-09-2019
Lignite,24,8,48,0,0,81,10-09-2019
Nuclear,27,31,60,0,0,119,10-09-2019
Hydro,367,109,178,137,23,814,10-09-2019
Lignite,20,8,50,0,0,78,11-09-2019
Hydro,355,106,170,139,23,793,11-09-2019
Coal,601,980,414,426,8,2429,11-09-2019
Total,1124,1268,946,567,51,3957,11-09-2019
"RES (Wind, Solar, Biomass & Others)",72,86,237,2,0,396,11-09-2019
"Gas, Naptha & Diesel",49,57,16,0,21,142,11-09-2019
Nuclear,27,31,60,0,0,119,11-09-2019
Lignite,18,10,45,0,0,73,12-09-2019
Total,1149,1220,926,542,51,3888,12-09-2019
"RES (Wind, Solar, Biomass & Others)",87,109,229,2,0,428,12-09-2019
"Gas, Naptha & Diesel",41,50,16,0,20,128,12-09-2019
Hydro,355,100,169,143,27,795,12-09-2019
Nuclear,27,31,60,0,0,119,12-09-2019
Coal,620,919,407,397,4,2346,12-09-2019
Hydro,345,106,171,144,24,790,13-09-2019
Lignite,18,10,43,0,0,71,13-09-2019
Coal,616,911,411,379,5,2322,13-09-2019
Nuclear,27,30,60,0,0,118,13-09-2019
"RES (Wind, Solar, Biomass & Others)",76,116,216,2,0,410,13-09-2019
Total,1123,1225,918,525,48,3839,13-09-2019
"Gas, Naptha & Diesel",41,52,16,0,20,129,13-09-2019
Total,1096,1232,910,535,55,3827,14-09-2019
Hydro,332,104,171,143,24,773,14-09-2019
"Gas, Naptha & Diesel",41,54,16,0,25,135,14-09-2019
Nuclear,27,29,60,0,0,117,14-09-2019
Lignite,18,10,46,0,0,74,14-09-2019
Coal,615,923,409,389,6,2342,14-09-2019
"RES (Wind, Solar, Biomass & Others)",64,113,208,2,0,387,14-09-2019
Hydro,328,113,163,145,23,773,15-09-2019
Coal,579,895,400,381,11,2266,15-09-2019
Lignite,21,11,45,0,0,77,15-09-2019
Nuclear,27,28,60,0,0,116,15-09-2019
Total,1050,1200,896,529,59,3733,15-09-2019
"RES (Wind, Solar, Biomass & Others)",56,107,212,2,0,377,15-09-2019
"Gas, Naptha & Diesel",39,45,16,0,26,125,15-09-2019
"RES (Wind, Solar, Biomass & Others)",71,110,213,3,0,397,16-09-2019
Hydro,327,126,169,144,27,794,16-09-2019
Nuclear,27,28,60,0,0,115,16-09-2019
"Gas, Naptha & Diesel",40,52,16,0,25,133,16-09-2019
Total,1055,1260,918,562,64,3858,16-09-2019
Lignite,22,11,47,0,0,80,16-09-2019
Coal,568,933,413,415,11,2339,16-09-2019
Coal,573,966,426,418,11,2394,17-09-2019
"Gas, Naptha & Diesel",41,65,16,0,25,147,17-09-2019
Nuclear,27,20,61,0,0,107,17-09-2019
Total,1054,1254,873,555,63,3800,17-09-2019
Lignite,19,12,42,0,0,73,17-09-2019
Hydro,322,116,149,135,27,750,17-09-2019
"RES (Wind, Solar, Biomass & Others)",71,76,180,2,0,328,17-09-2019
"RES (Wind, Solar, Biomass & Others)",55,50,171,2,0,278,18-09-2019
"Gas, Naptha & Diesel",44,73,15,0,27,159,18-09-2019
Coal,587,977,390,408,10,2372,18-09-2019
Total,1040,1244,830,538,64,3717,18-09-2019
Lignite,20,12,38,0,0,70,18-09-2019
Hydro,306,118,156,127,26,734,18-09-2019
Nuclear,27,15,60,0,0,103,18-09-2019
Hydro,296,124,154,140,24,738,19-09-2019
Total,1002,1237,838,560,64,3700,19-09-2019
"RES (Wind, Solar, Biomass & Others)",48,56,156,2,0,262,19-09-2019
Coal,564,964,413,417,12,2370,19-09-2019
"Gas, Naptha & Diesel",44,65,16,0,28,153,19-09-2019
Lignite,21,13,39,0,0,73,19-09-2019
Nuclear,28,15,60,0,0,104,19-09-2019
Lignite,22,12,43,0,0,76,20-09-2019
Coal,573,990,419,424,12,2418,20-09-2019
"RES (Wind, Solar, Biomass & Others)",50,55,176,2,0,284,20-09-2019
Nuclear,27,16,60,0,0,104,20-09-2019
Total,1008,1263,869,567,59,3767,20-09-2019
"Gas, Naptha & Diesel",40,75,16,0,28,158,20-09-2019
Hydro,296,115,155,140,20,727,20-09-2019
Coal,569,991,433,430,12,2435,21-09-2019
"Gas, Naptha & Diesel",40,69,16,0,28,153,21-09-2019
Nuclear,27,26,60,0,0,113,21-09-2019
Hydro,292,110,156,135,21,714,21-09-2019
Lignite,22,12,45,0,0,79,21-09-2019
"RES (Wind, Solar, Biomass & Others)",50,48,163,2,0,263,21-09-2019
Total,1000,1255,874,568,60,3757,21-09-2019
Total,894,1206,811,541,59,3511,22-09-2019
"Gas, Naptha & Diesel",37,55,15,0,27,135,22-09-2019
Nuclear,28,27,60,0,0,115,22-09-2019
Hydro,268,117,155,134,21,695,22-09-2019
Lignite,20,11,43,0,0,74,22-09-2019
Coal,497,924,418,405,10,2254,22-09-2019
"RES (Wind, Solar, Biomass & Others)",46,71,118,2,0,237,22-09-2019
"Gas, Naptha & Diesel",39,67,16,0,24,146,23-09-2019
Total,895,1255,866,559,57,3633,23-09-2019
Hydro,255,117,156,134,24,686,23-09-2019
Lignite,20,12,46,0,0,78,23-09-2019
Coal,509,988,460,424,9,2389,23-09-2019
"RES (Wind, Solar, Biomass & Others)",44,44,128,2,0,219,23-09-2019
Nuclear,28,28,60,0,0,116,23-09-2019
"RES (Wind, Solar, Biomass & Others)",45,34,107,2,0,188,24-09-2019
Lignite,21,12,44,0,0,77,24-09-2019
"Gas, Naptha & Diesel",42,81,16,0,25,164,24-09-2019
Hydro,255,123,148,138,27,691,24-09-2019
Nuclear,27,29,60,0,0,116,24-09-2019
Total,913,1250,839,531,59,3592,24-09-2019
Coal,523,971,464,392,7,2356,24-09-2019
"RES (Wind, Solar, Biomass & Others)",52,41,124,2,0,220,25-09-2019
"Gas, Naptha & Diesel",39,71,16,0,28,154,25-09-2019
Total,934,1232,821,479,60,3526,25-09-2019
Coal,527,949,424,361,4,2265,25-09-2019
Lignite,21,13,42,0,0,76,25-09-2019
Hydro,267,130,153,116,28,694,25-09-2019
Nuclear,27,29,60,0,0,116,25-09-2019
Nuclear,27,28,60,0,0,115,26-09-2019
"Gas, Naptha & Diesel",39,63,17,0,27,146,26-09-2019
Lignite,25,13,39,0,0,77,26-09-2019
Coal,483,953,401,334,5,2176,26-09-2019
Total,903,1209,796,462,60,3430,26-09-2019
Hydro,279,113,145,127,28,691,26-09-2019
"RES (Wind, Solar, Biomass & Others)",49,41,134,1,0,225,26-09-2019
"RES (Wind, Solar, Biomass & Others)",48,41,124,2,0,214,27-09-2019
Lignite,21,13,41,0,0,74,27-09-2019
Hydro,286,112,153,126,27,703,27-09-2019
Total,843,1208,766,467,60,3344,27-09-2019
Nuclear,27,27,60,0,0,114,27-09-2019
"Gas, Naptha & Diesel",40,60,16,0,26,142,27-09-2019
Coal,421,957,372,340,7,2096,27-09-2019
Lignite,22,13,41,0,0,76,28-09-2019
Total,774,1182,773,452,59,3241,28-09-2019
Coal,372,920,367,324,8,1991,28-09-2019
"RES (Wind, Solar, Biomass & Others)",47,59,123,2,0,231,28-09-2019
"Gas, Naptha & Diesel",40,62,16,0,27,145,28-09-2019
Nuclear,23,29,60,0,0,112,28-09-2019
Hydro,269,101,166,127,24,687,28-09-2019
"Gas, Naptha & Diesel",33,51,16,0,27,127,29-09-2019
Hydro,267,101,151,121,25,665,29-09-2019
"RES (Wind, Solar, Biomass & Others)",46,85,126,2,0,258,29-09-2019
Coal,338,843,349,283,7,1820,29-09-2019
Total,724,1119,740,406,59,3048,29-09-2019
Lignite,17,11,38,0,0,66,29-09-2019
Nuclear,23,29,60,0,0,112,29-09-2019
Coal,403,891,395,309,8,2006,01-10-2019
Coal,340,884,388,296,8,1915,01-10-2019
Lignite,17,12,43,0,0,72,01-10-2019
Lignite,19,13,42,0,0,74,01-10-2019
Total,785,1188,807,443,59,3282,01-10-2019
"Gas, Naptha & Diesel",29,60,16,0,27,132,01-10-2019
Nuclear,23,29,60,0,0,112,01-10-2019
"RES (Wind, Solar, Biomass & Others)",45,81,126,2,0,254,01-10-2019
"RES (Wind, Solar, Biomass & Others)",52,94,132,2,0,280,01-10-2019
Hydro,276,103,168,132,24,703,01-10-2019
Total,736,1167,800,429,59,3191,01-10-2019
Hydro,260,101,162,132,24,679,01-10-2019
"Gas, Naptha & Diesel",34,58,16,0,27,135,01-10-2019
Nuclear,23,30,60,0,0,113,01-10-2019
Total,759,1140,769,458,61,3187,02-10-2019
Nuclear,23,31,59,0,0,112,02-10-2019
Lignite,15,13,46,0,0,74,02-10-2019
"RES (Wind, Solar, Biomass & Others)",55,65,114,2,0,236,02-10-2019
Hydro,234,97,149,131,27,637,02-10-2019
"Gas, Naptha & Diesel",25,59,16,0,27,127,02-10-2019
Coal,408,875,386,325,7,2001,02-10-2019
Total,796,1185,810,502,60,3353,03-10-2019
Lignite,15,13,48,0,0,76,03-10-2019
Hydro,212,102,153,138,25,630,03-10-2019
Nuclear,26,31,55,0,0,112,03-10-2019
Coal,455,911,417,362,8,2152,03-10-2019
"Gas, Naptha & Diesel",26,79,16,0,28,148,03-10-2019
"RES (Wind, Solar, Biomass & Others)",63,49,122,2,0,235,03-10-2019
Lignite,15,12,51,0,0,78,04-10-2019
"Gas, Naptha & Diesel",27,72,16,0,29,144,04-10-2019
Nuclear,27,31,55,0,0,113,04-10-2019
"RES (Wind, Solar, Biomass & Others)",55,38,132,2,0,228,04-10-2019
Hydro,208,98,114,137,24,582,04-10-2019
Total,786,1190,811,532,65,3383,04-10-2019
Coal,454,939,443,392,12,2240,04-10-2019
Hydro,209,103,99,130,24,564,05-10-2019
Total,804,1196,790,536,65,3391,05-10-2019
"RES (Wind, Solar, Biomass & Others)",48,35,122,2,0,207,05-10-2019
Coal,474,953,449,405,12,2294,05-10-2019
Nuclear,28,31,55,0,0,113,05-10-2019
Lignite,16,11,49,0,0,75,05-10-2019
"Gas, Naptha & Diesel",30,64,15,0,29,138,05-10-2019
"Gas, Naptha & Diesel",31,63,15,0,29,138,06-10-2019
"RES (Wind, Solar, Biomass & Others)",58,35,112,2,0,207,06-10-2019
Hydro,206,95,95,118,24,539,06-10-2019
Nuclear,28,30,59,0,0,116,06-10-2019
Coal,488,927,404,382,10,2211,06-10-2019
Lignite,13,9,46,0,0,69,06-10-2019
Total,823,1160,731,503,64,3280,06-10-2019
Lignite,14,10,46,0,0,69,07-10-2019
"RES (Wind, Solar, Biomass & Others)",51,35,113,2,0,202,07-10-2019
"Gas, Naptha & Diesel",28,64,15,0,25,132,07-10-2019
Nuclear,27,29,60,0,0,116,07-10-2019
Coal,495,964,387,370,11,2228,07-10-2019
Total,812,1202,722,482,57,3274,07-10-2019
Hydro,197,100,100,110,21,528,07-10-2019
Nuclear,28,29,60,0,0,117,08-10-2019
"RES (Wind, Solar, Biomass & Others)",49,44,114,2,0,209,08-10-2019
Coal,459,882,365,337,10,2052,08-10-2019
"Gas, Naptha & Diesel",32,62,16,0,23,133,08-10-2019
Total,780,1122,728,447,51,3129,08-10-2019
Hydro,199,98,131,109,19,556,08-10-2019
Lignite,14,8,41,0,0,63,08-10-2019
Hydro,199,101,147,127,17,590,09-10-2019
"RES (Wind, Solar, Biomass & Others)",46,42,114,2,0,204,09-10-2019
"Gas, Naptha & Diesel",32,69,15,0,23,139,09-10-2019
Total,811,1205,773,476,49,3313,09-10-2019
Lignite,19,10,44,0,0,73,09-10-2019
Nuclear,28,29,60,0,0,117,09-10-2019
Coal,488,955,393,347,9,2191,09-10-2019
Coal,513,992,426,378,12,2320,10-10-2019
Lignite,20,11,43,0,0,74,10-10-2019
Total,833,1244,809,502,52,3439,10-10-2019
"RES (Wind, Solar, Biomass & Others)",45,40,108,2,0,195,10-10-2019
Nuclear,28,29,60,0,0,117,10-10-2019
"Gas, Naptha & Diesel",36,69,15,0,23,144,10-10-2019
Hydro,191,101,158,122,16,590,10-10-2019
Coal,522,1026,426,391,12,2376,11-10-2019
Lignite,19,11,45,0,0,75,11-10-2019
Hydro,184,90,169,123,16,581,11-10-2019
Nuclear,28,29,60,0,0,117,11-10-2019
"Gas, Naptha & Diesel",30,72,15,0,24,140,11-10-2019
"RES (Wind, Solar, Biomass & Others)",44,35,103,2,0,184,11-10-2019
Total,825,1263,818,516,51,3473,11-10-2019
Hydro,180,75,147,117,15,534,12-10-2019
Nuclear,28,29,60,0,0,116,12-10-2019
Coal,521,1040,425,395,12,2393,12-10-2019
"RES (Wind, Solar, Biomass & Others)",40,39,113,2,0,194,12-10-2019
Lignite,18,12,47,0,0,78,12-10-2019
Total,815,1269,807,514,50,3455,12-10-2019
"Gas, Naptha & Diesel",29,73,15,0,23,139,12-10-2019
Total,789,1240,776,504,49,3358,13-10-2019
"RES (Wind, Solar, Biomass & Others)",41,44,112,2,0,200,13-10-2019
"Gas, Naptha & Diesel",28,74,15,0,24,140,13-10-2019
Nuclear,28,29,60,0,0,116,13-10-2019
Coal,499,1010,407,390,10,2316,13-10-2019
Lignite,18,12,47,0,0,77,13-10-2019
Hydro,176,71,136,112,15,509,13-10-2019
"Gas, Naptha & Diesel",29,79,13,0,23,144,14-10-2019
Hydro,167,85,152,111,15,529,14-10-2019
Coal,536,1047,418,403,12,2415,14-10-2019
Nuclear,28,29,56,0,0,113,14-10-2019
Lignite,19,15,47,0,0,80,14-10-2019
Total,818,1301,811,516,49,3495,14-10-2019
"RES (Wind, Solar, Biomass & Others)",39,47,125,2,0,213,14-10-2019
Hydro,171,76,154,110,14,525,15-10-2019
Lignite,20,14,47,0,0,81,15-10-2019
Total,830,1316,809,534,46,3536,15-10-2019
Coal,541,1066,440,423,9,2479,15-10-2019
"Gas, Naptha & Diesel",31,77,13,0,23,144,15-10-2019
Nuclear,28,29,37,0,0,93,15-10-2019
"RES (Wind, Solar, Biomass & Others)",39,54,118,2,0,213,15-10-2019
Nuclear,28,29,37,0,0,93,16-10-2019
"RES (Wind, Solar, Biomass & Others)",41,58,112,2,0,214,16-10-2019
Total,814,1334,812,526,44,3530,16-10-2019
"Gas, Naptha & Diesel",28,75,13,0,23,140,16-10-2019
Hydro,163,68,151,100,12,494,16-10-2019
Lignite,21,15,51,0,0,87,16-10-2019
Coal,532,1089,449,425,8,2502,16-10-2019
Total,810,1352,797,517,42,3519,17-10-2019
Coal,536,1109,417,414,7,2484,17-10-2019
Lignite,24,15,53,0,0,91,17-10-2019
Hydro,157,78,147,100,12,494,17-10-2019
Nuclear,28,29,52,0,0,109,17-10-2019
"Gas, Naptha & Diesel",28,74,14,0,23,139,17-10-2019
"RES (Wind, Solar, Biomass & Others)",37,48,115,2,0,202,17-10-2019
Total,774,1340,788,518,43,3463,18-10-2019
Lignite,19,14,55,0,0,88,18-10-2019
Hydro,158,59,133,98,12,460,18-10-2019
Nuclear,28,29,59,0,0,116,18-10-2019
"RES (Wind, Solar, Biomass & Others)",46,48,119,2,0,215,18-10-2019
"Gas, Naptha & Diesel",27,74,14,0,24,139,18-10-2019
Coal,497,1116,408,418,7,2445,18-10-2019
"Gas, Naptha & Diesel",26,70,14,0,23,134,19-10-2019
"RES (Wind, Solar, Biomass & Others)",58,56,127,2,0,243,19-10-2019
Coal,490,1079,408,401,8,2385,19-10-2019
Total,776,1298,750,501,44,3369,19-10-2019
Lignite,16,12,54,0,0,83,19-10-2019
Nuclear,28,29,46,0,0,103,19-10-2019
Hydro,158,51,100,99,12,421,19-10-2019
Total,743,1233,696,481,41,3194,20-10-2019
Coal,466,1027,373,386,7,2259,20-10-2019
Lignite,16,13,52,0,0,82,20-10-2019
Nuclear,28,29,46,0,0,103,20-10-2019
Hydro,158,47,97,94,12,407,20-10-2019
"Gas, Naptha & Diesel",26,65,15,0,22,128,20-10-2019
"RES (Wind, Solar, Biomass & Others)",50,51,112,2,0,215,20-10-2019
Lignite,17,15,51,0,0,82,21-10-2019
Coal,455,1016,370,375,7,2223,21-10-2019
"Gas, Naptha & Diesel",26,68,15,0,22,130,21-10-2019
Total,729,1244,718,471,40,3202,21-10-2019
"RES (Wind, Solar, Biomass & Others)",46,58,100,2,0,206,21-10-2019
Nuclear,28,29,47,0,0,103,21-10-2019
Hydro,157,58,137,93,11,457,21-10-2019
Lignite,16,15,54,0,0,85,22-10-2019
Coal,452,1034,363,383,7,2240,22-10-2019
Hydro,153,64,158,90,12,476,22-10-2019
Nuclear,28,29,50,0,0,106,22-10-2019
"Gas, Naptha & Diesel",25,70,14,0,21,131,22-10-2019
"RES (Wind, Solar, Biomass & Others)",44,52,102,2,0,199,22-10-2019
Total,719,1264,740,475,41,3239,22-10-2019
"Gas, Naptha & Diesel",25,70,16,0,23,134,23-10-2019
Coal,453,1013,349,383,11,2209,23-10-2019
Lignite,16,16,51,0,0,83,23-10-2019
Nuclear,27,29,60,0,0,115,23-10-2019
Hydro,154,57,147,84,11,454,23-10-2019
Total,719,1238,751,469,45,3220,23-10-2019
"RES (Wind, Solar, Biomass & Others)",43,53,129,2,0,227,23-10-2019
"RES (Wind, Solar, Biomass & Others)",44,87,130,1,0,263,24-10-2019
"Gas, Naptha & Diesel",25,56,15,0,23,120,24-10-2019
Lignite,16,15,52,0,0,83,24-10-2019
Hydro,154,51,140,82,11,438,24-10-2019
Coal,448,985,331,364,10,2138,24-10-2019
Total,716,1223,728,447,44,3158,24-10-2019
Nuclear,28,29,60,0,0,117,24-10-2019
Lignite,16,11,51,0,0,78,25-10-2019
Hydro,150,47,145,85,12,439,25-10-2019
Total,714,1213,733,430,44,3135,25-10-2019
Nuclear,25,29,60,0,0,114,25-10-2019
"RES (Wind, Solar, Biomass & Others)",41,105,138,1,0,285,25-10-2019
Coal,457,980,323,345,10,2116,25-10-2019
"Gas, Naptha & Diesel",25,40,15,0,22,103,25-10-2019
"RES (Wind, Solar, Biomass & Others)",53,134,117,1,0,305,26-10-2019
Coal,444,895,306,328,10,1983,26-10-2019
Total,703,1146,698,413,46,3005,26-10-2019
Nuclear,24,29,60,0,0,112,26-10-2019
Lignite,16,11,47,0,0,74,26-10-2019
Hydro,143,39,154,84,16,435,26-10-2019
"Gas, Naptha & Diesel",23,38,15,0,20,96,26-10-2019
Total,663,1023,621,409,49,2765,27-10-2019
Coal,414,836,266,325,10,1850,27-10-2019
Lignite,17,11,42,0,0,70,27-10-2019
Hydro,141,31,143,82,19,416,27-10-2019
Nuclear,24,29,60,0,0,113,27-10-2019
"Gas, Naptha & Diesel",23,34,16,0,21,94,27-10-2019
"RES (Wind, Solar, Biomass & Others)",45,82,93,2,0,222,27-10-2019
Lignite,16,14,41,0,0,72,28-10-2019
Hydro,143,36,152,84,16,431,28-10-2019
Nuclear,28,29,60,0,0,117,28-10-2019
"Gas, Naptha & Diesel",22,35,16,0,21,95,28-10-2019
"RES (Wind, Solar, Biomass & Others)",40,54,104,2,0,200,28-10-2019
Total,620,993,621,417,47,2698,28-10-2019
Coal,371,824,247,330,10,1783,28-10-2019
Hydro,140,42,153,79,17,431,29-10-2019
Nuclear,28,31,60,0,0,119,29-10-2019
"RES (Wind, Solar, Biomass & Others)",30,52,130,2,0,215,29-10-2019
"Gas, Naptha & Diesel",21,35,16,0,24,96,29-10-2019
Coal,385,901,255,329,10,1881,29-10-2019
Total,625,1077,657,410,51,2820,29-10-2019
Lignite,20,15,42,0,0,78,29-10-2019
Total,656,1134,667,412,52,2922,30-10-2019
"RES (Wind, Solar, Biomass & Others)",31,72,124,2,0,229,30-10-2019
"Gas, Naptha & Diesel",22,34,16,0,25,97,30-10-2019
Coal,416,926,264,331,11,1948,30-10-2019
Nuclear,28,36,60,0,0,123,30-10-2019
Hydro,140,52,160,80,16,448,30-10-2019
Lignite,19,15,44,0,0,78,30-10-2019
Total,689,1162,688,425,50,3014,31-10-2019
"RES (Wind, Solar, Biomass & Others)",38,60,137,2,0,237,31-10-2019
Coal,439,968,265,344,11,2026,31-10-2019
Nuclear,28,34,60,0,0,121,31-10-2019
Hydro,140,50,165,80,16,450,31-10-2019
Lignite,20,15,45,0,0,80,31-10-2019
"Gas, Naptha & Diesel",24,35,16,0,24,99,31-10-2019
Nuclear,28,22,59,0,0,109,01-11-2019
"Gas, Naptha & Diesel",24,38,16,0,24,102,01-11-2019
Hydro,142,56,167,75,13,454,01-11-2019
"RES (Wind, Solar, Biomass & Others)",47,61,114,2,0,223,01-11-2019
Coal,450,997,277,344,11,2079,01-11-2019
Lignite,18,15,47,0,0,80,01-11-2019
Total,710,1189,679,421,48,3047,01-11-2019
Lignite,18,15,48,0,0,81,02-11-2019
Coal,457,1006,299,368,11,2141,02-11-2019
"RES (Wind, Solar, Biomass & Others)",38,41,111,2,0,191,02-11-2019
"Gas, Naptha & Diesel",25,39,15,0,24,103,02-11-2019
Nuclear,28,22,51,0,0,102,02-11-2019
Total,705,1180,697,438,48,3067,02-11-2019
Hydro,139,58,172,68,13,450,02-11-2019
Total,675,1124,684,446,47,2976,03-11-2019
"RES (Wind, Solar, Biomass & Others)",26,30,110,2,0,168,03-11-2019
"Gas, Naptha & Diesel",24,32,16,0,25,96,03-11-2019
Nuclear,28,23,60,0,0,111,03-11-2019
Hydro,139,51,158,69,13,430,03-11-2019
Lignite,16,14,44,0,0,74,03-11-2019
Coal,442,974,297,375,10,2097,03-11-2019
Lignite,17,13,47,0,0,76,04-11-2019
Hydro,138,55,164,70,12,438,04-11-2019
Coal,471,1018,338,398,11,2236,04-11-2019
Nuclear,28,24,60,0,0,111,04-11-2019
"Gas, Naptha & Diesel",29,44,16,0,24,113,04-11-2019
Total,719,1183,743,469,48,3163,04-11-2019
"RES (Wind, Solar, Biomass & Others)",37,30,119,2,0,188,04-11-2019
Total,715,1211,782,489,48,3245,05-11-2019
Coal,459,1045,393,420,11,2328,05-11-2019
"RES (Wind, Solar, Biomass & Others)",42,33,119,2,0,196,05-11-2019
"Gas, Naptha & Diesel",29,47,16,0,25,116,05-11-2019
Nuclear,28,24,57,0,0,109,05-11-2019
Hydro,139,51,151,67,12,420,05-11-2019
Lignite,18,13,46,0,0,76,05-11-2019
"RES (Wind, Solar, Biomass & Others)",47,32,116,2,0,196,06-11-2019
Total,712,1223,798,490,48,3270,06-11-2019
Coal,455,1068,423,428,12,2385,06-11-2019
"Gas, Naptha & Diesel",30,40,16,0,24,109,06-11-2019
Nuclear,28,24,55,0,0,106,06-11-2019
Lignite,18,13,50,0,0,81,06-11-2019
Hydro,134,47,138,60,13,392,06-11-2019
Lignite,15,14,49,0,0,77,07-11-2019
Coal,430,1046,416,406,10,2308,07-11-2019
Hydro,138,39,116,58,12,363,07-11-2019
Nuclear,28,24,55,0,0,106,07-11-2019
"Gas, Naptha & Diesel",29,31,16,0,24,100,07-11-2019
"RES (Wind, Solar, Biomass & Others)",52,49,122,2,0,225,07-11-2019
Total,691,1203,773,466,46,3179,07-11-2019
Total,697,1200,761,453,46,3156,08-11-2019
Lignite,13,14,49,0,0,76,08-11-2019
Coal,421,991,407,397,10,2226,08-11-2019
Nuclear,22,24,55,0,0,100,08-11-2019
"Gas, Naptha & Diesel",29,34,16,0,23,102,08-11-2019
"RES (Wind, Solar, Biomass & Others)",74,103,113,1,0,292,08-11-2019
Hydro,137,34,122,54,12,360,08-11-2019
Lignite,14,16,40,0,0,70,09-11-2019
Coal,406,995,379,385,10,2175,09-11-2019
Nuclear,28,24,55,0,0,107,09-11-2019
"Gas, Naptha & Diesel",28,38,16,0,24,106,09-11-2019
"RES (Wind, Solar, Biomass & Others)",69,103,105,1,0,278,09-11-2019
Total,685,1214,747,440,46,3132,09-11-2019
Hydro,139,38,153,54,12,397,09-11-2019
Lignite,16,17,35,0,0,67,10-11-2019
Coal,398,995,362,375,10,2141,10-11-2019
Hydro,127,34,131,58,12,362,10-11-2019
"Gas, Naptha & Diesel",28,35,16,0,22,101,10-11-2019
"RES (Wind, Solar, Biomass & Others)",49,79,116,2,0,246,10-11-2019
Total,646,1184,714,435,45,3024,10-11-2019
Nuclear,28,24,55,0,0,107,10-11-2019
Lignite,17,16,44,0,0,77,11-11-2019
Total,683,1239,769,464,47,3202,11-11-2019
"RES (Wind, Solar, Biomass & Others)",52,47,130,2,0,231,11-11-2019
"Gas, Naptha & Diesel",29,45,15,0,24,113,11-11-2019
Nuclear,28,24,55,0,0,107,11-11-2019
Hydro,137,42,132,59,12,382,11-11-2019
Coal,420,1065,394,403,11,2292,11-11-2019
"RES (Wind, Solar, Biomass & Others)",47,39,150,2,0,238,12-11-2019
"Gas, Naptha & Diesel",28,57,16,0,24,125,12-11-2019
Nuclear,28,24,55,0,0,107,12-11-2019
Hydro,136,51,112,58,12,369,12-11-2019
Total,685,1254,807,464,47,3257,12-11-2019
Coal,429,1066,426,403,12,2337,12-11-2019
Lignite,16,16,49,0,0,81,12-11-2019
Coal,441,1076,444,399,11,2372,13-11-2019
"RES (Wind, Solar, Biomass & Others)",39,44,164,2,0,249,13-11-2019
Lignite,17,16,51,0,0,83,13-11-2019
Hydro,135,52,92,55,11,346,13-11-2019
Nuclear,28,25,55,0,0,108,13-11-2019
Total,689,1262,821,457,47,3276,13-11-2019
"Gas, Naptha & Diesel",30,48,16,0,24,118,13-11-2019
Nuclear,28,28,55,0,0,111,14-11-2019
"RES (Wind, Solar, Biomass & Others)",43,59,134,2,0,239,14-11-2019
Lignite,17,15,55,0,0,88,14-11-2019
Hydro,134,47,101,50,11,343,14-11-2019
"Gas, Naptha & Diesel",30,53,16,0,24,122,14-11-2019
Total,691,1255,820,457,46,3270,14-11-2019
Coal,439,1052,459,405,11,2366,14-11-2019
Coal,429,1070,450,423,12,2383,15-11-2019
Total,679,1264,797,475,47,3262,15-11-2019
"Gas, Naptha & Diesel",22,55,16,0,24,116,15-11-2019
Nuclear,28,28,55,0,0,111,15-11-2019
Hydro,134,38,100,51,12,333,15-11-2019
Lignite,18,13,57,0,0,88,15-11-2019
"RES (Wind, Solar, Biomass & Others)",48,60,119,2,0,230,15-11-2019
Hydro,138,27,96,51,11,323,16-11-2019
Coal,418,1091,431,428,11,2380,16-11-2019
Nuclear,28,28,55,0,0,111,16-11-2019
"Gas, Naptha & Diesel",28,57,16,0,24,124,16-11-2019
"RES (Wind, Solar, Biomass & Others)",59,64,127,2,0,252,16-11-2019
Total,691,1279,777,480,46,3274,16-11-2019
Lignite,19,13,52,0,0,84,16-11-2019
Total,675,1242,743,451,45,3156,17-11-2019
Coal,401,1043,403,406,10,2262,17-11-2019
Lignite,17,13,45,0,0,76,17-11-2019
Hydro,139,28,81,44,11,303,17-11-2019
Nuclear,30,28,55,0,0,113,17-11-2019
"Gas, Naptha & Diesel",25,40,17,0,24,106,17-11-2019
"RES (Wind, Solar, Biomass & Others)",64,90,141,2,0,297,17-11-2019
Coal,415,1104,431,432,8,2390,18-11-2019
Lignite,21,16,51,0,0,88,18-11-2019
Hydro,134,39,98,49,10,331,18-11-2019
Nuclear,30,28,55,0,0,113,18-11-2019
"RES (Wind, Solar, Biomass & Others)",49,70,146,2,0,267,18-11-2019
"Gas, Naptha & Diesel",23,50,16,0,24,113,18-11-2019
Total,671,1306,798,483,43,3302,18-11-2019
"RES (Wind, Solar, Biomass & Others)",52,42,118,2,0,214,19-11-2019
Total,682,1307,793,505,48,3335,19-11-2019
"Gas, Naptha & Diesel",22,57,15,0,24,119,19-11-2019
Coal,424,1114,446,454,13,2451,19-11-2019
Lignite,22,15,56,0,0,93,19-11-2019
Hydro,133,50,103,49,12,347,19-11-2019
Nuclear,28,28,55,0,0,111,19-11-2019
"RES (Wind, Solar, Biomass & Others)",56,47,141,2,0,246,20-11-2019
Coal,439,1116,423,441,52,2470,20-11-2019
Lignite,22,15,60,0,0,96,20-11-2019
Hydro,133,52,102,50,0,336,20-11-2019
Total,701,1313,796,493,52,3354,20-11-2019
"Gas, Naptha & Diesel",23,56,16,0,0,95,20-11-2019
Nuclear,28,28,55,0,0,111,20-11-2019
Hydro,127,46,97,47,11,328,21-11-2019
Coal,434,1125,425,425,12,2420,21-11-2019
Nuclear,28,28,55,0,0,111,21-11-2019
Lignite,22,15,52,0,0,89,21-11-2019
"RES (Wind, Solar, Biomass & Others)",61,50,164,2,0,278,21-11-2019
Total,694,1325,808,473,49,3348,21-11-2019
"Gas, Naptha & Diesel",21,61,15,0,25,123,21-11-2019
Coal,443,1120,434,418,13,2428,22-11-2019
Lignite,21,15,49,0,0,84,22-11-2019
Hydro,127,41,96,45,8,318,22-11-2019
Nuclear,28,28,55,0,0,111,22-11-2019
"Gas, Naptha & Diesel",21,77,16,0,25,139,22-11-2019
Total,702,1329,806,465,47,3349,22-11-2019
"RES (Wind, Solar, Biomass & Others)",61,48,157,2,0,268,22-11-2019
Lignite,19,16,46,0,0,81,23-11-2019
Coal,444,1081,415,424,12,2376,23-11-2019
Hydro,129,48,85,39,11,311,23-11-2019
Nuclear,30,28,55,0,0,113,23-11-2019
"Gas, Naptha & Diesel",19,62,16,0,25,123,23-11-2019
"RES (Wind, Solar, Biomass & Others)",69,61,178,2,0,309,23-11-2019
Total,709,1296,795,464,48,3312,23-11-2019
"RES (Wind, Solar, Biomass & Others)",59,66,165,2,0,293,24-11-2019
"Gas, Naptha & Diesel",19,50,16,0,0,85,24-11-2019
Coal,428,1058,403,425,11,2324,24-11-2019
Nuclear,29,28,55,0,25,137,24-11-2019
Total,687,1257,755,465,46,3210,24-11-2019
Hydro,133,38,75,38,0,284,24-11-2019
Lignite,18,17,42,0,10,87,24-11-2019
"RES (Wind, Solar, Biomass & Others)",61,67,173,2,0,303,25-11-2019
"Gas, Naptha & Diesel",18,61,16,0,25,120,25-11-2019
Nuclear,28,28,55,0,0,111,25-11-2019
Hydro,134,44,88,40,10,316,25-11-2019
Lignite,19,18,42,0,0,79,25-11-2019
Coal,448,1095,421,437,12,2413,25-11-2019
Total,709,1312,795,479,47,3342,25-11-2019
Hydro,132,42,82,38,9,304,26-11-2019
Nuclear,29,28,55,0,0,112,26-11-2019
"Gas, Naptha & Diesel",15,56,15,0,23,110,26-11-2019
"RES (Wind, Solar, Biomass & Others)",68,83,178,2,0,331,26-11-2019
Total,706,1360,793,462,45,3365,26-11-2019
Lignite,20,16,37,0,0,73,26-11-2019
Coal,441,1134,425,423,12,2436,26-11-2019
Coal,431,1119,421,431,12,2413,27-11-2019
Nuclear,28,28,56,0,0,112,27-11-2019
Total,685,1354,785,471,46,3341,27-11-2019
Hydro,131,41,91,38,9,310,27-11-2019
Lignite,22,12,36,0,0,70,27-11-2019
"RES (Wind, Solar, Biomass & Others)",58,108,167,2,0,335,27-11-2019
"Gas, Naptha & Diesel",15,47,15,0,25,102,27-11-2019
Nuclear,28,28,60,0,0,116,28-11-2019
Lignite,20,12,40,0,0,73,28-11-2019
Coal,399,1111,412,413,11,2345,28-11-2019
Total,672,1348,775,452,45,3292,28-11-2019
"RES (Wind, Solar, Biomass & Others)",68,106,162,2,0,338,28-11-2019
"Gas, Naptha & Diesel",15,50,15,0,24,104,28-11-2019
Hydro,141,41,87,37,9,316,28-11-2019
Coal,401,1112,414,408,12,2347,29-11-2019
Hydro,137,47,92,40,9,325,29-11-2019
"RES (Wind, Solar, Biomass & Others)",83,98,154,2,0,337,29-11-2019
Nuclear,29,28,60,0,0,117,29-11-2019
Lignite,20,13,41,0,0,73,29-11-2019
"Gas, Naptha & Diesel",15,54,16,0,25,110,29-11-2019
Total,684,1352,777,450,45,3309,29-11-2019
Lignite,21,13,38,0,0,72,30-11-2019
Hydro,134,52,86,40,9,320,30-11-2019
Nuclear,29,28,54,0,0,110,30-11-2019
"Gas, Naptha & Diesel",15,54,16,0,22,107,30-11-2019
"RES (Wind, Solar, Biomass & Others)",82,96,150,2,0,328,30-11-2019
Total,675,1333,766,455,43,3272,30-11-2019
Coal,395,1090,423,414,12,2334,30-11-2019
"RES (Wind, Solar, Biomass & Others)",71,83,109,2,0,265,01-12-2019
Nuclear,29,23,50,0,0,102,01-12-2019
"Gas, Naptha & Diesel",15,42,16,0,25,98,01-12-2019
Hydro,132,42,74,34,10,291,01-12-2019
Coal,380,1074,390,396,11,2252,01-12-2019
Lignite,22,15,23,0,0,60,01-12-2019
Total,650,1280,661,432,46,3068,01-12-2019
Hydro,132,58,88,39,10,327,02-12-2019
Total,675,1319,693,457,48,3191,02-12-2019
Nuclear,23,23,50,0,0,96,02-12-2019
"Gas, Naptha & Diesel",19,46,15,0,24,105,02-12-2019
Lignite,22,16,30,0,0,67,02-12-2019
Coal,409,1073,397,416,13,2308,02-12-2019
"RES (Wind, Solar, Biomass & Others)",69,102,114,2,0,287,02-12-2019
"RES (Wind, Solar, Biomass & Others)",71,115,130,2,0,319,03-12-2019
"Gas, Naptha & Diesel",25,50,15,0,24,115,03-12-2019
Nuclear,24,25,50,0,0,100,03-12-2019
Hydro,128,45,82,39,9,303,03-12-2019
Lignite,22,16,38,0,0,76,03-12-2019
Total,683,1327,696,471,45,3222,03-12-2019
Coal,413,1075,381,429,12,2309,03-12-2019
"Gas, Naptha & Diesel",24,51,15,0,23,114,04-12-2019
Lignite,23,16,41,0,0,79,04-12-2019
Hydro,130,51,69,38,8,296,04-12-2019
Total,688,1350,728,458,44,3268,04-12-2019
"RES (Wind, Solar, Biomass & Others)",65,99,167,2,0,333,04-12-2019
Coal,422,1106,385,418,12,2343,04-12-2019
Nuclear,24,28,51,0,0,103,04-12-2019
Coal,413,1103,394,424,12,2346,05-12-2019
Lignite,22,30,46,0,0,98,05-12-2019
Total,701,1377,741,465,44,3329,05-12-2019
"RES (Wind, Solar, Biomass & Others)",73,132,152,2,0,358,05-12-2019
"Gas, Naptha & Diesel",24,49,15,0,24,113,05-12-2019
Nuclear,28,14,57,0,0,99,05-12-2019
Hydro,141,49,78,39,9,316,05-12-2019
"RES (Wind, Solar, Biomass & Others)",75,81,166,2,0,324,06-12-2019
Hydro,133,56,85,41,8,324,06-12-2019
Total,699,1347,769,461,46,3322,06-12-2019
Coal,419,1118,400,418,12,2367,06-12-2019
"Gas, Naptha & Diesel",24,49,15,0,25,113,06-12-2019
Lignite,23,15,46,0,0,83,06-12-2019
Nuclear,25,28,57,0,0,110,06-12-2019
"Gas, Naptha & Diesel",24,41,15,0,25,105,07-12-2019
Nuclear,23,28,58,0,0,108,07-12-2019
Hydro,131,60,92,41,8,332,07-12-2019
Lignite,24,14,48,0,0,87,07-12-2019
Total,699,1334,749,479,45,3306,07-12-2019
Coal,422,1084,386,436,12,2340,07-12-2019
"RES (Wind, Solar, Biomass & Others)",74,107,151,2,0,335,07-12-2019
Lignite,24,17,44,0,0,85,08-12-2019
Coal,409,1069,367,424,10,2280,08-12-2019
Total,680,1298,703,462,43,3187,08-12-2019
Nuclear,19,28,58,0,0,104,08-12-2019
"RES (Wind, Solar, Biomass & Others)",71,96,134,2,0,302,08-12-2019
"Gas, Naptha & Diesel",24,39,15,0,24,101,08-12-2019
Hydro,133,49,86,37,9,314,08-12-2019
"RES (Wind, Solar, Biomass & Others)",60,74,164,2,0,301,09-12-2019
"Gas, Naptha & Diesel",26,49,15,0,25,113,09-12-2019
Lignite,25,18,41,0,0,83,09-12-2019
Coal,427,1126,403,402,13,2372,09-12-2019
Total,690,1357,778,452,47,3323,09-12-2019
Nuclear,19,28,57,0,0,104,09-12-2019
Hydro,132,62,98,48,9,350,09-12-2019
"RES (Wind, Solar, Biomass & Others)",57,47,152,2,0,259,10-12-2019
Total,711,1383,800,466,48,3407,10-12-2019
Lignite,23,17,43,0,0,82,10-12-2019
Nuclear,23,26,57,0,0,106,10-12-2019
Hydro,127,56,92,44,9,328,10-12-2019
Coal,456,1192,441,420,14,2523,10-12-2019
"Gas, Naptha & Diesel",24,45,15,0,25,109,10-12-2019
Lignite,22,15,44,0,0,81,11-12-2019
Hydro,126,52,85,42,10,315,11-12-2019
Coal,468,1207,462,447,14,2597,11-12-2019
Nuclear,24,23,57,0,0,105,11-12-2019
"RES (Wind, Solar, Biomass & Others)",52,37,143,2,0,234,11-12-2019
Total,716,1379,807,491,46,3439,11-12-2019
"Gas, Naptha & Diesel",25,46,16,0,22,108,11-12-2019
Nuclear,24,23,57,0,0,105,12-12-2019
"Gas, Naptha & Diesel",25,37,15,0,20,97,12-12-2019
"RES (Wind, Solar, Biomass & Others)",50,49,151,2,0,252,12-12-2019
Coal,445,1190,468,442,13,2558,12-12-2019
Hydro,122,42,75,40,9,288,12-12-2019
Lignite,21,15,41,0,0,77,12-12-2019
Total,687,1355,809,484,42,3377,12-12-2019
Total,616,1282,791,451,37,3179,13-12-2019
"Gas, Naptha & Diesel",26,32,16,0,17,90,13-12-2019
Coal,369,1124,441,409,12,2355,13-12-2019
Lignite,20,14,40,0,0,73,13-12-2019
Hydro,126,36,79,41,9,291,13-12-2019
Nuclear,24,25,57,0,0,106,13-12-2019
"RES (Wind, Solar, Biomass & Others)",50,51,159,1,0,262,13-12-2019
Coal,389,1138,438,413,12,2390,14-12-2019
Hydro,132,48,77,41,9,307,14-12-2019
Nuclear,25,28,58,0,0,111,14-12-2019
"Gas, Naptha & Diesel",27,30,15,0,17,90,14-12-2019
"RES (Wind, Solar, Biomass & Others)",65,59,142,2,0,266,14-12-2019
Lignite,23,13,40,0,0,76,14-12-2019
Total,660,1315,770,456,38,3240,14-12-2019
Nuclear,29,28,48,0,0,104,15-12-2019
Coal,373,1052,418,401,10,2254,15-12-2019
Lignite,24,12,38,0,0,74,15-12-2019
Hydro,128,37,68,37,9,279,15-12-2019
"Gas, Naptha & Diesel",26,25,16,0,17,84,15-12-2019
"RES (Wind, Solar, Biomass & Others)",68,112,153,2,0,334,15-12-2019
Total,647,1266,742,439,36,3130,15-12-2019
Nuclear,34,28,43,0,0,104,16-12-2019
Total,664,1321,772,456,37,3250,16-12-2019
"RES (Wind, Solar, Biomass & Others)",67,133,167,2,0,369,16-12-2019
"Gas, Naptha & Diesel",30,30,15,0,18,94,16-12-2019
Coal,381,1072,422,420,10,2306,16-12-2019
Hydro,128,45,83,34,9,300,16-12-2019
Lignite,24,13,41,0,0,78,16-12-2019
Hydro,124,38,81,35,9,287,17-12-2019
Nuclear,28,28,43,0,0,99,17-12-2019
Coal,405,1105,430,426,8,2375,17-12-2019
"Gas, Naptha & Diesel",32,30,16,0,21,100,17-12-2019
"RES (Wind, Solar, Biomass & Others)",70,141,176,2,0,389,17-12-2019
Total,684,1356,790,463,38,3331,17-12-2019
Lignite,24,13,44,0,0,82,17-12-2019
"Gas, Naptha & Diesel",32,33,16,0,22,104,18-12-2019
Nuclear,29,28,44,0,0,101,18-12-2019
Hydro,122,47,84,39,9,300,18-12-2019
Lignite,25,15,44,0,0,83,18-12-2019
"RES (Wind, Solar, Biomass & Others)",65,97,167,2,0,331,18-12-2019
Total,711,1348,812,464,43,3377,18-12-2019
Coal,438,1129,457,423,12,2458,18-12-2019
Lignite,26,15,43,0,0,84,19-12-2019
Hydro,118,48,77,38,9,289,19-12-2019
Total,715,1349,838,466,44,3413,19-12-2019
"RES (Wind, Solar, Biomass & Others)",59,60,190,2,0,311,19-12-2019
"Gas, Naptha & Diesel",33,32,17,0,23,104,19-12-2019
Coal,449,1167,467,426,13,2522,19-12-2019
Nuclear,30,28,45,0,0,102,19-12-2019
Lignite,24,16,47,0,0,87,20-12-2019
Hydro,119,49,90,42,8,309,20-12-2019
Total,733,1377,825,485,47,3466,20-12-2019
Coal,468,1211,478,441,15,2613,20-12-2019
Nuclear,30,28,44,0,0,102,20-12-2019
"Gas, Naptha & Diesel",32,30,17,0,24,103,20-12-2019
"RES (Wind, Solar, Biomass & Others)",59,44,148,2,0,253,20-12-2019
"RES (Wind, Solar, Biomass & Others)",78,68,166,2,0,313,21-12-2019
Total,739,1389,802,476,43,3448,21-12-2019
Nuclear,29,28,44,0,0,102,21-12-2019
Lignite,22,16,47,0,0,85,21-12-2019
"Gas, Naptha & Diesel",31,33,17,0,22,103,21-12-2019
Hydro,124,45,76,37,8,290,21-12-2019
Coal,454,1200,452,437,12,2556,21-12-2019
Total,729,1360,782,440,43,3353,22-12-2019
"RES (Wind, Solar, Biomass & Others)",83,124,169,2,0,378,22-12-2019
"Gas, Naptha & Diesel",29,27,16,0,23,96,22-12-2019
Nuclear,29,28,44,0,0,101,22-12-2019
Hydro,119,43,70,32,9,272,22-12-2019
Lignite,20,15,44,0,0,80,22-12-2019
Coal,449,1123,438,406,11,2427,22-12-2019
Lignite,24,14,51,0,0,90,23-12-2019
Coal,470,1181,458,411,14,2535,23-12-2019
"Gas, Naptha & Diesel",33,35,16,0,17,102,23-12-2019
"RES (Wind, Solar, Biomass & Others)",77,97,159,2,0,335,23-12-2019
Total,759,1409,825,450,41,3483,23-12-2019
Nuclear,29,28,44,0,0,101,23-12-2019
Hydro,125,54,95,36,9,320,23-12-2019
Nuclear,29,28,44,0,0,101,24-12-2019
Total,772,1428,839,455,41,3534,24-12-2019
"RES (Wind, Solar, Biomass & Others)",76,82,159,2,0,318,24-12-2019
"Gas, Naptha & Diesel",34,35,16,0,18,104,24-12-2019
Lignite,23,12,56,0,0,91,24-12-2019
Hydro,123,53,93,31,9,309,24-12-2019
Coal,487,1218,472,422,13,2612,24-12-2019
Coal,491,1217,455,424,13,2601,25-12-2019
Lignite,23,13,54,0,0,90,25-12-2019
Hydro,122,41,84,32,9,288,25-12-2019
"Gas, Naptha & Diesel",34,29,17,0,24,105,25-12-2019
"RES (Wind, Solar, Biomass & Others)",69,87,156,1,0,313,25-12-2019
Total,768,1415,811,458,46,3497,25-12-2019
Nuclear,28,27,44,0,0,100,25-12-2019
Total,771,1407,851,470,46,3545,26-12-2019
"RES (Wind, Solar, Biomass & Others)",58,81,125,1,0,265,26-12-2019
Nuclear,27,27,44,0,0,99,26-12-2019
Hydro,119,39,85,29,9,281,26-12-2019
Lignite,22,15,55,0,0,91,26-12-2019
Coal,507,1205,524,440,12,2687,26-12-2019
"Gas, Naptha & Diesel",38,40,18,0,25,121,26-12-2019
"RES (Wind, Solar, Biomass & Others)",63,110,140,2,0,315,27-12-2019
Total,765,1422,832,489,46,3555,27-12-2019
Nuclear,29,27,44,0,0,101,27-12-2019
Hydro,118,39,88,34,8,286,27-12-2019
Lignite,21,16,55,0,0,92,27-12-2019
Coal,500,1194,488,454,13,2649,27-12-2019
"Gas, Naptha & Diesel",34,36,18,0,25,112,27-12-2019
Total,742,1427,822,479,46,3517,28-12-2019
"RES (Wind, Solar, Biomass & Others)",68,120,159,2,0,348,28-12-2019
"Gas, Naptha & Diesel",28,29,18,0,24,98,28-12-2019
Nuclear,29,27,44,0,0,101,28-12-2019
Coal,481,1198,472,445,13,2608,28-12-2019
Lignite,20,17,52,0,0,88,28-12-2019
Hydro,118,38,78,32,9,275,28-12-2019
Lignite,19,14,49,0,0,82,29-12-2019
Coal,467,1171,465,430,11,2544,29-12-2019
"RES (Wind, Solar, Biomass & Others)",74,99,156,2,0,330,29-12-2019
Hydro,123,44,73,28,9,277,29-12-2019
"Gas, Naptha & Diesel",26,32,17,0,24,100,29-12-2019
Total,738,1386,804,460,44,3433,29-12-2019
Nuclear,29,27,44,0,0,100,29-12-2019
Hydro,119,46,90,34,8,297,30-12-2019
"RES (Wind, Solar, Biomass & Others)",70,90,156,2,0,317,30-12-2019
"Gas, Naptha & Diesel",25,32,17,0,24,99,30-12-2019
Nuclear,29,27,44,0,0,100,30-12-2019
Lignite,18,14,50,0,0,82,30-12-2019
Coal,518,1207,480,439,13,2657,30-12-2019
Total,780,1415,837,475,46,3553,30-12-2019
Hydro,118,41,103,33,9,303,31-12-2019
Lignite,19,13,50,0,0,81,31-12-2019
Coal,521,1221,475,445,15,2678,31-12-2019
"Gas, Naptha & Diesel",27,40,17,0,23,108,31-12-2019
"RES (Wind, Solar, Biomass & Others)",68,81,139,2,0,290,31-12-2019
Total,782,1430,828,480,47,3568,31-12-2019
Nuclear,29,34,44,0,0,106,31-12-2019
"RES (Wind, Solar, Biomass & Others)",82,86,151,1,0,320,01-01-2020
Lignite,18,13,46,0,0,78,01-01-2020
Coal,503,1193,449,415,12,2571,01-01-2020
Hydro,117,35,87,32,8,280,01-01-2020
Nuclear,29,37,44,0,0,110,01-01-2020
Total,775,1402,794,449,44,3464,01-01-2020
"Gas, Naptha & Diesel",27,38,17,0,24,106,01-01-2020
"Gas, Naptha & Diesel",28,35,17,0,24,104,02-01-2020
Nuclear,29,37,44,0,0,110,02-01-2020
Coal,505,1199,463,420,13,2601,02-01-2020
Lignite,22,13,46,0,0,81,02-01-2020
Hydro,109,41,105,34,9,298,02-01-2020
"RES (Wind, Solar, Biomass & Others)",75,69,141,1,0,287,02-01-2020
Total,769,1394,816,455,46,3480,02-01-2020
Total,776,1383,827,451,44,3481,03-01-2020
"Gas, Naptha & Diesel",29,38,17,0,23,106,03-01-2020
Coal,514,1203,479,417,13,2627,03-01-2020
Nuclear,30,27,44,0,0,101,03-01-2020
"RES (Wind, Solar, Biomass & Others)",67,62,136,1,0,267,03-01-2020
Lignite,23,13,49,0,0,86,03-01-2020
Hydro,113,39,102,33,8,295,03-01-2020
Hydro,116,44,94,36,9,299,04-01-2020
Lignite,25,14,43,0,0,81,04-01-2020
Nuclear,30,27,44,0,0,101,04-01-2020
Total,778,1373,824,458,45,3479,04-01-2020
"Gas, Naptha & Diesel",28,38,18,0,23,107,04-01-2020
"RES (Wind, Solar, Biomass & Others)",58,63,89,1,0,211,04-01-2020
Coal,522,1187,537,421,13,2680,04-01-2020
Nuclear,29,28,41,0,0,97,05-01-2020
Lignite,24,12,48,0,0,84,05-01-2020
Total,741,1349,783,447,44,3364,05-01-2020
Hydro,116,36,81,31,9,273,05-01-2020
Coal,497,1153,453,415,13,2531,05-01-2020
"RES (Wind, Solar, Biomass & Others)",48,91,142,1,0,282,05-01-2020
"Gas, Naptha & Diesel",26,29,18,0,22,96,05-01-2020
Lignite,24,11,43,0,0,78,06-01-2020
Hydro,114,56,95,33,9,307,06-01-2020
Nuclear,29,28,40,0,0,97,06-01-2020
Total,745,1405,830,462,45,3487,06-01-2020
"RES (Wind, Solar, Biomass & Others)",56,92,167,1,0,316,06-01-2020
Coal,500,1184,467,427,15,2593,06-01-2020
"Gas, Naptha & Diesel",22,35,18,0,22,97,06-01-2020
"Gas, Naptha & Diesel",23,39,18,0,22,101,07-01-2020
Total,761,1428,846,453,43,3531,07-01-2020
Hydro,111,62,93,34,8,307,07-01-2020
Lignite,19,13,44,0,0,76,07-01-2020
Nuclear,29,28,40,0,0,97,07-01-2020
"RES (Wind, Solar, Biomass & Others)",56,70,159,1,0,286,07-01-2020
Coal,522,1218,492,417,14,2663,07-01-2020
Hydro,108,40,83,32,8,271,08-01-2020
"Gas, Naptha & Diesel",23,36,18,0,21,99,08-01-2020
"RES (Wind, Solar, Biomass & Others)",59,69,161,1,0,289,08-01-2020
Coal,522,1207,490,419,13,2651,08-01-2020
Lignite,19,14,44,0,0,77,08-01-2020
Nuclear,29,28,40,0,0,97,08-01-2020
Total,760,1394,835,452,43,3484,08-01-2020
"RES (Wind, Solar, Biomass & Others)",71,108,150,1,0,330,09-01-2020
Total,758,1398,840,450,41,3487,09-01-2020
Lignite,18,14,43,0,0,75,09-01-2020
Hydro,120,37,87,37,8,289,09-01-2020
Nuclear,30,25,40,0,0,95,09-01-2020
"Gas, Naptha & Diesel",24,34,19,0,21,98,09-01-2020
Coal,495,1180,501,412,12,2601,09-01-2020
Nuclear,30,25,41,0,0,95,10-01-2020
"Gas, Naptha & Diesel",27,38,18,0,22,105,10-01-2020
Hydro,117,35,83,32,7,274,10-01-2020
Total,783,1414,869,432,41,3539,10-01-2020
"RES (Wind, Solar, Biomass & Others)",89,141,177,1,0,409,10-01-2020
Lignite,16,14,44,0,0,74,10-01-2020
Coal,504,1162,506,399,11,2582,10-01-2020
"RES (Wind, Solar, Biomass & Others)",77,94,183,1,0,355,11-01-2020
Lignite,16,14,46,0,0,76,11-01-2020
Coal,494,1173,522,418,13,2619,11-01-2020
Total,755,1393,888,449,44,3528,11-01-2020
"Gas, Naptha & Diesel",28,37,18,0,24,107,11-01-2020
Nuclear,30,25,43,0,0,98,11-01-2020
Hydro,109,51,75,30,7,273,11-01-2020
"RES (Wind, Solar, Biomass & Others)",71,50,179,2,0,301,12-01-2020
Coal,496,1162,513,425,11,2607,12-01-2020
Lignite,16,13,45,0,0,74,12-01-2020
Nuclear,29,25,38,0,0,92,12-01-2020
Total,750,1323,858,461,42,3433,12-01-2020
"Gas, Naptha & Diesel",29,33,18,0,23,103,12-01-2020
Hydro,109,40,65,34,7,256,12-01-2020
Lignite,19,15,48,0,0,81,13-01-2020
Hydro,119,54,81,36,7,297,13-01-2020
Coal,503,1180,537,435,12,2666,13-01-2020
Total,753,1366,874,473,42,3508,13-01-2020
"RES (Wind, Solar, Biomass & Others)",54,64,152,2,0,272,13-01-2020
"Gas, Naptha & Diesel",29,29,18,0,23,99,13-01-2020
Nuclear,29,25,38,0,0,92,13-01-2020
"RES (Wind, Solar, Biomass & Others)",66,44,160,1,0,272,14-01-2020
"Gas, Naptha & Diesel",32,23,18,0,23,96,14-01-2020
Nuclear,29,24,45,0,0,98,14-01-2020
Coal,489,1168,511,430,11,2609,14-01-2020
Hydro,134,58,75,31,7,305,14-01-2020
Total,769,1331,857,463,41,3460,14-01-2020
Lignite,19,13,48,0,0,80,14-01-2020
Nuclear,29,23,55,0,0,108,15-01-2020
Hydro,126,42,62,32,7,269,15-01-2020
"Gas, Naptha & Diesel",32,21,18,0,23,94,15-01-2020
Lignite,19,12,46,0,0,77,15-01-2020
Coal,479,1147,453,421,10,2510,15-01-2020
"RES (Wind, Solar, Biomass & Others)",80,67,179,1,0,328,15-01-2020
Total,766,1312,812,455,40,3386,15-01-2020
Coal,459,1151,435,414,11,2469,16-01-2020
Nuclear,24,23,45,0,0,92,16-01-2020
Hydro,124,40,74,30,7,276,16-01-2020
Lignite,22,13,45,0,0,79,16-01-2020
"RES (Wind, Solar, Biomass & Others)",69,91,159,1,0,321,16-01-2020
Total,730,1342,775,445,37,3331,16-01-2020
"Gas, Naptha & Diesel",32,25,18,0,19,95,16-01-2020
Total,724,1364,805,477,42,3412,17-01-2020
"RES (Wind, Solar, Biomass & Others)",61,57,157,1,0,277,17-01-2020
Coal,461,1199,454,443,12,2568,17-01-2020
Hydro,126,39,86,32,7,290,17-01-2020
Lignite,21,15,47,0,0,83,17-01-2020
"Gas, Naptha & Diesel",31,33,18,0,23,104,17-01-2020
Nuclear,24,21,45,0,0,89,17-01-2020
Coal,463,1183,479,454,11,2591,18-01-2020
Lignite,19,16,46,0,0,81,18-01-2020
Hydro,132,39,76,33,7,287,18-01-2020
Total,737,1367,821,488,41,3453,18-01-2020
"RES (Wind, Solar, Biomass & Others)",66,71,157,1,0,295,18-01-2020
Nuclear,24,27,45,0,0,97,18-01-2020
"Gas, Naptha & Diesel",32,30,18,0,22,102,18-01-2020
Total,706,1360,749,462,40,3317,19-01-2020
"RES (Wind, Solar, Biomass & Others)",72,121,139,1,0,334,19-01-2020
"Gas, Naptha & Diesel",33,25,18,0,22,97,19-01-2020
Nuclear,25,27,40,0,0,92,19-01-2020
Hydro,128,42,64,27,7,269,19-01-2020
Lignite,21,14,45,0,0,80,19-01-2020
Coal,426,1130,444,434,11,2445,19-01-2020
Lignite,22,15,49,0,0,86,20-01-2020
"Gas, Naptha & Diesel",33,39,17,0,22,111,20-01-2020
"RES (Wind, Solar, Biomass & Others)",58,82,170,2,0,312,20-01-2020
Total,735,1383,857,489,42,3505,20-01-2020
Hydro,132,45,86,37,7,309,20-01-2020
Nuclear,25,19,40,0,0,83,20-01-2020
Coal,464,1183,495,450,13,2605,20-01-2020
Hydro,129,47,84,36,6,301,21-01-2020
Nuclear,25,25,40,0,0,89,21-01-2020
"Gas, Naptha & Diesel",32,43,17,0,22,114,21-01-2020
Total,764,1403,882,489,40,3578,21-01-2020
"RES (Wind, Solar, Biomass & Others)",75,63,195,2,0,334,21-01-2020
Coal,482,1212,499,452,12,2656,21-01-2020
Lignite,22,15,47,0,0,84,21-01-2020
"RES (Wind, Solar, Biomass & Others)",101,130,214,1,0,447,22-01-2020
"Gas, Naptha & Diesel",34,32,17,0,22,105,22-01-2020
Nuclear,24,32,40,0,0,96,22-01-2020
Hydro,130,37,77,34,6,283,22-01-2020
Lignite,21,13,46,0,0,80,22-01-2020
Coal,470,1157,499,434,10,2570,22-01-2020
Total,780,1401,893,469,38,3581,22-01-2020
Total,769,1418,894,470,36,3588,23-01-2020
"RES (Wind, Solar, Biomass & Others)",86,134,198,1,0,420,23-01-2020
"Gas, Naptha & Diesel",31,32,18,0,20,100,23-01-2020
Nuclear,24,33,39,0,0,96,23-01-2020
Hydro,128,40,85,32,6,291,23-01-2020
Lignite,24,14,48,0,0,86,23-01-2020
Coal,475,1166,505,437,11,2595,23-01-2020
Total,768,1435,899,485,37,3623,24-01-2020
"RES (Wind, Solar, Biomass & Others)",73,84,189,2,0,348,24-01-2020
"Gas, Naptha & Diesel",30,35,18,0,20,103,24-01-2020
Nuclear,24,33,40,0,0,97,24-01-2020
Hydro,127,49,90,34,6,306,24-01-2020
Coal,490,1220,514,449,11,2685,24-01-2020
Lignite,23,14,48,0,0,85,24-01-2020
Total,780,1373,887,503,37,3581,25-01-2020
"RES (Wind, Solar, Biomass & Others)",70,45,161,2,0,277,25-01-2020
"Gas, Naptha & Diesel",30,42,18,0,21,111,25-01-2020
Nuclear,24,33,40,0,0,97,25-01-2020
Hydro,132,49,93,34,5,314,25-01-2020
Lignite,23,15,52,0,0,89,25-01-2020
Coal,501,1189,523,468,11,2692,25-01-2020
Nuclear,22,33,40,0,0,94,26-01-2020
Total,739,1319,823,472,36,3389,26-01-2020
"RES (Wind, Solar, Biomass & Others)",70,46,152,2,0,270,26-01-2020
"Gas, Naptha & Diesel",25,33,18,0,20,97,26-01-2020
Lignite,22,15,49,0,0,85,26-01-2020
Hydro,125,41,77,27,5,274,26-01-2020
Coal,477,1151,487,443,10,2569,26-01-2020
"Gas, Naptha & Diesel",26,39,18,0,20,103,27-01-2020
Nuclear,23,33,40,0,0,96,27-01-2020
Hydro,124,45,85,36,5,295,27-01-2020
Lignite,20,15,48,0,0,82,27-01-2020
Coal,499,1192,528,452,12,2683,27-01-2020
Total,762,1403,873,489,38,3565,27-01-2020
"RES (Wind, Solar, Biomass & Others)",69,80,155,1,0,305,27-01-2020
Coal,489,1195,558,456,13,2711,28-01-2020
Lignite,23,14,41,0,0,78,28-01-2020
Hydro,125,40,94,35,5,298,28-01-2020
"Gas, Naptha & Diesel",27,36,19,0,22,104,28-01-2020
"RES (Wind, Solar, Biomass & Others)",73,98,139,2,0,312,28-01-2020
Total,759,1416,891,492,41,3599,28-01-2020
Nuclear,24,33,40,0,0,97,28-01-2020
Total,755,1420,886,496,40,3597,29-01-2020
Coal,484,1233,554,461,12,2744,29-01-2020
Lignite,25,15,43,0,0,83,29-01-2020
Hydro,131,49,89,34,5,307,29-01-2020
Nuclear,25,33,40,0,0,97,29-01-2020
"Gas, Naptha & Diesel",25,32,19,0,23,100,29-01-2020
"RES (Wind, Solar, Biomass & Others)",65,58,141,1,0,266,29-01-2020
Lignite,24,15,50,0,0,89,30-01-2020
Hydro,132,43,98,34,5,312,30-01-2020
Nuclear,24,33,40,0,0,97,30-01-2020
"Gas, Naptha & Diesel",26,38,18,0,22,105,30-01-2020
"RES (Wind, Solar, Biomass & Others)",80,60,148,1,0,289,30-01-2020
Total,764,1427,898,494,40,3623,30-01-2020
Coal,478,1238,545,459,12,2732,30-01-2020
Coal,489,1235,560,448,11,2744,31-01-2020
Total,773,1433,910,483,39,3638,31-01-2020
Nuclear,24,33,40,0,0,97,31-01-2020
"RES (Wind, Solar, Biomass & Others)",77,69,150,2,0,299,31-01-2020
"Gas, Naptha & Diesel",26,35,18,0,23,102,31-01-2020
Hydro,129,45,93,33,5,305,31-01-2020
Lignite,27,15,49,0,0,91,31-01-2020
Lignite,27,13,52,0,0,92,01-02-2020
Coal,461,1223,543,425,11,2663,01-02-2020
Hydro,126,40,78,30,5,279,01-02-2020
Nuclear,24,33,39,0,0,96,01-02-2020
Total,740,1443,891,457,39,3571,01-02-2020
"RES (Wind, Solar, Biomass & Others)",73,101,162,2,0,337,01-02-2020
"Gas, Naptha & Diesel",29,33,17,0,23,102,01-02-2020
Total,738,1409,838,440,39,3464,02-02-2020
Lignite,23,12,48,0,0,83,02-02-2020
Coal,452,1164,503,414,11,2544,02-02-2020
Hydro,123,40,69,24,5,260,02-02-2020
Nuclear,24,33,40,0,0,97,02-02-2020
"Gas, Naptha & Diesel",31,31,18,0,23,102,02-02-2020
"RES (Wind, Solar, Biomass & Others)",85,130,161,2,0,378,02-02-2020
Nuclear,24,33,39,0,0,96,03-02-2020
Hydro,121,62,84,30,5,301,03-02-2020
Lignite,22,12,50,0,0,85,03-02-2020
Total,754,1443,889,452,39,3577,03-02-2020
Coal,480,1210,533,420,11,2654,03-02-2020
"RES (Wind, Solar, Biomass & Others)",77,86,165,2,0,329,03-02-2020
"Gas, Naptha & Diesel",31,41,18,0,23,113,03-02-2020
Coal,488,1247,550,458,14,2757,04-02-2020
Hydro,128,50,80,29,4,292,04-02-2020
Nuclear,24,33,39,0,0,96,04-02-2020
"Gas, Naptha & Diesel",31,39,18,0,23,111,04-02-2020
"RES (Wind, Solar, Biomass & Others)",73,66,164,1,0,304,04-02-2020
Total,765,1446,900,489,41,3642,04-02-2020
Lignite,21,12,48,0,0,81,04-02-2020
Coal,485,1258,564,448,13,2767,05-02-2020
Lignite,18,14,46,0,0,78,05-02-2020
Hydro,125,38,85,38,5,291,05-02-2020
Nuclear,25,33,39,0,0,97,05-02-2020
"Gas, Naptha & Diesel",32,38,18,0,24,112,05-02-2020
"RES (Wind, Solar, Biomass & Others)",89,67,156,1,0,314,05-02-2020
Total,775,1447,908,488,41,3660,05-02-2020
Nuclear,24,33,40,0,0,97,06-02-2020
"RES (Wind, Solar, Biomass & Others)",72,93,152,2,0,318,06-02-2020
Total,783,1471,902,502,40,3698,06-02-2020
"Gas, Naptha & Diesel",33,34,17,0,23,107,06-02-2020
Coal,510,1252,557,465,13,2797,06-02-2020
Lignite,18,15,47,0,0,80,06-02-2020
Hydro,126,44,89,35,5,299,06-02-2020
Total,797,1471,892,502,41,3702,07-02-2020
"Gas, Naptha & Diesel",32,42,16,0,23,114,07-02-2020
Nuclear,24,33,34,0,0,91,07-02-2020
Coal,518,1255,550,466,12,2802,07-02-2020
Lignite,18,16,53,0,0,87,07-02-2020
Hydro,125,43,90,34,5,298,07-02-2020
"RES (Wind, Solar, Biomass & Others)",79,82,149,1,0,311,07-02-2020
Hydro,125,37,88,31,5,286,08-02-2020
Total,790,1465,869,485,40,3650,08-02-2020
"RES (Wind, Solar, Biomass & Others)",88,124,137,1,0,351,08-02-2020
"Gas, Naptha & Diesel",34,39,17,0,23,112,08-02-2020
Nuclear,24,30,34,0,0,88,08-02-2020
Lignite,21,17,58,0,0,96,08-02-2020
Coal,499,1219,535,452,12,2717,08-02-2020
Lignite,27,15,50,0,0,92,10-02-2020
Coal,485,1223,526,438,7,2680,10-02-2020
Hydro,122,43,67,32,5,269,10-02-2020
Nuclear,24,26,40,0,0,89,10-02-2020
"Gas, Naptha & Diesel",35,40,18,0,22,115,10-02-2020
"RES (Wind, Solar, Biomass & Others)",77,111,175,2,0,365,10-02-2020
Total,771,1458,876,472,35,3611,10-02-2020
Coal,485,1253,528,449,8,2724,11-02-2020
Nuclear,24,35,40,0,0,98,11-02-2020
Total,783,1498,907,488,33,3710,11-02-2020
Hydro,129,50,72,37,3,292,11-02-2020
"Gas, Naptha & Diesel",32,42,18,0,22,114,11-02-2020
"RES (Wind, Solar, Biomass & Others)",86,101,195,2,0,384,11-02-2020
Lignite,27,17,54,0,0,98,11-02-2020
Total,792,1494,915,491,38,3730,12-02-2020
"RES (Wind, Solar, Biomass & Others)",88,89,197,2,0,376,12-02-2020
"Gas, Naptha & Diesel",36,39,17,0,23,115,12-02-2020
Nuclear,24,35,24,0,0,84,12-02-2020
Hydro,132,53,82,31,3,301,12-02-2020
Lignite,28,17,51,0,0,96,12-02-2020
Coal,485,1261,543,458,12,2759,12-02-2020
Total,779,1499,922,504,39,3743,13-02-2020
Hydro,125,45,86,29,3,287,13-02-2020
Nuclear,24,36,19,0,0,80,13-02-2020
"Gas, Naptha & Diesel",37,46,16,0,23,123,13-02-2020
"RES (Wind, Solar, Biomass & Others)",82,61,176,2,0,321,13-02-2020
Coal,486,1295,569,474,13,2836,13-02-2020
Lignite,25,16,56,0,0,96,13-02-2020
"Gas, Naptha & Diesel",37,44,16,0,23,120,14-02-2020
Nuclear,24,36,19,0,0,79,14-02-2020
Hydro,127,49,91,31,3,300,14-02-2020
Lignite,21,14,58,0,0,93,14-02-2020
Coal,482,1286,586,475,14,2843,14-02-2020
Total,765,1498,928,507,40,3738,14-02-2020
"RES (Wind, Solar, Biomass & Others)",75,69,158,2,0,304,14-02-2020
Total,775,1506,920,496,38,3735,15-02-2020
"RES (Wind, Solar, Biomass & Others)",70,53,151,2,0,276,15-02-2020
"Gas, Naptha & Diesel",36,51,15,0,21,124,15-02-2020
Hydro,126,48,86,36,3,298,15-02-2020
Lignite,17,14,56,0,0,87,15-02-2020
Coal,502,1304,590,459,14,2869,15-02-2020
Nuclear,24,37,21,0,0,81,15-02-2020
Hydro,129,37,66,30,3,265,16-02-2020
Nuclear,24,36,32,0,0,93,16-02-2020
Total,762,1455,895,493,36,3641,16-02-2020
"RES (Wind, Solar, Biomass & Others)",73,73,183,2,0,330,16-02-2020
Lignite,19,15,48,0,0,82,16-02-2020
Coal,482,1251,549,460,11,2754,16-02-2020
"Gas, Naptha & Diesel",36,42,16,0,22,116,16-02-2020
"RES (Wind, Solar, Biomass & Others)",73,93,195,2,0,362,17-02-2020
Total,779,1510,931,511,36,3766,17-02-2020
Coal,486,1267,559,474,11,2798,17-02-2020
Lignite,23,17,50,0,0,90,17-02-2020
"Gas, Naptha & Diesel",34,53,16,0,22,126,17-02-2020
Nuclear,24,37,34,0,0,94,17-02-2020
Hydro,139,43,77,35,3,296,17-02-2020
Lignite,25,18,51,0,0,93,18-02-2020
Total,796,1529,943,522,37,3827,18-02-2020
"RES (Wind, Solar, Biomass & Others)",74,62,181,1,0,317,18-02-2020
Coal,496,1310,570,486,12,2875,18-02-2020
Nuclear,24,37,39,0,0,100,18-02-2020
Hydro,140,41,86,35,3,305,18-02-2020
"Gas, Naptha & Diesel",37,62,16,0,22,137,18-02-2020
Coal,477,1329,570,481,12,2869,19-02-2020
Lignite,25,17,50,0,0,92,19-02-2020
Hydro,143,42,89,35,5,314,19-02-2020
"RES (Wind, Solar, Biomass & Others)",84,54,186,2,0,326,19-02-2020
Nuclear,21,37,41,0,0,99,19-02-2020
"Gas, Naptha & Diesel",37,63,16,0,14,129,19-02-2020
Total,786,1541,953,518,32,3829,19-02-2020
"Gas, Naptha & Diesel",39,60,16,0,13,128,20-02-2020
"RES (Wind, Solar, Biomass & Others)",100,68,216,1,0,386,20-02-2020
Total,772,1528,963,495,30,3789,20-02-2020
Hydro,137,47,90,33,6,313,20-02-2020
Lignite,25,17,51,0,0,92,20-02-2020
Coal,452,1300,546,461,11,2770,20-02-2020
Nuclear,19,37,45,0,0,100,20-02-2020
Lignite,27,17,51,0,0,94,21-02-2020
Coal,440,1239,523,459,12,2672,21-02-2020
"RES (Wind, Solar, Biomass & Others)",81,100,205,1,0,388,21-02-2020
Total,737,1481,928,487,30,3663,21-02-2020
Nuclear,19,37,45,0,0,100,21-02-2020
"Gas, Naptha & Diesel",37,46,16,0,14,114,21-02-2020
Hydro,133,43,88,27,4,294,21-02-2020
Nuclear,19,37,45,0,0,101,22-02-2020
Total,724,1491,935,490,29,3670,22-02-2020
Coal,425,1248,530,455,11,2669,22-02-2020
Lignite,27,17,54,0,0,98,22-02-2020
Hydro,132,38,81,34,4,288,22-02-2020
"RES (Wind, Solar, Biomass & Others)",85,104,210,1,0,400,22-02-2020
"Gas, Naptha & Diesel",36,47,16,0,15,113,22-02-2020
Coal,419,1231,502,454,11,2618,23-02-2020
Lignite,24,16,50,0,0,90,23-02-2020
Hydro,132,37,84,28,4,286,23-02-2020
Nuclear,19,37,45,0,0,101,23-02-2020
"Gas, Naptha & Diesel",35,43,15,0,13,107,23-02-2020
"RES (Wind, Solar, Biomass & Others)",77,86,201,1,0,366,23-02-2020
Total,705,1451,898,483,29,3566,23-02-2020
"Gas, Naptha & Diesel",33,60,15,0,13,122,24-02-2020
Nuclear,19,37,45,0,0,100,24-02-2020
Hydro,130,47,111,30,4,322,24-02-2020
Total,734,1501,938,494,29,3696,24-02-2020
Coal,458,1274,539,462,11,2744,24-02-2020
"RES (Wind, Solar, Biomass & Others)",68,71,177,2,0,318,24-02-2020
Lignite,26,13,51,0,0,90,24-02-2020
Total,732,1499,936,494,31,3693,25-02-2020
Coal,454,1281,554,469,12,2770,25-02-2020
Lignite,29,11,54,0,0,94,25-02-2020
Hydro,133,43,114,24,5,318,25-02-2020
Nuclear,19,37,45,0,0,100,25-02-2020
"RES (Wind, Solar, Biomass & Others)",67,64,154,1,0,286,25-02-2020
"Gas, Naptha & Diesel",30,64,16,0,15,124,25-02-2020
"RES (Wind, Solar, Biomass & Others)",65,67,169,1,0,302,26-02-2020
"Gas, Naptha & Diesel",31,62,17,0,15,126,26-02-2020
Nuclear,19,37,45,0,0,100,26-02-2020
Hydro,138,42,102,28,5,315,26-02-2020
Lignite,26,9,52,0,0,88,26-02-2020
Coal,469,1280,563,465,12,2789,26-02-2020
Total,749,1497,948,494,32,3719,26-02-2020
Total,713,1500,946,493,33,3685,27-02-2020
"RES (Wind, Solar, Biomass & Others)",79,61,173,1,0,314,27-02-2020
"Gas, Naptha & Diesel",30,71,17,0,15,134,27-02-2020
Nuclear,19,37,45,0,0,101,27-02-2020
Hydro,135,48,109,28,7,327,27-02-2020
Lignite,22,9,48,0,0,78,27-02-2020
Coal,427,1275,555,464,11,2732,27-02-2020
"RES (Wind, Solar, Biomass & Others)",82,70,172,2,0,326,29-02-2020
"Gas, Naptha & Diesel",30,74,18,0,17,138,29-02-2020
Total,714,1498,940,482,33,3666,29-02-2020
Hydro,138,45,109,29,5,326,29-02-2020
Lignite,21,9,46,0,0,77,29-02-2020
Coal,425,1262,550,452,11,2700,29-02-2020
Nuclear,18,37,45,0,0,100,29-02-2020
Lignite,19,13,47,0,0,79,01-03-2020
Hydro,136,26,74,29,5,269,01-03-2020
Nuclear,18,37,45,0,0,100,01-03-2020
"Gas, Naptha & Diesel",30,69,18,0,21,138,01-03-2020
"RES (Wind, Solar, Biomass & Others)",95,65,164,2,0,326,01-03-2020
Total,691,1380,869,450,36,3426,01-03-2020
Coal,392,1171,522,420,10,2514,01-03-2020
Nuclear,23,37,45,0,0,104,02-03-2020
Hydro,136,35,100,30,4,306,02-03-2020
"Gas, Naptha & Diesel",31,70,18,0,21,139,02-03-2020
Total,705,1484,913,499,37,3638,02-03-2020
Lignite,22,15,48,0,0,86,02-03-2020
Coal,416,1254,563,468,11,2712,02-03-2020
"RES (Wind, Solar, Biomass & Others)",78,72,139,1,0,291,02-03-2020
Coal,444,1241,575,478,11,2750,03-03-2020
Lignite,20,16,50,0,0,85,03-03-2020
Hydro,145,44,108,29,5,330,03-03-2020
Nuclear,24,37,46,0,0,106,03-03-2020
"Gas, Naptha & Diesel",34,73,18,0,16,141,03-03-2020
"RES (Wind, Solar, Biomass & Others)",75,93,147,2,0,316,03-03-2020
Total,741,1503,942,509,32,3727,03-03-2020
Nuclear,24,37,45,0,0,105,04-03-2020
"RES (Wind, Solar, Biomass & Others)",81,110,159,2,0,351,04-03-2020
"Gas, Naptha & Diesel",33,70,17,0,15,136,04-03-2020
Coal,426,1221,559,464,10,2679,04-03-2020
Hydro,141,33,110,28,6,317,04-03-2020
Lignite,19,16,44,0,0,79,04-03-2020
Total,723,1486,933,493,31,3667,04-03-2020
Lignite,14,16,46,0,0,76,05-03-2020
Nuclear,24,37,45,0,0,105,05-03-2020
Hydro,141,38,110,27,5,320,05-03-2020
"RES (Wind, Solar, Biomass & Others)",90,108,155,2,0,355,05-03-2020
Total,695,1473,929,481,34,3611,05-03-2020
"Gas, Naptha & Diesel",35,69,18,0,17,139,05-03-2020
Coal,391,1205,556,453,11,2617,05-03-2020
Lignite,11,16,46,0,0,73,06-03-2020
Hydro,138,33,89,30,5,295,06-03-2020
"Gas, Naptha & Diesel",35,57,18,0,17,125,06-03-2020
"RES (Wind, Solar, Biomass & Others)",59,112,167,2,0,340,06-03-2020
Total,624,1430,914,458,29,3454,06-03-2020
Coal,357,1175,549,427,7,2514,06-03-2020
Nuclear,24,37,45,0,0,106,06-03-2020
Hydro,134,30,91,30,6,291,07-03-2020
Lignite,16,16,51,0,0,83,07-03-2020
Coal,383,1226,557,453,7,2626,07-03-2020
Nuclear,24,37,45,0,0,105,07-03-2020
"Gas, Naptha & Diesel",35,50,17,0,16,118,07-03-2020
"RES (Wind, Solar, Biomass & Others)",66,59,139,2,0,266,07-03-2020
Total,659,1418,899,485,28,3488,07-03-2020
"RES (Wind, Solar, Biomass & Others)",84,72,134,2,0,292,08-03-2020
Total,668,1401,851,477,30,3428,08-03-2020
Nuclear,24,37,45,0,0,106,08-03-2020
"Gas, Naptha & Diesel",27,64,17,0,15,123,08-03-2020
Coal,380,1170,536,446,9,2541,08-03-2020
Lignite,17,17,46,0,0,79,08-03-2020
Hydro,135,42,74,30,5,287,08-03-2020
Coal,361,1171,532,443,11,2518,09-03-2020
Nuclear,24,37,45,0,0,105,09-03-2020
"Gas, Naptha & Diesel",28,66,17,0,16,127,09-03-2020
"RES (Wind, Solar, Biomass & Others)",88,91,142,2,0,322,09-03-2020
Total,649,1425,869,473,34,3450,09-03-2020
Lignite,18,17,49,0,0,84,09-03-2020
Hydro,130,44,84,28,7,294,09-03-2020
Lignite,16,12,46,0,0,73,10-03-2020
Total,594,1255,858,398,34,3140,10-03-2020
"RES (Wind, Solar, Biomass & Others)",95,116,157,2,0,370,10-03-2020
Coal,311,1010,515,373,10,2220,10-03-2020
Hydro,125,39,78,24,6,271,10-03-2020
Nuclear,24,37,45,0,0,105,10-03-2020
"Gas, Naptha & Diesel",23,42,18,0,19,101,10-03-2020
Nuclear,24,37,44,0,0,105,11-03-2020
Hydro,127,42,94,31,6,299,11-03-2020
Lignite,17,13,48,0,0,78,11-03-2020
Coal,310,1050,543,424,11,2337,11-03-2020
"RES (Wind, Solar, Biomass & Others)",84,137,143,1,0,365,11-03-2020
Total,586,1316,889,455,32,3279,11-03-2020
"Gas, Naptha & Diesel",23,38,17,0,16,94,11-03-2020
"Gas, Naptha & Diesel",25,62,17,0,22,127,13-03-2020
"RES (Wind, Solar, Biomass & Others)",69,76,166,1,0,312,13-03-2020
Nuclear,24,37,45,0,0,105,13-03-2020
Hydro,143,51,88,33,7,321,13-03-2020
Lignite,22,13,52,0,0,87,13-03-2020
Coal,342,1154,550,491,11,2547,13-03-2020
Total,624,1392,918,525,41,3500,13-03-2020
"Gas, Naptha & Diesel",29,73,17,0,22,141,14-03-2020
Total,654,1366,921,517,39,3496,14-03-2020
Hydro,148,42,84,32,5,310,14-03-2020
Lignite,19,13,53,0,0,85,14-03-2020
Coal,362,1104,554,484,11,2515,14-03-2020
"RES (Wind, Solar, Biomass & Others)",72,97,164,1,0,335,14-03-2020
Nuclear,24,37,49,0,0,110,14-03-2020
Hydro,143,41,67,31,5,287,15-03-2020
Total,634,1331,887,501,38,3391,15-03-2020
"RES (Wind, Solar, Biomass & Others)",77,110,179,2,0,367,15-03-2020
"Gas, Naptha & Diesel",30,65,18,0,23,135,15-03-2020
Coal,337,1064,520,468,10,2399,15-03-2020
Lignite,22,15,47,0,0,84,15-03-2020
Nuclear,24,37,57,0,0,118,15-03-2020
Hydro,141,61,91,36,4,332,16-03-2020
Nuclear,24,37,60,0,0,121,16-03-2020
"Gas, Naptha & Diesel",31,75,18,0,23,146,16-03-2020
"RES (Wind, Solar, Biomass & Others)",81,122,173,2,0,377,16-03-2020
Total,644,1422,925,533,39,3563,16-03-2020
Lignite,21,14,50,0,0,86,16-03-2020
Coal,347,1113,534,495,12,2501,16-03-2020
Coal,376,1163,552,498,12,2601,17-03-2020
Lignite,22,15,52,0,0,89,17-03-2020
"Gas, Naptha & Diesel",30,82,18,0,23,154,17-03-2020
Hydro,143,64,80,33,4,325,17-03-2020
Nuclear,24,37,62,0,0,123,17-03-2020
Total,668,1454,951,536,39,3649,17-03-2020
"RES (Wind, Solar, Biomass & Others)",73,92,187,5,0,357,17-03-2020
"Gas, Naptha & Diesel",31,82,18,0,23,154,18-03-2020
Coal,410,1195,559,495,11,2670,18-03-2020
Lignite,21,14,53,0,0,89,18-03-2020
Total,711,1444,949,531,39,3674,18-03-2020
"RES (Wind, Solar, Biomass & Others)",77,74,165,5,0,321,18-03-2020
Hydro,148,43,88,31,5,315,18-03-2020
Nuclear,24,37,66,0,0,126,18-03-2020
Coal,419,1210,571,487,11,2698,19-03-2020
Lignite,21,14,52,0,0,87,19-03-2020
Hydro,147,46,91,28,4,315,19-03-2020
Nuclear,24,37,66,0,0,127,19-03-2020
"Gas, Naptha & Diesel",30,80,18,0,23,152,19-03-2020
"RES (Wind, Solar, Biomass & Others)",71,79,140,5,0,294,19-03-2020
Total,712,1466,937,519,38,3672,19-03-2020
Total,694,1450,908,508,39,3599,20-03-2020
Hydro,143,42,85,35,4,309,20-03-2020
Nuclear,23,37,67,0,0,128,20-03-2020
Coal,401,1171,537,468,11,2589,20-03-2020
"Gas, Naptha & Diesel",28,67,18,0,23,137,20-03-2020
"RES (Wind, Solar, Biomass & Others)",75,118,150,5,0,349,20-03-2020
Lignite,23,16,50,0,0,88,20-03-2020
Total,691,1419,881,513,38,3541,21-03-2020
Lignite,23,16,49,0,0,87,21-03-2020
"RES (Wind, Solar, Biomass & Others)",78,91,152,5,0,325,21-03-2020
"Gas, Naptha & Diesel",29,89,18,0,24,159,21-03-2020
Hydro,142,39,82,35,4,303,21-03-2020
Coal,396,1148,512,474,9,2538,21-03-2020
Nuclear,24,37,69,0,0,129,21-03-2020
Lignite,19,16,41,0,0,76,22-03-2020
Hydro,141,33,63,25,4,265,22-03-2020
Nuclear,22,36,69,0,0,127,22-03-2020
"Gas, Naptha & Diesel",29,62,18,0,22,131,22-03-2020
Coal,364,983,466,388,9,2211,22-03-2020
"RES (Wind, Solar, Biomass & Others)",73,66,132,5,0,276,22-03-2020
Total,647,1196,789,417,36,3086,22-03-2020
Coal,352,1049,480,420,10,2311,23-03-2020
Lignite,18,14,43,0,0,75,23-03-2020
Hydro,145,33,76,32,5,291,23-03-2020
Nuclear,20,33,69,0,0,122,23-03-2020
"Gas, Naptha & Diesel",25,53,17,0,23,118,23-03-2020
"RES (Wind, Solar, Biomass & Others)",67,66,132,5,0,270,23-03-2020
Total,626,1248,817,457,38,3187,23-03-2020
Total,611,1182,794,413,37,3038,24-03-2020
"RES (Wind, Solar, Biomass & Others)",73,65,133,5,0,275,24-03-2020
"Gas, Naptha & Diesel",25,63,17,0,22,128,24-03-2020
Nuclear,19,33,69,0,0,121,24-03-2020
Coal,332,972,458,376,10,2149,24-03-2020
Hydro,144,35,71,33,4,288,24-03-2020
Lignite,16,14,46,0,0,76,24-03-2020
"RES (Wind, Solar, Biomass & Others)",54,100,143,6,0,302,26-03-2020
Total,566,986,721,397,32,2702,26-03-2020
"Gas, Naptha & Diesel",27,46,20,0,22,114,26-03-2020
Nuclear,19,33,65,0,0,117,26-03-2020
Hydro,148,35,71,39,4,297,26-03-2020
Lignite,15,11,46,0,0,72,26-03-2020
Coal,303,762,377,352,6,1801,26-03-2020
Lignite,15,11,47,0,0,73,27-03-2020
Total,545,933,722,409,33,2642,27-03-2020
"RES (Wind, Solar, Biomass & Others)",63,66,154,5,0,287,27-03-2020
Coal,276,736,360,365,7,1744,27-03-2020
"Gas, Naptha & Diesel",29,53,20,0,22,123,27-03-2020
Nuclear,20,33,64,0,0,116,27-03-2020
Hydro,142,35,78,39,4,298,27-03-2020
Lignite,16,11,48,0,0,75,29-03-2020
Hydro,172,33,76,47,5,334,29-03-2020
"Gas, Naptha & Diesel",27,61,19,0,19,126,29-03-2020
"RES (Wind, Solar, Biomass & Others)",77,77,140,5,0,299,29-03-2020
Nuclear,24,36,63,0,0,123,29-03-2020
Total,582,958,699,415,31,2685,29-03-2020
Coal,265,740,353,363,7,1728,29-03-2020
Total,592,964,713,415,34,2717,30-03-2020
Coal,266,731,362,360,7,1727,30-03-2020
"RES (Wind, Solar, Biomass & Others)",92,80,140,5,0,316,30-03-2020
Nuclear,24,36,62,0,0,122,30-03-2020
"Gas, Naptha & Diesel",27,69,19,0,22,136,30-03-2020
Hydro,165,36,82,50,6,339,30-03-2020
Lignite,17,12,48,0,0,78,30-03-2020
Coal,278,742,375,368,7,1769,31-03-2020
"Gas, Naptha & Diesel",24,72,19,0,23,137,31-03-2020
"RES (Wind, Solar, Biomass & Others)",90,95,141,5,0,331,31-03-2020
Total,588,991,729,422,33,2763,31-03-2020
Lignite,18,14,53,0,0,85,31-03-2020
Hydro,154,31,83,49,4,322,31-03-2020
Nuclear,24,37,59,0,0,119,31-03-2020
Total,583,1020,722,426,34,2785,01-04-2020
"RES (Wind, Solar, Biomass & Others)",87,87,128,5,0,306,01-04-2020
"Gas, Naptha & Diesel",23,84,18,0,22,148,01-04-2020
Nuclear,23,37,55,0,0,115,01-04-2020
Coal,281,754,384,373,8,1799,01-04-2020
Lignite,19,15,51,0,0,85,01-04-2020
Hydro,150,44,87,48,4,332,01-04-2020
Total,589,1049,747,442,37,2864,02-04-2020
"RES (Wind, Solar, Biomass & Others)",83,83,140,5,0,311,02-04-2020
"Gas, Naptha & Diesel",24,84,18,0,23,150,02-04-2020
Nuclear,24,37,55,0,0,115,02-04-2020
Hydro,151,40,87,48,3,328,02-04-2020
Lignite,19,15,48,0,0,82,02-04-2020
Coal,289,790,400,389,11,1879,02-04-2020
Coal,291,801,397,401,10,1901,04-04-2020
Lignite,16,15,50,0,0,80,04-04-2020
Nuclear,24,36,52,0,0,111,04-04-2020
"Gas, Naptha & Diesel",23,86,19,0,27,154,04-04-2020
"RES (Wind, Solar, Biomass & Others)",75,79,134,5,0,293,04-04-2020
Total,567,1062,742,454,40,2864,04-04-2020
Hydro,139,46,89,49,3,325,04-04-2020
"Gas, Naptha & Diesel",20,88,19,0,28,155,06-04-2020
"RES (Wind, Solar, Biomass & Others)",82,81,126,5,0,294,06-04-2020
Total,567,1082,701,438,41,2829,06-04-2020
Nuclear,23,36,52,0,0,110,06-04-2020
Hydro,145,35,67,45,3,296,06-04-2020
Lignite,16,12,50,0,0,78,06-04-2020
Coal,280,831,387,388,10,1895,06-04-2020
Nuclear,27,36,52,0,0,115,07-04-2020
Hydro,143,46,64,45,3,301,07-04-2020
Lignite,15,12,48,0,0,75,07-04-2020
Coal,281,812,350,383,10,1835,07-04-2020
Total,574,1089,662,433,43,2800,07-04-2020
"Gas, Naptha & Diesel",21,87,20,0,29,156,07-04-2020
"RES (Wind, Solar, Biomass & Others)",87,98,129,5,0,318,07-04-2020
Lignite,17,12,49,0,0,78,08-04-2020
Hydro,146,36,72,43,3,300,08-04-2020
Nuclear,28,36,52,0,0,115,08-04-2020
"Gas, Naptha & Diesel",21,76,20,0,29,146,08-04-2020
"RES (Wind, Solar, Biomass & Others)",86,91,121,5,0,303,08-04-2020
Coal,286,818,342,383,10,1838,08-04-2020
Total,583,1068,657,431,43,2781,08-04-2020
Nuclear,28,36,52,0,0,115,09-04-2020
Total,574,1085,649,425,41,2775,09-04-2020
"RES (Wind, Solar, Biomass & Others)",83,75,137,5,0,299,09-04-2020
"Gas, Naptha & Diesel",24,75,20,0,28,146,09-04-2020
Hydro,141,37,62,47,3,291,09-04-2020
Lignite,18,12,47,0,0,78,09-04-2020
Coal,280,851,331,373,11,1846,09-04-2020
"Gas, Naptha & Diesel",24,64,21,0,28,136,10-04-2020
"RES (Wind, Solar, Biomass & Others)",83,62,136,5,0,287,10-04-2020
Nuclear,28,36,51,0,0,115,10-04-2020
Hydro,140,41,66,51,3,301,10-04-2020
Lignite,21,14,47,0,0,82,10-04-2020
Coal,271,887,319,381,7,1865,10-04-2020
Total,567,1103,640,437,39,2786,10-04-2020
"Gas, Naptha & Diesel",24,59,20,0,29,132,11-04-2020
Total,583,1106,682,464,39,2875,11-04-2020
Hydro,146,45,80,54,3,329,11-04-2020
Lignite,21,14,50,0,0,85,11-04-2020
Coal,284,887,340,405,7,1924,11-04-2020
"RES (Wind, Solar, Biomass & Others)",81,65,140,5,0,290,11-04-2020
Nuclear,28,36,51,0,0,116,11-04-2020
Total,641,1161,680,463,41,2987,13-04-2020
"RES (Wind, Solar, Biomass & Others)",100,94,143,5,0,342,13-04-2020
"Gas, Naptha & Diesel",24,70,20,0,29,143,13-04-2020
Nuclear,23,37,46,0,0,105,13-04-2020
Hydro,171,48,86,51,4,360,13-04-2020
Lignite,22,11,49,0,0,81,13-04-2020
Coal,301,901,337,407,8,1955,13-04-2020
Nuclear,23,37,47,0,0,106,14-04-2020
Coal,313,892,363,407,10,1985,14-04-2020
Lignite,20,10,47,0,0,77,14-04-2020
Hydro,181,49,82,56,3,371,14-04-2020
"Gas, Naptha & Diesel",24,94,20,0,29,167,14-04-2020
"RES (Wind, Solar, Biomass & Others)",104,81,156,5,0,346,14-04-2020
Total,664,1163,714,468,42,3052,14-04-2020
Coal,333,904,371,379,6,1993,16-04-2020
Lignite,24,11,43,0,0,78,16-04-2020
Hydro,191,53,85,55,3,388,16-04-2020
Nuclear,23,36,47,0,0,107,16-04-2020
"Gas, Naptha & Diesel",23,91,20,0,28,162,16-04-2020
"RES (Wind, Solar, Biomass & Others)",71,102,142,5,0,319,16-04-2020
Total,665,1198,708,439,37,3047,16-04-2020
"Gas, Naptha & Diesel",23,96,20,0,27,166,17-04-2020
Coal,333,891,367,387,7,1985,17-04-2020
Lignite,19,14,42,0,0,74,17-04-2020
Hydro,186,62,94,51,4,397,17-04-2020
Total,679,1188,706,443,38,3053,17-04-2020
"RES (Wind, Solar, Biomass & Others)",94,90,135,5,0,324,17-04-2020
Nuclear,23,36,47,0,0,107,17-04-2020
Coal,326,884,362,380,6,1958,18-04-2020
Nuclear,23,36,47,0,0,106,18-04-2020
Total,656,1166,687,433,38,2979,18-04-2020
Lignite,20,16,42,0,0,78,18-04-2020
"RES (Wind, Solar, Biomass & Others)",82,96,138,5,0,321,18-04-2020
"Gas, Naptha & Diesel",23,77,20,0,28,148,18-04-2020
Hydro,181,57,78,48,4,368,18-04-2020
"RES (Wind, Solar, Biomass & Others)",78,99,135,5,0,317,19-04-2020
"Gas, Naptha & Diesel",23,65,20,0,28,136,19-04-2020
Nuclear,24,37,51,0,0,112,19-04-2020
Hydro,187,38,66,70,6,366,19-04-2020
Coal,332,859,359,373,7,1931,19-04-2020
Lignite,21,12,40,0,0,73,19-04-2020
Total,665,1110,672,448,41,2935,19-04-2020
Coal,324,873,365,368,7,1937,20-04-2020
Lignite,17,11,42,0,0,70,20-04-2020
Hydro,175,37,66,71,8,357,20-04-2020
Nuclear,27,36,51,0,0,115,20-04-2020
"Gas, Naptha & Diesel",23,57,20,0,26,127,20-04-2020
"RES (Wind, Solar, Biomass & Others)",80,104,145,5,0,333,20-04-2020
Total,647,1118,690,443,41,2940,20-04-2020
Lignite,20,11,43,0,0,73,21-04-2020
Total,630,1118,692,400,38,2877,21-04-2020
"RES (Wind, Solar, Biomass & Others)",77,85,131,5,0,297,21-04-2020
"Gas, Naptha & Diesel",23,62,20,0,25,129,21-04-2020
Nuclear,28,37,51,0,0,116,21-04-2020
Hydro,166,43,71,56,6,342,21-04-2020
Coal,318,880,375,339,7,1919,21-04-2020
Coal,322,895,382,358,8,1964,23-04-2020
Total,640,1185,703,419,36,2983,23-04-2020
"RES (Wind, Solar, Biomass & Others)",76,125,146,5,0,352,23-04-2020
"Gas, Naptha & Diesel",23,46,20,0,22,111,23-04-2020
Nuclear,28,37,51,0,0,115,23-04-2020
Hydro,171,70,65,56,6,369,23-04-2020
Lignite,20,12,39,0,0,72,23-04-2020
Lignite,24,12,37,0,0,73,24-04-2020
Hydro,180,62,57,56,7,361,24-04-2020
Nuclear,28,36,51,0,0,115,24-04-2020
"Gas, Naptha & Diesel",23,50,20,0,25,118,24-04-2020
"RES (Wind, Solar, Biomass & Others)",73,145,156,5,3,381,24-04-2020
Total,646,1196,696,413,42,2993,24-04-2020
Coal,319,890,375,353,7,1944,24-04-2020
"RES (Wind, Solar, Biomass & Others)",84,151,169,4,3,411,25-04-2020
Total,668,1163,684,414,45,2975,25-04-2020
"Gas, Naptha & Diesel",23,52,20,0,25,121,25-04-2020
Nuclear,28,36,51,0,0,115,25-04-2020
Hydro,188,56,61,58,10,373,25-04-2020
Lignite,20,14,37,0,0,71,25-04-2020
Coal,325,854,346,351,7,1883,25-04-2020
Total,642,1102,636,392,41,2813,26-04-2020
"RES (Wind, Solar, Biomass & Others)",77,101,137,5,0,320,26-04-2020
"Gas, Naptha & Diesel",23,63,20,0,26,132,26-04-2020
Nuclear,28,37,51,0,0,115,26-04-2020
Hydro,198,50,57,50,9,363,26-04-2020
Lignite,18,13,38,0,0,70,26-04-2020
Coal,297,839,332,337,7,1812,26-04-2020
Nuclear,24,36,51,0,0,112,27-04-2020
Total,631,1088,660,381,41,2801,27-04-2020
"Gas, Naptha & Diesel",20,63,20,0,28,132,27-04-2020
"RES (Wind, Solar, Biomass & Others)",82,94,162,5,0,343,27-04-2020
Coal,285,837,323,322,7,1773,27-04-2020
Lignite,17,13,37,0,0,68,27-04-2020
Hydro,202,44,68,54,5,374,27-04-2020
"Gas, Naptha & Diesel",23,57,21,0,28,129,29-04-2020
Nuclear,28,36,51,0,0,115,29-04-2020
Hydro,222,50,65,63,6,407,29-04-2020
Lignite,19,16,37,0,0,73,29-04-2020
Coal,307,929,333,343,7,1918,29-04-2020
"RES (Wind, Solar, Biomass & Others)",93,77,110,5,0,285,29-04-2020
Total,692,1166,616,410,41,2925,29-04-2020
Hydro,233,34,64,68,7,406,30-04-2020
Lignite,22,15,38,0,0,76,30-04-2020
Coal,327,936,346,374,7,1989,30-04-2020
Nuclear,27,36,44,0,0,108,30-04-2020
"Gas, Naptha & Diesel",23,62,20,0,28,133,30-04-2020
"RES (Wind, Solar, Biomass & Others)",90,87,138,5,0,320,30-04-2020
Total,722,1171,651,447,42,3033,30-04-2020
Total,731,1164,644,422,44,3005,01-05-2020
"RES (Wind, Solar, Biomass & Others)",110,112,147,5,0,374,01-05-2020
"Gas, Naptha & Diesel",25,68,20,0,29,142,01-05-2020
Nuclear,28,36,39,0,0,103,01-05-2020
Hydro,237,34,69,65,7,412,01-05-2020
Lignite,25,13,37,0,0,75,01-05-2020
Coal,308,900,332,352,7,1899,01-05-2020
"Gas, Naptha & Diesel",23,59,21,0,29,133,02-05-2020
Nuclear,28,36,37,0,0,101,02-05-2020
Hydro,246,50,75,72,7,450,02-05-2020
Lignite,25,13,35,0,0,73,02-05-2020
Coal,333,916,334,347,7,1936,02-05-2020
Total,758,1209,646,424,43,3079,02-05-2020
"RES (Wind, Solar, Biomass & Others)",103,134,144,5,0,386,02-05-2020
"Gas, Naptha & Diesel",23,59,21,0,29,132,03-05-2020
Nuclear,27,37,43,0,0,107,03-05-2020
Hydro,247,42,81,74,6,452,03-05-2020
Coal,321,903,326,336,7,1891,03-05-2020
Total,734,1190,651,415,42,3032,03-05-2020
Lignite,25,13,38,0,0,76,03-05-2020
"RES (Wind, Solar, Biomass & Others)",90,136,142,5,0,373,03-05-2020
"RES (Wind, Solar, Biomass & Others)",75,132,143,5,0,355,04-05-2020
Total,693,1211,686,438,42,3071,04-05-2020
Coal,292,931,344,359,7,1933,04-05-2020
Lignite,24,13,41,0,0,78,04-05-2020
Hydro,250,37,87,74,6,454,04-05-2020
Nuclear,28,36,51,0,0,115,04-05-2020
"Gas, Naptha & Diesel",24,62,21,0,29,136,04-05-2020
Total,681,1252,708,454,40,3135,06-05-2020
Coal,301,965,365,370,7,2007,06-05-2020
Lignite,20,14,38,0,0,72,06-05-2020
"Gas, Naptha & Diesel",24,69,20,0,27,140,06-05-2020
Nuclear,28,36,51,0,0,115,06-05-2020
"RES (Wind, Solar, Biomass & Others)",79,112,153,5,0,349,06-05-2020
Hydro,230,55,81,80,7,453,06-05-2020
Coal,303,988,369,383,7,2050,07-05-2020
Lignite,22,16,37,0,0,75,07-05-2020
Hydro,236,41,84,75,6,443,07-05-2020
Nuclear,28,36,52,0,0,116,07-05-2020
"Gas, Naptha & Diesel",24,72,19,0,24,139,07-05-2020
"RES (Wind, Solar, Biomass & Others)",78,109,145,5,0,337,07-05-2020
Total,691,1262,706,462,37,3158,07-05-2020
"RES (Wind, Solar, Biomass & Others)",83,110,133,5,0,331,08-05-2020
"Gas, Naptha & Diesel",27,74,21,0,27,148,08-05-2020
Nuclear,27,36,51,0,0,115,08-05-2020
Hydro,236,42,87,74,5,445,08-05-2020
Lignite,22,16,31,0,0,68,08-05-2020
Coal,339,1013,401,417,10,2179,08-05-2020
Total,734,1290,723,496,42,3285,08-05-2020
Lignite,21,16,33,0,0,70,09-05-2020
Coal,338,1038,417,440,11,2244,09-05-2020
Hydro,243,54,89,77,6,469,09-05-2020
Nuclear,26,34,51,0,0,111,09-05-2020
"Gas, Naptha & Diesel",29,76,18,0,29,153,09-05-2020
"RES (Wind, Solar, Biomass & Others)",93,103,133,5,0,335,09-05-2020
Total,750,1321,742,522,46,3382,09-05-2020
Lignite,22,15,33,0,0,70,10-05-2020
Coal,307,975,389,384,10,2064,10-05-2020
Hydro,240,45,73,66,5,428,10-05-2020
Nuclear,23,33,51,0,0,106,10-05-2020
"Gas, Naptha & Diesel",32,74,19,0,29,154,10-05-2020
"RES (Wind, Solar, Biomass & Others)",87,106,135,5,0,332,10-05-2020
Total,709,1247,699,454,44,3154,10-05-2020
Total,669,1252,722,441,45,3129,11-05-2020
"RES (Wind, Solar, Biomass & Others)",85,102,132,5,0,324,11-05-2020
"Gas, Naptha & Diesel",28,74,20,0,30,152,11-05-2020
Nuclear,22,33,51,0,0,106,11-05-2020
Hydro,245,38,79,66,5,432,11-05-2020
Coal,266,991,406,370,10,2042,11-05-2020
Lignite,22,15,35,0,0,73,11-05-2020
Hydro,256,49,82,67,6,461,13-05-2020
Lignite,24,15,39,0,0,78,13-05-2020
Coal,319,1061,443,450,10,2283,13-05-2020
Total,747,1319,767,522,45,3401,13-05-2020
Nuclear,27,33,50,0,0,110,13-05-2020
"RES (Wind, Solar, Biomass & Others)",90,92,133,5,0,319,13-05-2020
"Gas, Naptha & Diesel",32,70,20,0,29,151,13-05-2020
Total,797,1333,780,520,43,3474,15-05-2020
Nuclear,28,33,44,0,0,105,15-05-2020
Hydro,273,33,68,68,7,449,15-05-2020
Lignite,23,16,40,0,0,79,15-05-2020
Coal,358,1087,447,447,7,2347,15-05-2020
"RES (Wind, Solar, Biomass & Others)",83,84,162,5,0,334,15-05-2020
"Gas, Naptha & Diesel",32,81,18,0,29,160,15-05-2020
Nuclear,27,33,47,0,0,107,16-05-2020
Total,803,1340,765,544,47,3500,16-05-2020
"Gas, Naptha & Diesel",34,78,18,0,30,161,16-05-2020
Hydro,277,35,80,79,10,482,16-05-2020
Lignite,24,16,32,0,0,72,16-05-2020
Coal,368,1075,429,460,7,2339,16-05-2020
"RES (Wind, Solar, Biomass & Others)",73,103,158,5,0,339,16-05-2020
Coal,368,1025,410,435,7,2245,17-05-2020
Lignite,22,15,31,0,0,68,17-05-2020
Nuclear,27,33,47,0,0,107,17-05-2020
"Gas, Naptha & Diesel",34,74,18,0,28,154,17-05-2020
"RES (Wind, Solar, Biomass & Others)",82,124,165,5,0,376,17-05-2020
Total,810,1311,742,523,47,3433,17-05-2020
Hydro,276,40,71,83,12,482,17-05-2020
"RES (Wind, Solar, Biomass & Others)",76,121,212,5,0,414,18-05-2020
Lignite,22,15,33,0,0,70,18-05-2020
Coal,378,1044,379,444,7,2252,18-05-2020
Hydro,274,47,51,89,8,470,18-05-2020
"Gas, Naptha & Diesel",33,86,19,0,31,169,18-05-2020
Nuclear,28,33,47,0,0,108,18-05-2020
Total,811,1346,740,538,45,3481,18-05-2020
Total,817,1333,763,539,44,3497,19-05-2020
Coal,383,1056,332,440,6,2217,19-05-2020
Lignite,22,15,31,0,0,68,19-05-2020
Hydro,269,34,61,95,8,466,19-05-2020
Nuclear,28,33,47,0,0,107,19-05-2020
"Gas, Naptha & Diesel",33,80,19,0,30,162,19-05-2020
"RES (Wind, Solar, Biomass & Others)",83,115,273,4,0,475,19-05-2020
Hydro,245,38,76,79,10,447,20-05-2020
"RES (Wind, Solar, Biomass & Others)",80,125,302,4,0,511,20-05-2020
Total,807,1369,794,436,48,3453,20-05-2020
Lignite,23,15,34,0,0,72,20-05-2020
Coal,398,1083,316,353,7,2157,20-05-2020
Nuclear,28,34,48,0,0,109,20-05-2020
"Gas, Naptha & Diesel",33,74,19,0,31,157,20-05-2020
"RES (Wind, Solar, Biomass & Others)",91,145,268,4,0,508,21-05-2020
Lignite,25,15,36,0,0,76,21-05-2020
Hydro,246,44,86,121,13,509,21-05-2020
Nuclear,27,36,37,0,0,99,21-05-2020
"Gas, Naptha & Diesel",33,78,18,0,25,154,21-05-2020
Total,813,1411,778,463,42,3508,21-05-2020
Coal,391,1094,332,338,5,2161,21-05-2020
Nuclear,27,36,28,0,0,91,23-05-2020
Hydro,295,44,99,136,19,593,23-05-2020
Lignite,27,16,43,0,0,86,23-05-2020
Total,922,1433,814,544,53,3766,23-05-2020
Coal,454,1101,398,403,4,2360,23-05-2020
"Gas, Naptha & Diesel",36,75,18,0,30,159,23-05-2020
"RES (Wind, Solar, Biomass & Others)",83,161,229,5,0,477,23-05-2020
"Gas, Naptha & Diesel",36,66,18,0,29,150,24-05-2020
Hydro,305,49,74,132,17,576,24-05-2020
Lignite,25,15,41,0,0,81,24-05-2020
Coal,469,1104,415,413,3,2404,24-05-2020
"RES (Wind, Solar, Biomass & Others)",80,148,244,5,0,476,24-05-2020
Nuclear,27,36,27,0,0,91,24-05-2020
Total,943,1417,819,550,49,3778,24-05-2020
"Gas, Naptha & Diesel",37,69,18,0,28,152,25-05-2020
Total,958,1448,832,545,50,3833,25-05-2020
Lignite,23,14,45,0,0,81,25-05-2020
Hydro,296,52,87,132,18,585,25-05-2020
Nuclear,27,37,30,0,0,93,25-05-2020
Coal,478,1116,444,409,3,2450,25-05-2020
"RES (Wind, Solar, Biomass & Others)",96,161,209,5,0,472,25-05-2020
Total,971,1460,842,554,45,3872,26-05-2020
Coal,474,1127,452,425,0,2477,26-05-2020
Lignite,20,13,45,0,0,78,26-05-2020
"RES (Wind, Solar, Biomass & Others)",113,182,213,5,0,513,26-05-2020
"Gas, Naptha & Diesel",37,65,16,0,26,145,26-05-2020
Nuclear,27,36,39,0,0,102,26-05-2020
Hydro,302,36,77,124,18,557,26-05-2020
"RES (Wind, Solar, Biomass & Others)",122,228,222,5,0,576,28-05-2020
Hydro,289,21,72,99,23,503,28-05-2020
Total,901,1360,827,463,52,3603,28-05-2020
Nuclear,27,36,55,0,0,118,28-05-2020
Lignite,19,16,39,0,0,73,28-05-2020
Coal,411,999,424,358,2,2194,28-05-2020
"Gas, Naptha & Diesel",34,61,16,0,27,138,28-05-2020
Coal,361,1000,427,409,8,2206,30-05-2020
Lignite,20,16,39,0,0,74,30-05-2020
Total,804,1330,788,511,53,3486,30-05-2020
"RES (Wind, Solar, Biomass & Others)",84,162,170,5,0,421,30-05-2020
Hydro,286,34,81,97,17,515,30-05-2020
Nuclear,27,36,54,0,0,118,30-05-2020
"Gas, Naptha & Diesel",27,80,17,0,28,152,30-05-2020
"RES (Wind, Solar, Biomass & Others)",85,108,156,5,0,353,31-05-2020
Coal,321,953,419,375,11,2079,31-05-2020
Lignite,18,16,37,0,0,71,31-05-2020
Hydro,287,37,70,96,19,508,31-05-2020
Nuclear,28,36,46,0,0,110,31-05-2020
"Gas, Naptha & Diesel",27,81,17,0,27,152,31-05-2020
Total,765,1232,745,476,57,3274,31-05-2020
"Gas, Naptha & Diesel",27,82,17,0,27,152,01-06-2020
Lignite,19,14,37,0,0,69,01-06-2020
Hydro,290,41,76,102,17,526,01-06-2020
"RES (Wind, Solar, Biomass & Others)",77,81,161,5,0,324,01-06-2020
Coal,353,964,409,418,10,2155,01-06-2020
Nuclear,27,36,47,0,0,110,01-06-2020
Total,793,1218,747,526,54,3337,01-06-2020
Total,795,1234,752,514,54,3348,02-06-2020
Coal,357,985,400,408,9,2160,02-06-2020
Nuclear,27,36,47,0,0,111,02-06-2020
Lignite,20,12,33,0,0,66,02-06-2020
Hydro,280,42,59,102,16,498,02-06-2020
"Gas, Naptha & Diesel",28,80,16,0,28,151,02-06-2020
"RES (Wind, Solar, Biomass & Others)",83,78,197,5,0,362,02-06-2020
Coal,369,937,390,414,10,2119,03-06-2020
Lignite,24,12,33,0,0,69,03-06-2020
Hydro,279,38,58,105,16,497,03-06-2020
Nuclear,27,36,46,0,0,109,03-06-2020
"Gas, Naptha & Diesel",28,74,16,0,27,144,03-06-2020
"RES (Wind, Solar, Biomass & Others)",65,87,198,5,0,355,03-06-2020
Total,792,1185,740,524,53,3293,03-06-2020
"Gas, Naptha & Diesel",28,69,18,0,24,139,04-06-2020
Total,772,1135,766,538,54,3265,04-06-2020
Coal,357,885,371,431,9,2053,04-06-2020
Lignite,23,14,36,0,0,74,04-06-2020
Hydro,279,35,68,103,20,505,04-06-2020
"RES (Wind, Solar, Biomass & Others)",58,96,226,5,0,384,04-06-2020
Nuclear,28,37,46,0,0,110,04-06-2020
Total,767,1130,770,522,50,3240,05-06-2020
"Gas, Naptha & Diesel",27,68,17,0,21,132,05-06-2020
"RES (Wind, Solar, Biomass & Others)",73,108,236,5,0,422,05-06-2020
Hydro,284,44,65,110,19,523,05-06-2020
Lignite,24,16,38,0,0,77,05-06-2020
Coal,332,858,369,407,10,1977,05-06-2020
Nuclear,27,36,46,0,0,110,05-06-2020
Total,797,1155,751,538,59,3300,07-06-2020
Nuclear,27,37,47,0,0,111,07-06-2020
"RES (Wind, Solar, Biomass & Others)",82,98,272,5,0,457,07-06-2020
"Gas, Naptha & Diesel",30,76,16,0,27,149,07-06-2020
Hydro,286,41,60,119,22,529,07-06-2020
Lignite,26,14,36,0,0,76,07-06-2020
Coal,346,888,320,414,10,1978,07-06-2020
Coal,378,956,330,463,11,2138,08-06-2020
Lignite,27,12,41,0,0,81,08-06-2020
Hydro,313,57,78,118,21,587,08-06-2020
Nuclear,28,36,46,0,0,111,08-06-2020
"Gas, Naptha & Diesel",30,71,16,0,27,145,08-06-2020
"RES (Wind, Solar, Biomass & Others)",82,98,277,5,0,461,08-06-2020
Total,860,1230,788,586,59,3523,08-06-2020
Nuclear,28,36,47,0,0,112,09-06-2020
"Gas, Naptha & Diesel",35,85,16,0,27,164,09-06-2020
Hydro,337,68,81,118,19,623,09-06-2020
"RES (Wind, Solar, Biomass & Others)",83,91,279,5,0,458,09-06-2020
Coal,428,980,350,494,11,2262,09-06-2020
Lignite,28,11,41,0,0,80,09-06-2020
Total,939,1271,815,616,57,3698,09-06-2020
"RES (Wind, Solar, Biomass & Others)",92,91,242,5,0,430,11-06-2020
Total,1027,1289,743,575,50,3685,11-06-2020
"Gas, Naptha & Diesel",46,88,17,0,25,175,11-06-2020
Nuclear,27,36,47,0,0,110,11-06-2020
Hydro,348,35,61,115,15,575,11-06-2020
Coal,488,1027,330,455,10,2311,11-06-2020
Lignite,26,11,46,0,0,83,11-06-2020
Coal,495,1022,316,439,10,2283,12-06-2020
Lignite,27,13,43,0,0,83,12-06-2020
Hydro,354,39,60,116,17,585,12-06-2020
Nuclear,26,36,45,0,0,107,12-06-2020
"Gas, Naptha & Diesel",57,85,16,0,26,183,12-06-2020
"RES (Wind, Solar, Biomass & Others)",79,77,263,5,0,424,12-06-2020
Total,1038,1272,742,560,53,3665,12-06-2020
Lignite,26,13,36,0,0,76,13-06-2020
"RES (Wind, Solar, Biomass & Others)",73,64,278,5,0,420,13-06-2020
"Gas, Naptha & Diesel",56,71,16,0,27,171,13-06-2020
Nuclear,27,36,47,0,0,110,13-06-2020
Coal,502,1003,313,419,9,2246,13-06-2020
Hydro,357,36,71,124,22,610,13-06-2020
Total,1042,1224,760,548,59,3633,13-06-2020
Coal,505,959,294,386,10,2154,14-06-2020
Lignite,26,13,36,0,0,75,14-06-2020
Nuclear,27,36,47,0,0,110,14-06-2020
"RES (Wind, Solar, Biomass & Others)",62,75,302,5,0,444,14-06-2020
Total,1037,1191,752,515,55,3550,14-06-2020
Hydro,362,37,56,125,18,598,14-06-2020
"Gas, Naptha & Diesel",54,71,16,0,28,169,14-06-2020
Total,1111,1273,796,536,58,3774,16-06-2020
"RES (Wind, Solar, Biomass & Others)",92,107,287,5,0,491,16-06-2020
Coal,547,988,328,402,10,2275,16-06-2020
"Gas, Naptha & Diesel",54,79,17,0,29,178,16-06-2020
Nuclear,26,36,47,0,0,110,16-06-2020
Hydro,364,49,76,130,19,638,16-06-2020
Lignite,27,14,40,0,0,82,16-06-2020
Coal,551,961,342,404,10,2269,17-06-2020
Total,1136,1271,794,537,57,3794,17-06-2020
"RES (Wind, Solar, Biomass & Others)",117,123,269,5,0,513,17-06-2020
"Gas, Naptha & Diesel",48,80,17,0,28,173,17-06-2020
Lignite,26,12,40,0,0,79,17-06-2020
Hydro,367,58,80,128,19,651,17-06-2020
Nuclear,26,36,47,0,0,110,17-06-2020
Hydro,369,52,72,125,23,640,18-06-2020
Coal,564,963,323,413,10,2273,18-06-2020
Lignite,26,12,44,0,0,82,18-06-2020
Total,1155,1283,771,542,59,3810,18-06-2020
"RES (Wind, Solar, Biomass & Others)",121,137,268,5,0,531,18-06-2020
"Gas, Naptha & Diesel",49,83,16,0,26,173,18-06-2020
Nuclear,26,36,47,0,0,109,18-06-2020
Total,1150,1288,791,552,62,3843,19-06-2020
Hydro,366,55,82,129,27,658,19-06-2020
"RES (Wind, Solar, Biomass & Others)",123,172,260,5,0,559,19-06-2020
Nuclear,26,36,47,0,0,110,19-06-2020
Lignite,27,12,46,0,0,85,19-06-2020
"Gas, Naptha & Diesel",49,76,16,0,25,167,19-06-2020
Coal,560,936,340,419,10,2264,19-06-2020
Lignite,25,13,48,0,0,85,20-06-2020
Total,1111,1270,802,552,62,3796,20-06-2020
"RES (Wind, Solar, Biomass & Others)",110,163,276,5,0,554,20-06-2020
"Gas, Naptha & Diesel",45,76,16,0,28,166,20-06-2020
Nuclear,30,36,47,0,0,113,20-06-2020
Hydro,365,52,75,129,24,644,20-06-2020
Coal,536,929,339,419,10,2233,20-06-2020
"RES (Wind, Solar, Biomass & Others)",85,132,270,5,0,491,21-06-2020
Coal,499,916,323,398,10,2146,21-06-2020
Total,1040,1228,767,534,61,3630,21-06-2020
Lignite,25,13,40,0,0,78,21-06-2020
Nuclear,30,36,47,0,0,113,21-06-2020
Hydro,358,55,71,132,22,637,21-06-2020
"Gas, Naptha & Diesel",43,76,16,0,29,163,21-06-2020
Nuclear,30,36,47,0,0,113,22-06-2020
"RES (Wind, Solar, Biomass & Others)",81,110,269,5,0,464,22-06-2020
Total,1056,1262,780,565,60,3723,22-06-2020
"Gas, Naptha & Diesel",35,77,16,0,28,158,22-06-2020
Hydro,367,69,80,143,22,680,22-06-2020
Coal,515,955,324,417,10,2222,22-06-2020
Lignite,28,15,44,0,0,87,22-06-2020
Nuclear,30,36,47,0,0,113,24-06-2020
"RES (Wind, Solar, Biomass & Others)",76,70,195,5,0,346,24-06-2020
Coal,536,1037,379,470,10,2431,24-06-2020
"Gas, Naptha & Diesel",35,78,16,0,28,157,24-06-2020
Total,1073,1320,772,617,64,3846,24-06-2020
Hydro,371,84,88,142,27,712,24-06-2020
Lignite,25,15,48,0,0,87,24-06-2020
Coal,505,1058,389,463,7,2422,25-06-2020
Total,1056,1333,771,605,62,3826,25-06-2020
"RES (Wind, Solar, Biomass & Others)",91,74,189,6,0,359,25-06-2020
"Gas, Naptha & Diesel",35,76,16,0,27,154,25-06-2020
Nuclear,30,34,47,0,0,111,25-06-2020
Hydro,373,76,85,137,27,698,25-06-2020
Lignite,24,15,44,0,0,83,25-06-2020
Nuclear,30,35,47,0,0,112,26-06-2020
Total,1064,1331,731,591,59,3776,26-06-2020
Hydro,363,66,73,138,26,666,26-06-2020
"Gas, Naptha & Diesel",36,80,16,0,26,157,26-06-2020
Coal,504,1051,367,448,7,2377,26-06-2020
Lignite,23,15,43,0,0,81,26-06-2020
"RES (Wind, Solar, Biomass & Others)",109,85,185,5,0,383,26-06-2020
Total,1089,1320,747,590,58,3805,27-06-2020
"RES (Wind, Solar, Biomass & Others)",110,101,209,5,0,426,27-06-2020
"Gas, Naptha & Diesel",35,76,16,0,26,153,27-06-2020
Coal,532,1027,360,449,5,2373,27-06-2020
Lignite,26,15,39,0,0,80,27-06-2020
Hydro,356,65,76,136,27,661,27-06-2020
Nuclear,30,36,47,0,0,112,27-06-2020
Lignite,26,15,35,0,0,77,28-06-2020
Coal,531,999,342,426,3,2301,28-06-2020
Nuclear,29,36,47,0,0,112,28-06-2020
"Gas, Naptha & Diesel",31,75,19,0,18,143,28-06-2020
"RES (Wind, Solar, Biomass & Others)",119,108,199,5,0,430,28-06-2020
Total,1095,1293,715,569,50,3722,28-06-2020
Hydro,358,61,72,138,29,659,28-06-2020
Total,1068,1314,746,607,50,3785,29-06-2020
Nuclear,30,36,47,0,0,112,29-06-2020
"Gas, Naptha & Diesel",36,85,17,0,14,151,29-06-2020
Hydro,354,59,82,143,31,669,29-06-2020
Lignite,27,15,38,0,0,80,29-06-2020
Coal,514,1038,387,458,5,2403,29-06-2020
"RES (Wind, Solar, Biomass & Others)",107,82,176,5,0,370,29-06-2020
Coal,616,1074,355,461,10,2516,03-07-2020
"RES (Wind, Solar, Biomass & Others)",99,107,308,5,0,519,03-07-2020
"Gas, Naptha & Diesel",29,86,20,0,20,156,03-07-2020
Nuclear,26,31,47,0,0,105,03-07-2020
Hydro,364,46,56,151,31,647,03-07-2020
Lignite,26,11,14,0,0,52,03-07-2020
Total,1160,1357,800,617,61,3994,03-07-2020
"RES (Wind, Solar, Biomass & Others)",101,96,288,5,0,489,04-07-2020
"Gas, Naptha & Diesel",27,86,19,0,22,155,04-07-2020
Nuclear,24,32,47,0,0,102,04-07-2020
Hydro,360,45,59,142,27,633,04-07-2020
Lignite,27,11,13,0,0,52,04-07-2020
Coal,574,1045,331,445,9,2405,04-07-2020
Total,1113,1315,758,592,59,3836,04-07-2020
Coal,456,910,283,391,10,2050,05-07-2020
"RES (Wind, Solar, Biomass & Others)",65,100,252,5,0,422,05-07-2020
Lignite,26,9,12,0,0,47,05-07-2020
Hydro,351,30,51,137,28,597,05-07-2020
Nuclear,26,32,47,0,0,105,05-07-2020
"Gas, Naptha & Diesel",24,74,16,0,26,141,05-07-2020
Total,948,1155,661,533,64,3361,05-07-2020
"Gas, Naptha & Diesel",25,71,20,0,27,142,07-07-2020
Coal,499,961,323,436,10,2229,07-07-2020
Total,997,1244,761,586,64,3651,07-07-2020
"RES (Wind, Solar, Biomass & Others)",61,136,291,5,0,492,07-07-2020
Nuclear,27,32,47,0,0,105,07-07-2020
Hydro,360,32,66,145,27,631,07-07-2020
Lignite,26,13,14,0,0,53,07-07-2020
Lignite,27,11,19,0,0,56,08-07-2020
"Gas, Naptha & Diesel",22,71,19,0,24,136,08-07-2020
"RES (Wind, Solar, Biomass & Others)",65,138,223,5,0,431,08-07-2020
Hydro,368,34,86,149,27,664,08-07-2020
Nuclear,26,32,43,0,0,101,08-07-2020
Total,1009,1269,748,602,60,3687,08-07-2020
Coal,501,984,357,448,9,2299,08-07-2020
Total,1093,1289,707,607,65,3760,10-07-2020
Nuclear,26,32,46,0,0,104,10-07-2020
Coal,545,993,380,473,8,2399,10-07-2020
"Gas, Naptha & Diesel",30,74,21,0,25,150,10-07-2020
"RES (Wind, Solar, Biomass & Others)",98,152,174,5,0,429,10-07-2020
Lignite,29,9,18,0,0,56,10-07-2020
Hydro,365,28,69,129,31,622,10-07-2020
Hydro,363,26,67,116,31,603,11-07-2020
Nuclear,26,35,47,0,0,108,11-07-2020
Lignite,29,10,13,0,0,51,11-07-2020
Coal,501,990,345,432,6,2274,11-07-2020
"RES (Wind, Solar, Biomass & Others)",111,143,199,5,0,457,11-07-2020
Total,1067,1275,692,552,62,3648,11-07-2020
"Gas, Naptha & Diesel",37,72,21,0,25,154,11-07-2020
"RES (Wind, Solar, Biomass & Others)",106,154,226,5,0,491,12-07-2020
"Gas, Naptha & Diesel",38,69,18,0,25,150,12-07-2020
Total,984,1181,649,533,62,3409,12-07-2020
Hydro,351,21,56,134,31,593,12-07-2020
Lignite,28,11,13,0,0,52,12-07-2020
Coal,435,890,289,393,6,2014,12-07-2020
Nuclear,27,35,47,0,0,109,12-07-2020
Hydro,358,33,75,148,32,646,13-07-2020
Nuclear,26,32,47,0,0,106,13-07-2020
"Gas, Naptha & Diesel",36,87,18,0,26,167,13-07-2020
"RES (Wind, Solar, Biomass & Others)",77,88,212,5,0,382,13-07-2020
Coal,486,1006,351,467,7,2318,13-07-2020
Total,1012,1258,722,619,65,3676,13-07-2020
Lignite,27,12,18,0,0,57,13-07-2020
Coal,535,1069,383,503,7,2497,14-07-2020
Total,1061,1315,745,658,63,3841,14-07-2020
"RES (Wind, Solar, Biomass & Others)",71,66,194,5,0,337,14-07-2020
"Gas, Naptha & Diesel",45,89,19,0,25,177,14-07-2020
Nuclear,26,32,47,0,0,105,14-07-2020
Hydro,358,46,84,150,31,668,14-07-2020
Lignite,26,13,18,0,0,58,14-07-2020
"RES (Wind, Solar, Biomass & Others)",71,73,210,5,0,359,15-07-2020
"Gas, Naptha & Diesel",40,82,19,0,22,163,15-07-2020
Hydro,355,33,77,149,29,643,15-07-2020
Lignite,25,13,14,0,0,52,15-07-2020
Total,1063,1314,737,636,58,3809,15-07-2020
Coal,546,1080,370,482,7,2486,15-07-2020
Nuclear,26,33,47,0,0,106,15-07-2020
"RES (Wind, Solar, Biomass & Others)",71,73,241,5,0,389,16-07-2020
Lignite,23,13,13,0,0,49,16-07-2020
Hydro,346,29,70,152,29,626,16-07-2020
Nuclear,26,33,47,0,0,106,16-07-2020
"Gas, Naptha & Diesel",35,57,19,0,24,135,16-07-2020
Coal,575,1098,345,460,7,2486,16-07-2020
Total,1077,1303,735,616,61,3792,16-07-2020
"Gas, Naptha & Diesel",39,59,19,0,24,141,18-07-2020
"RES (Wind, Solar, Biomass & Others)",61,92,178,4,0,335,18-07-2020
Total,1073,1374,727,662,63,3899,18-07-2020
Hydro,354,33,88,152,30,657,18-07-2020
Lignite,21,15,18,0,0,54,18-07-2020
Coal,572,1142,377,505,8,2604,18-07-2020
Nuclear,26,33,47,0,0,106,18-07-2020
Coal,538,1074,365,454,6,2437,19-07-2020
Lignite,19,15,22,0,0,55,19-07-2020
Hydro,344,22,80,147,28,621,19-07-2020
Nuclear,26,33,47,0,0,106,19-07-2020
"RES (Wind, Solar, Biomass & Others)",88,122,151,4,0,365,19-07-2020
Total,1051,1312,684,604,58,3709,19-07-2020
"Gas, Naptha & Diesel",35,46,19,0,23,124,19-07-2020
Total,1037,1309,684,569,59,3657,20-07-2020
"RES (Wind, Solar, Biomass & Others)",111,139,148,4,0,403,20-07-2020
"Gas, Naptha & Diesel",34,48,17,0,22,121,20-07-2020
Coal,501,1048,346,433,7,2335,20-07-2020
Lignite,17,15,23,0,0,56,20-07-2020
Hydro,346,26,102,132,31,636,20-07-2020
Nuclear,26,33,47,0,0,106,20-07-2020
Total,963,1264,699,549,56,3532,21-07-2020
Nuclear,27,33,33,0,0,92,21-07-2020
Coal,455,1027,363,408,3,2255,21-07-2020
Lignite,17,15,26,0,0,59,21-07-2020
Hydro,344,23,111,137,30,645,21-07-2020
"RES (Wind, Solar, Biomass & Others)",100,118,150,4,0,371,21-07-2020
"Gas, Naptha & Diesel",21,49,17,0,23,109,21-07-2020
Nuclear,26,33,22,0,0,82,23-07-2020
Hydro,336,21,122,132,30,642,23-07-2020
Lignite,18,14,24,0,0,55,23-07-2020
Total,989,1343,713,595,62,3702,23-07-2020
Coal,492,1109,415,459,7,2481,23-07-2020
"Gas, Naptha & Diesel",19,75,15,0,25,134,23-07-2020
"RES (Wind, Solar, Biomass & Others)",98,92,115,4,0,309,23-07-2020
Nuclear,26,33,19,0,0,79,24-07-2020
"Gas, Naptha & Diesel",23,82,16,0,25,146,24-07-2020
Lignite,18,14,22,0,0,53,24-07-2020
Hydro,331,22,105,137,29,626,24-07-2020
"RES (Wind, Solar, Biomass & Others)",78,70,152,4,0,304,24-07-2020
Coal,520,1126,408,464,7,2525,24-07-2020
Total,997,1346,723,606,61,3733,24-07-2020
Hydro,342,25,98,139,29,632,25-07-2020
Nuclear,27,33,19,0,0,79,25-07-2020
Coal,532,1118,408,464,7,2529,25-07-2020
Total,1014,1306,748,607,62,3737,25-07-2020
"RES (Wind, Solar, Biomass & Others)",65,42,181,4,0,292,25-07-2020
"Gas, Naptha & Diesel",30,76,14,0,26,146,25-07-2020
Lignite,19,13,27,0,0,59,25-07-2020
"Gas, Naptha & Diesel",35,67,14,0,24,141,26-07-2020
Total,1038,1284,714,623,59,3717,26-07-2020
Hydro,348,23,72,143,27,612,26-07-2020
Lignite,17,13,21,0,0,51,26-07-2020
Coal,547,1081,370,476,7,2481,26-07-2020
Nuclear,26,33,23,0,0,82,26-07-2020
"RES (Wind, Solar, Biomass & Others)",64,68,214,4,0,350,26-07-2020
"RES (Wind, Solar, Biomass & Others)",88,95,249,4,0,436,27-07-2020
Coal,578,1141,401,493,7,2621,27-07-2020
Lignite,17,15,21,0,0,52,27-07-2020
Hydro,355,25,95,141,28,644,27-07-2020
Nuclear,26,33,24,0,0,83,27-07-2020
"Gas, Naptha & Diesel",37,74,14,0,26,151,27-07-2020
Total,1100,1382,805,639,62,3986,27-07-2020
Coal,584,1155,422,500,8,2669,28-07-2020
Lignite,19,16,24,0,0,59,28-07-2020
Hydro,352,28,102,131,31,643,28-07-2020
Nuclear,26,33,24,0,0,83,28-07-2020
"Gas, Naptha & Diesel",38,77,14,0,26,155,28-07-2020
"RES (Wind, Solar, Biomass & Others)",113,119,195,4,0,432,28-07-2020
Total,1132,1428,781,636,64,4041,28-07-2020
"RES (Wind, Solar, Biomass & Others)",103,97,201,4,0,406,29-07-2020
Lignite,17,16,18,0,0,51,29-07-2020
Coal,559,1145,412,481,7,2603,29-07-2020
Hydro,348,23,87,139,31,628,29-07-2020
"Gas, Naptha & Diesel",38,78,12,0,24,152,29-07-2020
Total,1091,1391,754,625,61,3923,29-07-2020
Nuclear,26,33,24,0,0,83,29-07-2020
Lignite,19,14,17,0,0,50,30-07-2020
Hydro,345,25,90,143,31,635,30-07-2020
Coal,521,1128,403,478,7,2535,30-07-2020
Nuclear,21,33,24,0,0,78,30-07-2020
"Gas, Naptha & Diesel",33,106,12,0,24,175,30-07-2020
"RES (Wind, Solar, Biomass & Others)",74,49,229,4,0,356,30-07-2020
Total,1014,1354,774,625,61,3829,30-07-2020
Total,1022,1360,806,647,61,3897,31-07-2020
"Gas, Naptha & Diesel",32,101,12,0,24,168,31-07-2020
Nuclear,21,33,24,0,0,79,31-07-2020
Hydro,348,14,90,146,30,628,31-07-2020
Lignite,17,13,17,0,0,47,31-07-2020
Coal,537,1150,423,497,6,2613,31-07-2020
"RES (Wind, Solar, Biomass & Others)",67,50,240,5,0,361,31-07-2020
Lignite,17,13,17,0,0,47,01-08-2020
Hydro,351,21,86,142,31,631,01-08-2020
Nuclear,22,33,24,0,0,79,01-08-2020
Coal,510,1143,394,492,7,2545,01-08-2020
"RES (Wind, Solar, Biomass & Others)",69,48,252,4,0,373,01-08-2020
"Gas, Naptha & Diesel",36,71,12,0,26,145,01-08-2020
Total,1004,1330,785,638,63,3820,01-08-2020
Total,1054,1294,775,592,63,3777,03-08-2020
"Gas, Naptha & Diesel",41,49,13,0,25,128,03-08-2020
Hydro,356,21,73,140,30,621,03-08-2020
Nuclear,21,33,23,0,0,77,03-08-2020
Lignite,17,10,20,0,0,47,03-08-2020
Coal,513,1084,338,447,7,2388,03-08-2020
"RES (Wind, Solar, Biomass & Others)",106,98,308,4,0,516,03-08-2020
"RES (Wind, Solar, Biomass & Others)",90,120,307,4,0,522,04-08-2020
Total,1049,1294,790,588,60,3781,04-08-2020
Nuclear,21,33,36,0,0,90,04-08-2020
Hydro,357,25,89,147,28,646,04-08-2020
Lignite,20,13,20,0,0,53,04-08-2020
Coal,531,1045,326,436,6,2344,04-08-2020
"Gas, Naptha & Diesel",30,58,13,0,26,127,04-08-2020
Coal,544,1056,298,419,6,2323,05-08-2020
Lignite,22,13,20,0,0,55,05-08-2020
Hydro,354,26,109,141,28,658,05-08-2020
Nuclear,21,32,46,0,0,99,05-08-2020
"RES (Wind, Solar, Biomass & Others)",66,91,295,4,0,456,05-08-2020
Total,1038,1289,781,565,56,3729,05-08-2020
"Gas, Naptha & Diesel",31,71,13,0,22,138,05-08-2020
Total,1048,1333,874,573,52,3879,07-08-2020
"RES (Wind, Solar, Biomass & Others)",60,140,331,5,0,535,07-08-2020
Coal,548,1064,332,434,7,2385,07-08-2020
Hydro,362,30,127,135,26,679,07-08-2020
Lignite,20,8,23,0,0,51,07-08-2020
Nuclear,21,33,47,0,0,102,07-08-2020
"Gas, Naptha & Diesel",36,58,13,0,18,126,07-08-2020
Lignite,22,9,28,0,0,58,08-08-2020
Coal,568,1069,354,441,7,2439,08-08-2020
"RES (Wind, Solar, Biomass & Others)",59,175,313,5,0,552,08-08-2020
"Gas, Naptha & Diesel",45,54,13,0,21,133,08-08-2020
Nuclear,21,33,48,0,0,102,08-08-2020
Hydro,359,25,123,139,26,671,08-08-2020
Total,1074,1365,878,585,53,3955,08-08-2020
Coal,533,1062,325,435,7,2362,09-08-2020
Lignite,24,9,30,0,0,62,09-08-2020
Hydro,348,22,111,146,25,652,09-08-2020
Nuclear,21,33,48,0,0,102,09-08-2020
"Gas, Naptha & Diesel",45,54,14,0,25,137,09-08-2020
"RES (Wind, Solar, Biomass & Others)",67,144,249,4,0,466,09-08-2020
Total,1038,1324,777,585,56,3780,09-08-2020
Total,1032,1337,777,575,58,3779,10-08-2020
"RES (Wind, Solar, Biomass & Others)",69,106,266,5,0,446,10-08-2020
Coal,523,1087,300,425,7,2342,10-08-2020
Lignite,21,10,30,0,0,60,10-08-2020
"Gas, Naptha & Diesel",43,69,14,0,24,150,10-08-2020
Nuclear,22,32,47,0,0,101,10-08-2020
Hydro,354,34,119,146,27,680,10-08-2020
Nuclear,22,32,47,0,0,101,11-08-2020
"RES (Wind, Solar, Biomass & Others)",74,133,320,5,0,531,11-08-2020
"Gas, Naptha & Diesel",44,72,15,0,23,155,11-08-2020
Hydro,346,21,114,150,30,661,11-08-2020
Lignite,20,8,25,0,0,53,11-08-2020
Coal,515,1029,318,419,7,2288,11-08-2020
Total,1020,1294,841,574,61,3789,11-08-2020
Coal,486,955,301,401,7,2149,12-08-2020
Lignite,20,9,27,0,0,56,12-08-2020
Hydro,336,19,117,143,31,645,12-08-2020
Nuclear,21,32,48,0,0,101,12-08-2020
"Gas, Naptha & Diesel",45,51,14,0,23,134,12-08-2020
"RES (Wind, Solar, Biomass & Others)",105,197,317,4,0,623,12-08-2020
Total,1014,1263,823,548,61,3708,12-08-2020
Coal,470,911,302,403,6,2094,13-08-2020
Nuclear,22,32,47,0,0,101,13-08-2020
"Gas, Naptha & Diesel",24,39,16,0,24,103,13-08-2020
Total,972,1223,793,549,59,3596,13-08-2020
Lignite,23,10,26,0,0,59,13-08-2020
"RES (Wind, Solar, Biomass & Others)",93,209,279,4,0,585,13-08-2020
Hydro,340,22,123,141,28,654,13-08-2020
Coal,476,934,300,414,7,2130,14-08-2020
"RES (Wind, Solar, Biomass & Others)",74,152,303,5,0,533,14-08-2020
"Gas, Naptha & Diesel",24,68,15,0,24,131,14-08-2020
Nuclear,22,31,47,0,0,101,14-08-2020
Hydro,346,27,115,145,27,660,14-08-2020
Total,969,1222,806,563,57,3619,14-08-2020
Lignite,27,11,26,0,0,64,14-08-2020
Hydro,354,30,108,136,26,653,15-08-2020
Lignite,27,10,25,0,0,63,15-08-2020
Coal,482,900,274,401,4,2060,15-08-2020
Nuclear,22,32,41,0,0,94,15-08-2020
Total,980,1171,734,541,53,3479,15-08-2020
"RES (Wind, Solar, Biomass & Others)",66,140,272,5,0,483,15-08-2020
"Gas, Naptha & Diesel",29,60,15,0,23,127,15-08-2020
"Gas, Naptha & Diesel",36,56,15,0,24,131,16-08-2020
Hydro,349,32,113,140,26,661,16-08-2020
"RES (Wind, Solar, Biomass & Others)",67,142,238,4,0,452,16-08-2020
Lignite,25,10,25,0,0,59,16-08-2020
Coal,483,887,261,382,3,2016,16-08-2020
Total,982,1158,698,526,53,3418,16-08-2020
Nuclear,21,31,47,0,0,100,16-08-2020
Coal,506,982,291,436,4,2219,17-08-2020
"Gas, Naptha & Diesel",40,64,14,0,26,143,17-08-2020
Hydro,348,36,125,139,27,675,17-08-2020
Nuclear,21,32,47,0,0,100,17-08-2020
"RES (Wind, Solar, Biomass & Others)",72,136,259,4,0,471,17-08-2020
Total,1014,1260,759,579,56,3669,17-08-2020
Lignite,27,10,24,0,0,61,17-08-2020
Nuclear,21,32,47,0,0,100,18-08-2020
"Gas, Naptha & Diesel",41,70,12,0,23,146,18-08-2020
"RES (Wind, Solar, Biomass & Others)",79,126,285,5,0,495,18-08-2020
Total,1019,1258,774,597,55,3702,18-08-2020
Coal,507,983,286,453,3,2233,18-08-2020
Lignite,27,11,22,0,0,60,18-08-2020
Hydro,345,35,121,139,28,668,18-08-2020
Hydro,330,36,136,142,25,670,19-08-2020
Coal,448,933,318,419,7,2126,19-08-2020
Total,959,1219,786,566,56,3587,19-08-2020
Nuclear,21,32,47,0,0,100,19-08-2020
"RES (Wind, Solar, Biomass & Others)",99,141,249,5,0,493,19-08-2020
"Gas, Naptha & Diesel",39,65,13,0,24,141,19-08-2020
Lignite,23,12,22,0,0,57,19-08-2020
Coal,410,956,310,396,7,2078,20-08-2020
Hydro,322,38,136,138,25,659,20-08-2020
Nuclear,21,32,48,0,0,101,20-08-2020
Lignite,24,13,21,0,0,57,20-08-2020
Total,877,1205,772,538,57,3448,20-08-2020
"Gas, Naptha & Diesel",34,57,15,0,25,130,20-08-2020
"RES (Wind, Solar, Biomass & Others)",66,110,243,4,0,423,20-08-2020
"RES (Wind, Solar, Biomass & Others)",55,87,241,4,0,388,21-08-2020
"Gas, Naptha & Diesel",37,60,15,0,25,137,21-08-2020
Nuclear,21,32,47,0,0,101,21-08-2020
Hydro,325,35,127,142,24,653,21-08-2020
Total,865,1185,778,543,57,3428,21-08-2020
Lignite,25,12,23,0,0,60,21-08-2020
Coal,402,960,325,397,7,2090,21-08-2020
Coal,410,923,334,404,7,2077,22-08-2020
Lignite,24,9,22,0,0,55,22-08-2020
Hydro,317,53,125,148,26,668,22-08-2020
Nuclear,24,32,48,0,0,104,22-08-2020
"Gas, Naptha & Diesel",34,49,13,0,25,122,22-08-2020
"RES (Wind, Solar, Biomass & Others)",72,121,210,4,0,407,22-08-2020
Total,882,1186,751,556,58,3433,22-08-2020
Nuclear,26,32,46,0,0,104,23-08-2020
"RES (Wind, Solar, Biomass & Others)",77,180,216,5,0,479,23-08-2020
Total,855,1202,732,555,57,3401,23-08-2020
Hydro,290,74,119,141,25,649,23-08-2020
"Gas, Naptha & Diesel",33,46,14,0,26,119,23-08-2020
Coal,403,861,315,409,7,1995,23-08-2020
Lignite,26,8,22,0,0,56,23-08-2020
Coal,433,907,340,426,7,2113,24-08-2020
"RES (Wind, Solar, Biomass & Others)",70,197,185,5,0,457,24-08-2020
"Gas, Naptha & Diesel",33,47,15,0,26,121,24-08-2020
Nuclear,26,32,57,0,0,115,24-08-2020
Hydro,349,81,131,143,24,729,24-08-2020
Lignite,27,8,22,0,0,58,24-08-2020
Total,939,1272,750,574,57,3592,24-08-2020
Nuclear,27,32,61,0,0,120,27-08-2020
Total,960,1322,807,591,56,3737,27-08-2020
Lignite,25,8,30,0,0,63,27-08-2020
"RES (Wind, Solar, Biomass & Others)",65,126,201,4,0,396,27-08-2020
"Gas, Naptha & Diesel",31,50,15,0,26,121,27-08-2020
Hydro,344,96,128,143,23,735,27-08-2020
Coal,468,1010,373,444,7,2302,27-08-2020
Hydro,341,94,129,150,23,737,28-08-2020
Nuclear,27,33,66,0,0,125,28-08-2020
"Gas, Naptha & Diesel",34,63,14,0,26,138,28-08-2020
"RES (Wind, Solar, Biomass & Others)",64,105,229,5,0,402,28-08-2020
Coal,452,982,383,448,7,2271,28-08-2020
Lignite,25,8,28,0,0,61,28-08-2020
Total,943,1284,849,602,56,3734,28-08-2020
Coal,444,906,370,418,7,2145,30-08-2020
Total,941,1233,795,567,53,3588,30-08-2020
"RES (Wind, Solar, Biomass & Others)",63,145,246,5,0,458,30-08-2020
Nuclear,27,33,69,0,0,129,30-08-2020
"Gas, Naptha & Diesel",32,60,15,0,24,130,30-08-2020
Lignite,24,8,21,0,0,53,30-08-2020
Hydro,352,81,74,144,22,673,30-08-2020
Total,952,1322,806,575,54,3709,31-08-2020
"RES (Wind, Solar, Biomass & Others)",66,142,193,5,0,405,31-08-2020
"Gas, Naptha & Diesel",31,56,15,0,25,127,31-08-2020
Hydro,356,90,93,143,21,703,31-08-2020
Coal,458,994,417,428,7,2303,31-08-2020
Nuclear,27,33,69,0,0,129,31-08-2020
Lignite,15,8,20,0,0,42,31-08-2020
Coal,495,1075,439,460,7,2477,02-09-2020
Nuclear,27,33,66,0,0,125,02-09-2020
Hydro,354,120,92,141,20,727,02-09-2020
Total,996,1359,761,606,47,3770,02-09-2020
"RES (Wind, Solar, Biomass & Others)",57,47,119,5,0,228,02-09-2020
"Gas, Naptha & Diesel",34,77,16,0,20,146,02-09-2020
Lignite,29,7,29,0,0,66,02-09-2020
"Gas, Naptha & Diesel",34,80,15,0,19,147,03-09-2020
Nuclear,27,33,60,0,0,119,03-09-2020
Hydro,350,114,92,145,20,722,03-09-2020
Coal,516,1085,447,458,11,2517,03-09-2020
Lignite,30,8,24,0,0,62,03-09-2020
"RES (Wind, Solar, Biomass & Others)",48,39,144,5,0,235,03-09-2020
Total,1003,1359,782,608,50,3802,03-09-2020
Coal,496,1123,461,483,12,2575,04-09-2020
Lignite,28,6,24,0,0,58,04-09-2020
"RES (Wind, Solar, Biomass & Others)",49,42,146,5,0,242,04-09-2020
"Gas, Naptha & Diesel",34,86,15,0,20,154,04-09-2020
Nuclear,26,33,61,0,0,120,04-09-2020
Total,981,1397,810,627,50,3866,04-09-2020
Hydro,348,109,103,139,19,717,04-09-2020
Total,934,1363,791,581,57,3726,06-09-2020
Nuclear,27,20,69,0,0,116,06-09-2020
Coal,459,1118,398,432,9,2415,06-09-2020
"Gas, Naptha & Diesel",29,75,16,0,25,146,06-09-2020
Lignite,25,5,24,0,0,54,06-09-2020
Hydro,333,86,87,145,24,675,06-09-2020
"RES (Wind, Solar, Biomass & Others)",61,59,196,4,0,320,06-09-2020
Nuclear,27,21,69,0,0,116,07-09-2020
"RES (Wind, Solar, Biomass & Others)",68,71,224,5,0,368,07-09-2020
"Gas, Naptha & Diesel",32,76,16,0,26,150,07-09-2020
Total,999,1412,818,579,57,3867,07-09-2020
Hydro,334,91,98,142,25,689,07-09-2020
Coal,516,1148,391,433,7,2494,07-09-2020
Lignite,23,6,20,0,0,49,07-09-2020
Nuclear,27,20,68,0,0,115,08-09-2020
"Gas, Naptha & Diesel",28,77,16,0,26,148,08-09-2020
"RES (Wind, Solar, Biomass & Others)",70,61,197,5,0,333,08-09-2020
Total,1025,1464,804,619,58,3970,08-09-2020
Hydro,330,89,91,149,24,683,08-09-2020
Coal,548,1210,410,466,8,2642,08-09-2020
Lignite,22,7,21,0,0,50,08-09-2020
Total,1067,1485,816,633,55,4056,09-09-2020
Nuclear,26,21,67,0,0,114,09-09-2020
Hydro,327,81,77,145,20,649,09-09-2020
Lignite,25,9,22,0,0,56,09-09-2020
Coal,594,1221,439,484,9,2747,09-09-2020
"Gas, Naptha & Diesel",30,109,16,0,26,181,09-09-2020
"RES (Wind, Solar, Biomass & Others)",64,43,196,4,0,308,09-09-2020
Total,1073,1471,814,616,54,4029,10-09-2020
"RES (Wind, Solar, Biomass & Others)",58,42,211,5,0,316,10-09-2020
"Gas, Naptha & Diesel",30,94,16,0,26,166,10-09-2020
Nuclear,26,21,67,0,0,114,10-09-2020
Hydro,327,79,92,144,19,661,10-09-2020
Lignite,25,10,24,0,0,59,10-09-2020
Coal,606,1226,405,467,9,2713,10-09-2020
Total,1088,1478,804,597,56,4025,11-09-2020
"RES (Wind, Solar, Biomass & Others)",62,47,223,4,0,337,11-09-2020
"Gas, Naptha & Diesel",32,78,16,0,26,153,11-09-2020
Nuclear,26,21,66,0,0,114,11-09-2020
Hydro,330,94,105,149,20,698,11-09-2020
Lignite,26,10,23,0,0,59,11-09-2020
Coal,611,1228,370,444,10,2663,11-09-2020
Lignite,27,10,23,0,0,60,12-09-2020
Coal,625,1194,356,443,10,2628,12-09-2020
Total,1096,1442,802,587,58,3986,12-09-2020
Hydro,328,98,110,141,22,698,12-09-2020
Nuclear,26,21,69,0,0,116,12-09-2020
"RES (Wind, Solar, Biomass & Others)",58,56,229,4,0,346,12-09-2020
"Gas, Naptha & Diesel",31,64,16,0,26,137,12-09-2020
Nuclear,26,21,69,0,0,116,13-09-2020
Coal,626,1103,301,436,10,2476,13-09-2020
Lignite,30,10,25,0,0,65,13-09-2020
"Gas, Naptha & Diesel",31,57,16,0,26,130,13-09-2020
"RES (Wind, Solar, Biomass & Others)",61,65,195,4,0,325,13-09-2020
Total,1096,1348,717,553,59,3774,13-09-2020
Hydro,321,94,112,112,23,662,13-09-2020
Total,1129,1377,731,578,56,3871,14-09-2020
"RES (Wind, Solar, Biomass & Others)",59,63,219,5,0,346,14-09-2020
Lignite,31,10,25,0,0,65,14-09-2020
Coal,653,1124,280,437,8,2501,14-09-2020
"Gas, Naptha & Diesel",29,63,16,0,26,135,14-09-2020
Nuclear,26,21,69,0,0,116,14-09-2020
Hydro,331,96,122,137,22,708,14-09-2020
"Gas, Naptha & Diesel",33,72,16,0,27,149,15-09-2020
Hydro,330,74,120,136,21,680,15-09-2020
Nuclear,26,21,69,0,0,116,15-09-2020
Coal,660,1144,280,447,7,2539,15-09-2020
Total,1138,1386,758,587,55,3924,15-09-2020
"RES (Wind, Solar, Biomass & Others)",58,62,249,4,0,373,15-09-2020
Lignite,30,12,25,0,0,67,15-09-2020
Coal,669,1154,293,461,7,2584,16-09-2020
Lignite,31,12,24,0,0,67,16-09-2020
Hydro,323,86,119,134,21,684,16-09-2020
Nuclear,26,21,69,0,0,116,16-09-2020
Total,1141,1412,764,597,56,3970,16-09-2020
"RES (Wind, Solar, Biomass & Others)",59,61,243,2,0,365,16-09-2020
"Gas, Naptha & Diesel",33,77,16,0,28,154,16-09-2020
Coal,677,1166,252,474,9,2578,19-09-2020
"RES (Wind, Solar, Biomass & Others)",60,49,234,5,0,347,19-09-2020
"Gas, Naptha & Diesel",33,84,16,0,28,161,19-09-2020
Nuclear,26,21,69,0,0,116,19-09-2020
Hydro,325,104,136,134,25,724,19-09-2020
Total,1154,1435,735,613,62,3999,19-09-2020
Lignite,32,11,29,0,0,72,19-09-2020
Hydro,311,101,120,132,24,688,20-09-2020
"Gas, Naptha & Diesel",33,67,16,0,27,142,20-09-2020
"RES (Wind, Solar, Biomass & Others)",59,50,232,4,0,346,20-09-2020
Lignite,31,11,27,0,0,69,20-09-2020
Coal,665,1109,232,455,10,2471,20-09-2020
Total,1125,1359,696,591,60,3831,20-09-2020
Nuclear,26,21,69,0,0,116,20-09-2020
Total,1103,1366,769,559,61,3858,22-09-2020
Lignite,31,11,20,0,0,62,22-09-2020
Hydro,306,100,149,128,27,710,22-09-2020
Coal,648,1076,230,430,8,2392,22-09-2020
"Gas, Naptha & Diesel",31,73,16,0,26,146,22-09-2020
Nuclear,26,21,69,0,0,116,22-09-2020
"RES (Wind, Solar, Biomass & Others)",61,85,286,1,0,433,22-09-2020
Total,1039,1324,789,567,60,3779,23-09-2020
Coal,603,1021,243,430,7,2304,23-09-2020
"RES (Wind, Solar, Biomass & Others)",51,97,298,4,0,450,23-09-2020
Lignite,28,12,21,0,0,61,23-09-2020
Hydro,308,105,143,134,29,719,23-09-2020
Nuclear,26,20,69,0,0,116,23-09-2020
"Gas, Naptha & Diesel",23,69,15,0,23,130,23-09-2020
"Gas, Naptha & Diesel",16,69,15,0,25,125,24-09-2020
Coal,577,1057,283,467,7,2391,24-09-2020
Lignite,28,12,26,0,0,66,24-09-2020
"RES (Wind, Solar, Biomass & Others)",67,87,210,4,0,369,24-09-2020
Total,1018,1356,762,611,61,3808,24-09-2020
Hydro,304,111,159,140,29,742,24-09-2020
Nuclear,26,20,69,0,0,116,24-09-2020
Coal,564,1084,327,474,7,2456,25-09-2020
"RES (Wind, Solar, Biomass & Others)",87,96,195,4,0,383,25-09-2020
Nuclear,26,20,69,0,0,116,25-09-2020
Lignite,24,12,24,0,0,59,25-09-2020
Total,999,1378,772,615,64,3828,25-09-2020
Hydro,296,102,141,137,29,705,25-09-2020
"Gas, Naptha & Diesel",3,64,16,0,27,110,25-09-2020
"Gas, Naptha & Diesel",4,53,17,0,26,100,26-09-2020
Nuclear,27,20,69,0,0,116,26-09-2020
Lignite,24,12,16,0,0,52,26-09-2020
"RES (Wind, Solar, Biomass & Others)",79,118,151,4,0,351,26-09-2020
Total,978,1373,696,589,63,3699,26-09-2020
Hydro,282,106,140,141,30,699,26-09-2020
Coal,563,1065,303,443,7,2381,26-09-2020
Nuclear,27,20,69,0,0,116,27-09-2020
Hydro,260,100,131,142,27,660,27-09-2020
"Gas, Naptha & Diesel",8,40,17,0,27,92,27-09-2020
Lignite,25,12,16,0,0,54,27-09-2020
Coal,542,1090,295,438,7,2370,27-09-2020
"RES (Wind, Solar, Biomass & Others)",67,83,175,4,0,329,27-09-2020
Total,929,1345,702,584,61,3622,27-09-2020
Hydro,239,103,137,145,27,651,28-09-2020
Total,953,1441,751,625,62,3831,28-09-2020
"RES (Wind, Solar, Biomass & Others)",62,62,197,5,0,326,28-09-2020
Lignite,28,10,16,0,0,55,28-09-2020
"Gas, Naptha & Diesel",14,49,16,0,27,105,28-09-2020
Nuclear,27,21,69,0,0,116,28-09-2020
Coal,582,1196,317,475,8,2578,28-09-2020
Coal,573,1201,326,486,7,2594,29-09-2020
Lignite,28,11,19,0,0,58,29-09-2020
Total,933,1449,759,633,58,3831,29-09-2020
Nuclear,27,21,69,0,0,117,29-09-2020
"RES (Wind, Solar, Biomass & Others)",61,63,191,5,0,320,29-09-2020
Hydro,224,99,139,142,25,628,29-09-2020
"Gas, Naptha & Diesel",19,54,15,0,26,114,29-09-2020
Hydro,218,95,125,136,25,599,30-09-2020
Total,909,1493,747,597,58,3805,30-09-2020
"Gas, Naptha & Diesel",24,59,15,0,27,125,30-09-2020
"RES (Wind, Solar, Biomass & Others)",62,60,195,1,0,320,30-09-2020
Coal,550,1248,322,460,6,2587,30-09-2020
Nuclear,27,21,69,0,0,117,30-09-2020
Lignite,27,11,19,0,0,58,30-09-2020
Coal,546,1172,322,452,7,2499,01-10-2020
"RES (Wind, Solar, Biomass & Others)",69,68,222,3,0,362,01-10-2020
Hydro,218,95,128,131,25,597,01-10-2020
"Gas, Naptha & Diesel",23,59,16,0,27,125,01-10-2020
Total,908,1426,778,587,59,3757,01-10-2020
Lignite,25,12,21,0,0,58,01-10-2020
Nuclear,27,21,69,0,0,117,01-10-2020
Coal,533,1132,303,448,7,2423,02-10-2020
Lignite,26,13,24,0,0,63,02-10-2020
Hydro,218,78,116,129,24,565,02-10-2020
Nuclear,27,21,69,0,0,117,02-10-2020
"Gas, Naptha & Diesel",23,73,15,0,27,138,02-10-2020
"RES (Wind, Solar, Biomass & Others)",68,77,224,4,0,372,02-10-2020
Total,894,1393,751,581,58,3678,02-10-2020
Coal,567,1147,319,455,7,2495,03-10-2020
Lignite,28,13,24,0,0,65,03-10-2020
"Gas, Naptha & Diesel",21,95,14,0,27,158,03-10-2020
"RES (Wind, Solar, Biomass & Others)",62,73,262,4,0,402,03-10-2020
Total,920,1397,806,589,57,3770,03-10-2020
Nuclear,27,21,69,0,0,117,03-10-2020
Hydro,215,50,117,130,23,534,03-10-2020
Total,887,1358,786,580,58,3669,04-10-2020
"Gas, Naptha & Diesel",21,98,15,0,28,162,04-10-2020
Nuclear,27,21,69,0,0,117,04-10-2020
Hydro,210,45,107,135,24,521,04-10-2020
Lignite,28,13,23,0,0,63,04-10-2020
Coal,535,1113,300,441,7,2395,04-10-2020
"RES (Wind, Solar, Biomass & Others)",65,70,271,4,0,411,04-10-2020
"RES (Wind, Solar, Biomass & Others)",62,66,235,4,0,368,05-10-2020
Total,877,1437,814,617,59,3803,05-10-2020
"Gas, Naptha & Diesel",22,99,15,0,27,164,05-10-2020
Nuclear,27,21,69,0,0,117,05-10-2020
Hydro,208,46,132,137,24,548,05-10-2020
Lignite,27,14,24,0,0,64,05-10-2020
Coal,531,1191,338,475,7,2542,05-10-2020
Total,862,1463,833,635,59,3851,06-10-2020
"Gas, Naptha & Diesel",23,88,14,0,26,151,06-10-2020
"RES (Wind, Solar, Biomass & Others)",60,59,201,4,0,324,06-10-2020
Hydro,204,52,133,144,26,558,06-10-2020
Coal,523,1232,391,487,7,2641,06-10-2020
Lignite,26,11,25,0,0,61,06-10-2020
Nuclear,27,21,69,0,0,116,06-10-2020
Nuclear,26,21,69,0,0,115,07-10-2020
"RES (Wind, Solar, Biomass & Others)",60,59,188,4,0,312,07-10-2020
Hydro,207,48,132,137,28,552,07-10-2020
Coal,551,1259,415,489,8,2722,07-10-2020
Lignite,27,10,25,0,0,62,07-10-2020
"Gas, Naptha & Diesel",21,86,14,0,26,147,07-10-2020
Total,893,1483,842,630,62,3910,07-10-2020
Total,879,1508,810,622,59,3877,08-10-2020
"RES (Wind, Solar, Biomass & Others)",55,64,140,4,0,263,08-10-2020
Nuclear,27,21,69,0,0,116,08-10-2020
"Gas, Naptha & Diesel",21,78,14,0,27,140,08-10-2020
Hydro,200,41,132,130,25,527,08-10-2020
Lignite,25,9,25,0,0,59,08-10-2020
Coal,551,1295,431,488,7,2772,08-10-2020
"Gas, Naptha & Diesel",26,96,15,0,19,156,09-10-2020
"RES (Wind, Solar, Biomass & Others)",53,60,154,4,0,272,09-10-2020
Total,876,1533,821,619,52,3902,09-10-2020
Lignite,25,10,23,0,0,58,09-10-2020
Coal,549,1291,444,489,9,2782,09-10-2020
Nuclear,27,21,69,0,0,116,09-10-2020
Hydro,196,55,117,125,24,518,09-10-2020
Total,859,1524,789,598,53,3823,10-10-2020
"RES (Wind, Solar, Biomass & Others)",55,64,167,5,0,291,10-10-2020
"Gas, Naptha & Diesel",27,102,14,0,20,163,10-10-2020
Nuclear,27,20,69,0,0,116,10-10-2020
Hydro,195,36,84,123,23,461,10-10-2020
Lignite,25,11,19,0,0,55,10-10-2020
Coal,530,1291,436,470,10,2738,10-10-2020
Coal,485,1223,370,434,10,2522,11-10-2020
Total,808,1455,716,556,55,3590,11-10-2020
Nuclear,27,20,69,0,0,116,11-10-2020
"Gas, Naptha & Diesel",22,105,14,0,22,164,11-10-2020
"RES (Wind, Solar, Biomass & Others)",54,66,164,5,0,289,11-10-2020
Hydro,195,29,83,117,23,447,11-10-2020
Lignite,25,11,16,0,0,53,11-10-2020
Total,807,1477,767,585,61,3696,12-10-2020
"RES (Wind, Solar, Biomass & Others)",55,60,181,5,0,301,12-10-2020
"Gas, Naptha & Diesel",22,100,14,0,28,163,12-10-2020
Nuclear,27,20,69,0,0,116,12-10-2020
Hydro,193,37,107,114,22,473,12-10-2020
Lignite,27,12,19,0,0,58,12-10-2020
Coal,483,1248,378,466,10,2585,12-10-2020
Total,815,1505,775,592,59,3745,13-10-2020
"RES (Wind, Solar, Biomass & Others)",61,53,208,5,0,327,13-10-2020
"Gas, Naptha & Diesel",23,98,14,0,27,161,13-10-2020
Nuclear,27,20,63,0,0,110,13-10-2020
Hydro,189,43,112,112,22,477,13-10-2020
Lignite,25,14,20,0,0,59,13-10-2020
Coal,490,1278,357,475,10,2611,13-10-2020
Nuclear,27,20,68,0,0,115,14-10-2020
Coal,485,1221,306,455,10,2477,14-10-2020
Lignite,23,14,19,0,0,56,14-10-2020
Total,812,1502,797,566,58,3734,14-10-2020
"Gas, Naptha & Diesel",22,86,12,0,26,146,14-10-2020
"RES (Wind, Solar, Biomass & Others)",68,106,275,5,0,454,14-10-2020
Hydro,187,55,117,107,21,487,14-10-2020
Lignite,20,20,20,0,0,60,15-10-2020
Hydro,183,44,135,105,21,488,15-10-2020
Coal,501,1184,313,463,10,2472,15-10-2020
"Gas, Naptha & Diesel",21,109,15,0,28,173,15-10-2020
Total,830,1500,793,572,59,3754,15-10-2020
Nuclear,27,20,68,0,0,115,15-10-2020
"RES (Wind, Solar, Biomass & Others)",78,123,241,4,0,447,15-10-2020
Lignite,20,13,17,0,0,50,16-10-2020
"Gas, Naptha & Diesel",22,93,15,0,27,156,16-10-2020
"RES (Wind, Solar, Biomass & Others)",81,108,229,4,0,422,16-10-2020
Nuclear,27,21,68,0,0,115,16-10-2020
Hydro,174,44,145,106,20,490,16-10-2020
Total,829,1485,819,592,58,3783,16-10-2020
Coal,505,1207,344,482,10,2548,16-10-2020
Nuclear,27,21,68,0,0,116,18-10-2020
Coal,491,1181,327,492,10,2502,18-10-2020
Lignite,21,15,17,0,0,53,18-10-2020
Hydro,168,32,131,101,20,452,18-10-2020
"Gas, Naptha & Diesel",23,107,14,0,27,171,18-10-2020
"RES (Wind, Solar, Biomass & Others)",52,44,155,5,0,256,18-10-2020
Total,782,1400,712,598,57,3550,18-10-2020
"Gas, Naptha & Diesel",25,94,13,0,26,158,21-10-2020
Coal,459,1257,355,507,10,2588,21-10-2020
Lignite,19,14,16,0,0,49,21-10-2020
Hydro,156,34,117,91,19,417,21-10-2020
Total,738,1463,744,603,55,3604,21-10-2020
Nuclear,25,21,68,0,0,113,21-10-2020
"RES (Wind, Solar, Biomass & Others)",55,44,176,5,0,279,21-10-2020
"Gas, Naptha & Diesel",25,90,14,0,27,157,22-10-2020
Total,729,1445,764,596,57,3590,22-10-2020
Lignite,20,13,20,0,0,54,22-10-2020
Hydro,149,34,114,90,20,407,22-10-2020
Nuclear,22,21,68,0,0,111,22-10-2020
Coal,457,1239,351,502,9,2558,22-10-2020
"RES (Wind, Solar, Biomass & Others)",56,48,197,4,0,305,22-10-2020
Total,729,1438,762,557,56,3542,23-10-2020
"Gas, Naptha & Diesel",24,91,16,0,27,158,23-10-2020
Nuclear,22,21,68,0,0,111,23-10-2020
Hydro,145,39,117,85,21,406,23-10-2020
Lignite,18,11,20,0,0,49,23-10-2020
Coal,470,1225,341,468,8,2512,23-10-2020
"RES (Wind, Solar, Biomass & Others)",51,52,200,4,0,307,23-10-2020
"Gas, Naptha & Diesel",24,87,16,0,28,155,24-10-2020
Coal,445,1222,327,458,7,2459,24-10-2020
Lignite,17,8,18,0,0,42,24-10-2020
Nuclear,26,21,68,0,0,116,24-10-2020
"RES (Wind, Solar, Biomass & Others)",52,51,190,4,0,298,24-10-2020
Total,707,1427,748,546,58,3486,24-10-2020
Hydro,143,38,128,84,24,417,24-10-2020
Coal,415,1155,314,437,4,2324,25-10-2020
Lignite,17,7,20,0,0,44,25-10-2020
Hydro,140,34,120,81,26,400,25-10-2020
Nuclear,27,21,69,0,0,117,25-10-2020
Total,676,1347,694,522,57,3296,25-10-2020
"RES (Wind, Solar, Biomass & Others)",53,47,154,5,0,259,25-10-2020
"Gas, Naptha & Diesel",24,83,16,0,28,151,25-10-2020
"RES (Wind, Solar, Biomass & Others)",51,59,145,5,0,259,26-10-2020
Total,676,1401,715,547,58,3398,26-10-2020
Hydro,133,23,118,96,25,395,26-10-2020
Lignite,18,9,21,0,0,48,26-10-2020
Coal,424,1199,346,447,4,2420,26-10-2020
"Gas, Naptha & Diesel",23,90,16,0,29,158,26-10-2020
Nuclear,28,21,69,0,0,118,26-10-2020
Total,679,1448,758,554,59,3497,27-10-2020
Lignite,20,9,24,0,0,53,27-10-2020
"RES (Wind, Solar, Biomass & Others)",49,61,143,5,0,258,27-10-2020
"Gas, Naptha & Diesel",24,86,16,0,28,155,27-10-2020
Coal,425,1244,373,456,7,2504,27-10-2020
Nuclear,28,21,69,0,0,117,27-10-2020
Hydro,134,26,132,94,24,409,27-10-2020
Coal,419,1267,394,462,7,2549,28-10-2020
Lignite,22,11,25,0,0,57,28-10-2020
Hydro,130,24,137,83,21,395,28-10-2020
Nuclear,28,21,69,0,0,117,28-10-2020
"Gas, Naptha & Diesel",23,85,16,0,28,153,28-10-2020
"RES (Wind, Solar, Biomass & Others)",49,57,146,5,0,256,28-10-2020
Total,670,1464,787,550,57,3527,28-10-2020
Nuclear,28,21,66,0,0,114,30-10-2020
Total,649,1494,814,551,55,3564,30-10-2020
"RES (Wind, Solar, Biomass & Others)",53,55,141,5,0,254,30-10-2020
Hydro,120,26,146,78,20,389,30-10-2020
Coal,402,1288,422,469,7,2588,30-10-2020
"Gas, Naptha & Diesel",22,90,16,0,28,157,30-10-2020
Lignite,24,14,24,0,0,63,30-10-2020
Nuclear,28,21,65,0,0,114,31-10-2020
"Gas, Naptha & Diesel",22,93,17,0,26,158,31-10-2020
"RES (Wind, Solar, Biomass & Others)",52,51,141,5,0,249,31-10-2020
Total,646,1495,803,562,53,3558,31-10-2020
Coal,402,1285,416,480,7,2591,31-10-2020
Hydro,117,30,138,77,19,382,31-10-2020
Lignite,24,15,25,0,0,64,31-10-2020
Coal,402,1210,399,460,7,2478,01-11-2020
Lignite,25,13,29,0,0,67,01-11-2020
Hydro,121,23,119,78,17,357,01-11-2020
Nuclear,28,21,66,0,0,114,01-11-2020
"Gas, Naptha & Diesel",22,86,16,0,28,153,01-11-2020
"RES (Wind, Solar, Biomass & Others)",46,59,151,4,0,260,01-11-2020
Total,644,1412,780,542,52,3429,01-11-2020
Total,651,1470,822,563,53,3560,02-11-2020
Hydro,120,25,136,78,18,377,02-11-2020
Lignite,24,12,30,0,0,66,02-11-2020
Nuclear,28,21,64,0,0,112,02-11-2020
"Gas, Naptha & Diesel",21,94,16,0,28,159,02-11-2020
"RES (Wind, Solar, Biomass & Others)",49,70,151,4,0,275,02-11-2020
Coal,408,1249,426,480,7,2570,02-11-2020
Coal,397,1274,451,477,7,2605,03-11-2020
Lignite,21,13,30,0,0,64,03-11-2020
Hydro,118,26,133,77,16,371,03-11-2020
Nuclear,28,21,43,0,0,92,03-11-2020
"Gas, Naptha & Diesel",21,94,16,0,28,159,03-11-2020
"RES (Wind, Solar, Biomass & Others)",63,76,158,5,0,301,03-11-2020
Total,647,1503,831,559,52,3591,03-11-2020
"Gas, Naptha & Diesel",18,91,16,0,28,153,04-11-2020
Coal,403,1310,444,454,7,2617,04-11-2020
Total,634,1511,813,527,49,3534,04-11-2020
Lignite,17,14,26,0,0,56,04-11-2020
Hydro,116,24,127,69,14,350,04-11-2020
Nuclear,28,21,41,0,0,90,04-11-2020
"RES (Wind, Solar, Biomass & Others)",53,52,159,5,0,269,04-11-2020
Hydro,113,24,103,76,16,332,05-11-2020
Lignite,19,13,24,0,0,56,05-11-2020
Nuclear,28,21,42,0,0,91,05-11-2020
Coal,385,1319,427,433,7,2571,05-11-2020
"RES (Wind, Solar, Biomass & Others)",50,50,162,5,0,267,05-11-2020
Total,615,1524,775,513,50,3478,05-11-2020
"Gas, Naptha & Diesel",20,97,17,0,27,161,05-11-2020
Hydro,107,25,95,68,17,311,06-11-2020
Lignite,20,13,26,0,0,59,06-11-2020
"Gas, Naptha & Diesel",20,95,16,0,26,157,06-11-2020
"RES (Wind, Solar, Biomass & Others)",58,50,162,4,0,274,06-11-2020
Total,636,1535,776,503,51,3501,06-11-2020
Nuclear,28,21,42,0,0,90,06-11-2020
Coal,405,1332,436,430,7,2610,06-11-2020
Nuclear,28,21,42,0,0,91,07-11-2020
"Gas, Naptha & Diesel",20,87,16,0,25,149,07-11-2020
"RES (Wind, Solar, Biomass & Others)",57,61,171,4,0,293,07-11-2020
Total,651,1535,773,477,50,3486,07-11-2020
Lignite,20,12,29,0,0,61,07-11-2020
Hydro,110,21,94,64,17,306,07-11-2020
Coal,416,1334,420,408,7,2586,07-11-2020
"RES (Wind, Solar, Biomass & Others)",57,64,163,4,0,288,08-11-2020
"Gas, Naptha & Diesel",19,83,16,0,27,146,08-11-2020
Nuclear,28,21,43,0,0,92,08-11-2020
Lignite,22,13,26,0,0,60,08-11-2020
Coal,413,1300,376,393,7,2489,08-11-2020
Total,648,1502,712,457,51,3370,08-11-2020
Hydro,110,21,88,60,17,296,08-11-2020
Coal,434,1339,377,423,7,2580,09-11-2020
"Gas, Naptha & Diesel",19,77,16,0,27,138,09-11-2020
Lignite,22,14,25,0,0,61,09-11-2020
"RES (Wind, Solar, Biomass & Others)",55,51,180,4,0,291,09-11-2020
Total,669,1533,740,491,51,3484,09-11-2020
Nuclear,28,21,46,0,0,95,09-11-2020
Hydro,112,31,96,63,17,319,09-11-2020
Coal,426,1302,386,424,7,2544,11-11-2020
Lignite,23,15,26,0,0,64,11-11-2020
Nuclear,28,19,69,0,0,116,11-11-2020
"Gas, Naptha & Diesel",20,70,16,0,26,133,11-11-2020
"RES (Wind, Solar, Biomass & Others)",63,75,183,5,0,326,11-11-2020
Total,674,1516,770,491,50,3501,11-11-2020
Hydro,114,35,91,62,16,318,11-11-2020
Hydro,112,37,97,60,16,322,12-11-2020
Nuclear,28,17,70,0,0,114,12-11-2020
"Gas, Naptha & Diesel",20,70,16,0,25,131,12-11-2020
"RES (Wind, Solar, Biomass & Others)",58,84,148,5,0,295,12-11-2020
Total,672,1554,745,497,49,3516,12-11-2020
Coal,429,1331,390,432,7,2589,12-11-2020
Lignite,25,15,24,0,0,65,12-11-2020
"Gas, Naptha & Diesel",20,67,18,0,26,131,13-11-2020
Total,657,1509,714,494,50,3424,13-11-2020
"RES (Wind, Solar, Biomass & Others)",52,90,142,4,0,288,13-11-2020
Coal,423,1281,373,430,7,2514,13-11-2020
Lignite,26,15,27,0,0,68,13-11-2020
Hydro,108,30,88,60,17,303,13-11-2020
Nuclear,28,27,66,0,0,120,13-11-2020
Coal,388,1098,272,384,7,2148,14-11-2020
Lignite,25,13,29,0,0,67,14-11-2020
Hydro,111,27,70,50,17,275,14-11-2020
Nuclear,28,31,67,0,0,125,14-11-2020
"Gas, Naptha & Diesel",20,47,16,0,25,109,14-11-2020
"RES (Wind, Solar, Biomass & Others)",54,70,190,5,0,318,14-11-2020
Total,626,1286,643,439,49,3043,14-11-2020
"Gas, Naptha & Diesel",20,40,17,0,26,102,15-11-2020
Total,594,1240,594,397,49,2874,15-11-2020
"RES (Wind, Solar, Biomass & Others)",55,55,153,5,0,269,15-11-2020
Nuclear,27,33,65,0,0,126,15-11-2020
Hydro,108,26,82,54,16,286,15-11-2020
Lignite,23,13,28,0,0,64,15-11-2020
Coal,359,1073,250,338,7,2027,15-11-2020
Total,589,1431,641,462,50,3174,17-11-2020
"RES (Wind, Solar, Biomass & Others)",74,119,148,4,0,345,17-11-2020
"Gas, Naptha & Diesel",20,34,16,0,27,97,17-11-2020
Nuclear,28,33,66,0,0,126,17-11-2020
Hydro,116,24,74,49,17,279,17-11-2020
Coal,331,1211,304,408,7,2260,17-11-2020
Lignite,20,12,34,0,0,66,17-11-2020
Lignite,21,13,36,0,0,69,18-11-2020
Coal,350,1256,334,428,7,2375,18-11-2020
Nuclear,28,33,66,0,0,127,18-11-2020
"Gas, Naptha & Diesel",20,60,16,0,26,121,18-11-2020
"RES (Wind, Solar, Biomass & Others)",62,87,163,4,0,316,18-11-2020
Total,593,1482,692,484,44,3295,18-11-2020
Hydro,113,33,77,52,12,288,18-11-2020
"RES (Wind, Solar, Biomass & Others)",60,88,171,4,0,324,20-11-2020
Total,596,1509,729,479,49,3363,20-11-2020
Lignite,22,12,32,0,0,66,20-11-2020
Hydro,107,34,88,46,15,290,20-11-2020
Nuclear,28,33,70,0,0,131,20-11-2020
"Gas, Naptha & Diesel",21,64,14,0,27,125,20-11-2020
Coal,358,1278,355,429,7,2427,20-11-2020
Total,591,1504,721,476,49,3341,21-11-2020
"RES (Wind, Solar, Biomass & Others)",60,98,176,4,0,339,21-11-2020
"Gas, Naptha & Diesel",21,43,14,0,25,103,21-11-2020
Hydro,109,36,85,46,16,292,21-11-2020
Lignite,21,13,32,0,0,66,21-11-2020
Coal,352,1281,344,425,7,2410,21-11-2020
Nuclear,28,33,70,0,0,131,21-11-2020
Coal,359,1280,335,419,7,2399,22-11-2020
Lignite,21,11,30,0,0,63,22-11-2020
Hydro,108,24,82,42,17,274,22-11-2020
Nuclear,28,33,65,0,0,126,22-11-2020
"Gas, Naptha & Diesel",20,44,15,0,22,101,22-11-2020
"RES (Wind, Solar, Biomass & Others)",59,69,159,4,0,291,22-11-2020
Total,595,1462,687,465,45,3254,22-11-2020
Nuclear,28,33,65,0,0,126,23-11-2020
Coal,376,1324,368,423,7,2499,23-11-2020
Lignite,20,11,29,0,0,59,23-11-2020
Hydro,108,28,96,44,14,291,23-11-2020
"Gas, Naptha & Diesel",21,57,15,0,23,116,23-11-2020
"RES (Wind, Solar, Biomass & Others)",58,54,142,4,0,258,23-11-2020
Total,610,1507,715,472,45,3348,23-11-2020
"Gas, Naptha & Diesel",21,92,13,0,21,147,24-11-2020
"RES (Wind, Solar, Biomass & Others)",63,63,135,4,0,266,24-11-2020
Nuclear,28,33,65,0,0,126,24-11-2020
Hydro,104,37,90,45,14,290,24-11-2020
Lignite,19,16,29,0,0,63,24-11-2020
Coal,389,1304,377,443,8,2520,24-11-2020
Total,623,1546,707,492,43,3411,24-11-2020
"Gas, Naptha & Diesel",22,54,14,0,26,115,25-11-2020
"RES (Wind, Solar, Biomass & Others)",54,111,151,4,0,320,25-11-2020
Nuclear,28,33,65,0,0,125,25-11-2020
Total,643,1530,681,468,47,3370,25-11-2020
Lignite,19,7,26,0,0,51,25-11-2020
Hydro,108,39,83,43,14,286,25-11-2020
Coal,413,1288,344,421,7,2472,25-11-2020
Lignite,18,8,24,0,0,49,26-11-2020
Total,661,1488,621,437,48,3256,26-11-2020
Hydro,108,32,84,43,13,280,26-11-2020
"RES (Wind, Solar, Biomass & Others)",92,166,119,4,0,381,26-11-2020
Coal,394,1203,318,390,7,2312,26-11-2020
Nuclear,28,33,63,0,0,123,26-11-2020
"Gas, Naptha & Diesel",22,48,14,0,28,111,26-11-2020
Coal,410,1183,328,396,7,2323,27-11-2020
Lignite,20,11,26,0,0,57,27-11-2020
Hydro,111,28,88,45,13,285,27-11-2020
Nuclear,28,33,61,0,0,122,27-11-2020
"Gas, Naptha & Diesel",21,44,13,0,25,102,27-11-2020
"RES (Wind, Solar, Biomass & Others)",84,196,124,4,0,408,27-11-2020
Total,673,1494,640,445,45,3296,27-11-2020
Hydro,110,27,86,47,13,283,28-11-2020
"Gas, Naptha & Diesel",21,36,14,0,28,99,28-11-2020
Nuclear,28,33,60,0,0,122,28-11-2020
"RES (Wind, Solar, Biomass & Others)",70,167,118,5,0,359,28-11-2020
Lignite,21,10,25,0,0,56,28-11-2020
Coal,409,1216,348,409,6,2389,28-11-2020
Total,660,1489,651,460,48,3308,28-11-2020
Coal,396,1232,346,425,6,2406,29-11-2020
Lignite,22,11,23,0,0,57,29-11-2020
Hydro,108,28,75,43,13,268,29-11-2020
Nuclear,28,33,62,0,0,123,29-11-2020
"Gas, Naptha & Diesel",22,38,14,0,28,101,29-11-2020
"RES (Wind, Solar, Biomass & Others)",61,107,128,4,0,302,29-11-2020
Total,638,1450,650,473,47,3257,29-11-2020
Coal,417,1271,381,442,7,2517,30-11-2020
Hydro,106,47,71,44,13,282,30-11-2020
Nuclear,28,33,64,0,0,125,30-11-2020
"RES (Wind, Solar, Biomass & Others)",59,70,159,4,0,292,30-11-2020
Total,656,1486,712,490,45,3389,30-11-2020
Lignite,24,11,24,0,0,59,30-11-2020
"Gas, Naptha & Diesel",22,55,13,0,25,115,30-11-2020
Hydro,103,48,72,45,12,280,01-12-2020
Lignite,24,9,23,0,0,56,01-12-2020
Nuclear,28,33,60,0,0,121,01-12-2020
"Gas, Naptha & Diesel",20,62,14,0,27,122,01-12-2020
"RES (Wind, Solar, Biomass & Others)",66,65,185,4,0,320,01-12-2020
Total,664,1490,734,498,46,3431,01-12-2020
Coal,424,1272,381,448,7,2532,01-12-2020
"RES (Wind, Solar, Biomass & Others)",66,64,146,4,0,280,02-12-2020
"Gas, Naptha & Diesel",21,113,14,0,26,174,02-12-2020
Nuclear,28,33,60,0,0,121,02-12-2020
Total,709,1499,713,509,45,3475,02-12-2020
Coal,461,1235,393,463,7,2559,02-12-2020
Hydro,110,37,81,42,12,282,02-12-2020
Lignite,24,17,20,0,0,60,02-12-2020
Total,719,1519,696,516,48,3498,04-12-2020
"RES (Wind, Solar, Biomass & Others)",68,50,141,5,0,264,04-12-2020
Coal,464,1311,387,468,7,2638,04-12-2020
Lignite,24,15,12,0,0,51,04-12-2020
Nuclear,28,33,60,0,0,120,04-12-2020
"Gas, Naptha & Diesel",24,67,14,0,27,132,04-12-2020
Hydro,112,43,82,44,13,293,04-12-2020
Nuclear,28,33,60,0,0,121,05-12-2020
Hydro,110,45,79,44,13,291,05-12-2020
"RES (Wind, Solar, Biomass & Others)",71,47,147,5,0,270,05-12-2020
Total,720,1498,698,518,44,3478,05-12-2020
"Gas, Naptha & Diesel",22,64,13,0,23,121,05-12-2020
Lignite,24,16,11,0,0,51,05-12-2020
Coal,465,1294,388,469,8,2625,05-12-2020
Nuclear,28,33,60,0,0,120,06-12-2020
"Gas, Naptha & Diesel",22,53,13,0,24,112,06-12-2020
"RES (Wind, Solar, Biomass & Others)",71,60,167,5,0,303,06-12-2020
Lignite,24,15,15,0,0,54,06-12-2020
Hydro,110,39,58,41,13,260,06-12-2020
Coal,447,1241,355,439,7,2489,06-12-2020
Total,701,1441,668,484,44,3338,06-12-2020
Total,708,1501,678,494,46,3427,07-12-2020
Hydro,113,40,79,44,13,288,07-12-2020
"Gas, Naptha & Diesel",16,50,13,0,26,105,07-12-2020
Nuclear,28,33,60,0,0,120,07-12-2020
Lignite,24,13,22,0,0,59,07-12-2020
"RES (Wind, Solar, Biomass & Others)",64,64,145,4,0,278,07-12-2020
Coal,464,1301,359,445,8,2577,07-12-2020
"RES (Wind, Solar, Biomass & Others)",65,59,159,4,0,287,08-12-2020
Nuclear,28,33,60,0,0,120,08-12-2020
"Gas, Naptha & Diesel",25,52,13,0,28,117,08-12-2020
Total,714,1536,696,481,48,3474,08-12-2020
Lignite,23,11,16,0,0,51,08-12-2020
Hydro,113,40,66,40,13,272,08-12-2020
Coal,461,1341,383,437,7,2628,08-12-2020
"Gas, Naptha & Diesel",25,105,13,0,27,170,09-12-2020
Coal,450,1272,381,448,7,2558,09-12-2020
Lignite,24,18,25,0,0,67,09-12-2020
Hydro,122,41,71,40,13,287,09-12-2020
Total,724,1528,696,493,47,3487,09-12-2020
"RES (Wind, Solar, Biomass & Others)",75,59,158,4,0,297,09-12-2020
Nuclear,28,33,48,0,0,109,09-12-2020
Total,735,1530,712,486,47,3509,10-12-2020
"RES (Wind, Solar, Biomass & Others)",83,68,183,4,0,338,10-12-2020
"Gas, Naptha & Diesel",26,101,13,0,28,168,10-12-2020
Nuclear,28,31,37,0,0,96,10-12-2020
Coal,453,1268,386,444,7,2559,10-12-2020
Lignite,23,19,23,0,0,65,10-12-2020
Hydro,123,41,70,37,12,283,10-12-2020
"RES (Wind, Solar, Biomass & Others)",78,46,179,4,0,308,11-12-2020
Nuclear,28,28,40,0,0,96,11-12-2020
Hydro,121,43,73,38,14,290,11-12-2020
Lignite,23,12,27,0,0,62,11-12-2020
Coal,441,1291,397,440,7,2575,11-12-2020
"Gas, Naptha & Diesel",22,48,12,0,28,110,11-12-2020
Total,713,1468,729,482,49,3441,11-12-2020
Total,689,1383,734,472,48,3327,12-12-2020
"RES (Wind, Solar, Biomass & Others)",66,57,179,4,0,306,12-12-2020
"Gas, Naptha & Diesel",23,48,12,0,28,111,12-12-2020
Nuclear,28,28,57,0,0,114,12-12-2020
Coal,427,1199,392,427,7,2452,12-12-2020
Lignite,22,12,28,0,0,62,12-12-2020
Hydro,123,39,65,41,13,282,12-12-2020
Nuclear,28,28,46,0,0,103,14-12-2020
Hydro,122,43,79,35,13,292,14-12-2020
Lignite,21,14,30,0,0,64,14-12-2020
"Gas, Naptha & Diesel",24,36,12,0,27,98,14-12-2020
"RES (Wind, Solar, Biomass & Others)",79,80,173,5,0,336,14-12-2020
Coal,449,1224,389,444,7,2514,14-12-2020
Total,722,1425,729,484,47,3407,14-12-2020
Total,752,1459,750,482,47,3491,15-12-2020
Coal,473,1244,417,443,7,2584,15-12-2020
Lignite,20,14,31,0,0,65,15-12-2020
Nuclear,28,28,38,0,0,95,15-12-2020
"Gas, Naptha & Diesel",25,45,12,0,28,110,15-12-2020
"RES (Wind, Solar, Biomass & Others)",82,84,182,4,0,352,15-12-2020
Hydro,123,42,71,35,13,284,15-12-2020
"Gas, Naptha & Diesel",23,37,12,0,27,99,16-12-2020
Nuclear,28,28,54,0,0,110,16-12-2020
Total,746,1491,745,490,47,3520,16-12-2020
Hydro,117,48,74,36,12,287,16-12-2020
Coal,472,1242,419,450,7,2590,16-12-2020
Lignite,18,14,29,0,0,60,16-12-2020
"RES (Wind, Solar, Biomass & Others)",88,122,158,4,0,372,16-12-2020
Total,746,1518,756,497,48,3565,17-12-2020
"RES (Wind, Solar, Biomass & Others)",83,132,141,4,0,360,17-12-2020
"Gas, Naptha & Diesel",24,36,13,0,28,101,17-12-2020
Nuclear,29,28,65,0,0,122,17-12-2020
Hydro,116,50,81,35,13,294,17-12-2020
Coal,476,1260,431,458,8,2632,17-12-2020
Lignite,19,12,26,0,0,57,17-12-2020
Hydro,115,40,72,33,13,272,18-12-2020
Nuclear,28,28,65,0,0,122,18-12-2020
"Gas, Naptha & Diesel",27,67,12,0,28,134,18-12-2020
Coal,500,1264,437,460,7,2668,18-12-2020
"RES (Wind, Solar, Biomass & Others)",75,107,169,5,0,356,18-12-2020
Lignite,19,20,27,0,0,65,18-12-2020
Total,765,1526,781,497,47,3616,18-12-2020
Lignite,19,12,29,0,0,60,19-12-2020
Nuclear,28,28,62,0,0,118,19-12-2020
Hydro,112,40,58,33,13,256,19-12-2020
"Gas, Naptha & Diesel",24,27,12,0,24,87,19-12-2020
"RES (Wind, Solar, Biomass & Others)",76,111,195,4,2,388,19-12-2020
Total,769,1488,787,502,47,3593,19-12-2020
Coal,509,1271,432,465,8,2684,19-12-2020
Hydro,108,36,49,30,12,235,20-12-2020
"Gas, Naptha & Diesel",24,24,12,0,24,84,20-12-2020
"RES (Wind, Solar, Biomass & Others)",69,101,187,5,0,361,20-12-2020
Total,762,1434,745,497,42,3480,20-12-2020
Lignite,19,12,32,0,0,63,20-12-2020
Nuclear,28,29,59,0,0,116,20-12-2020
Coal,513,1233,406,462,6,2621,20-12-2020
"RES (Wind, Solar, Biomass & Others)",67,86,194,5,0,353,21-12-2020
Total,774,1519,773,504,43,3613,21-12-2020
Coal,524,1316,411,465,7,2724,21-12-2020
Lignite,19,13,32,0,0,64,21-12-2020
"Gas, Naptha & Diesel",26,32,12,0,23,94,21-12-2020
Hydro,109,43,64,35,12,263,21-12-2020
Nuclear,28,28,59,0,0,116,21-12-2020
Lignite,20,12,33,0,0,65,22-12-2020
Nuclear,28,28,59,0,0,115,22-12-2020
"RES (Wind, Solar, Biomass & Others)",73,68,167,5,0,313,22-12-2020
Hydro,110,51,73,37,12,282,22-12-2020
"Gas, Naptha & Diesel",27,35,12,0,25,99,22-12-2020
Total,781,1547,790,512,45,3675,22-12-2020
Coal,524,1352,447,471,7,2802,22-12-2020
"Gas, Naptha & Diesel",28,33,11,0,27,98,23-12-2020
"RES (Wind, Solar, Biomass & Others)",80,72,164,4,0,321,23-12-2020
Hydro,111,46,77,42,12,288,23-12-2020
Nuclear,28,30,63,0,0,121,23-12-2020
Total,799,1524,794,530,46,3692,23-12-2020
Lignite,23,12,35,0,0,69,23-12-2020
Coal,529,1332,444,483,7,2794,23-12-2020
"Gas, Naptha & Diesel",31,28,11,0,27,97,24-12-2020
Total,812,1518,816,522,46,3714,24-12-2020
Nuclear,27,33,64,0,0,125,24-12-2020
Hydro,108,51,79,35,13,285,24-12-2020
Lignite,23,12,37,0,0,72,24-12-2020
Coal,531,1314,454,483,7,2789,24-12-2020
"RES (Wind, Solar, Biomass & Others)",91,80,171,4,0,347,24-12-2020
Coal,544,1295,426,473,7,2745,25-12-2020
Total,815,1505,792,512,45,3669,25-12-2020
Lignite,24,12,39,0,0,75,25-12-2020
"Gas, Naptha & Diesel",29,23,13,0,26,90,25-12-2020
Nuclear,23,32,65,0,0,120,25-12-2020
Hydro,112,46,68,35,13,274,25-12-2020
"RES (Wind, Solar, Biomass & Others)",82,96,182,4,0,365,25-12-2020
Coal,554,1342,422,476,7,2801,26-12-2020
Hydro,111,46,83,32,12,285,26-12-2020
"RES (Wind, Solar, Biomass & Others)",71,80,176,5,0,331,26-12-2020
Lignite,23,12,41,0,0,76,26-12-2020
"Gas, Naptha & Diesel",28,25,13,0,26,92,26-12-2020
Total,810,1539,800,512,45,3706,26-12-2020
Nuclear,23,33,65,0,0,121,26-12-2020
Hydro,108,36,64,32,12,251,27-12-2020
Nuclear,23,33,65,0,0,121,27-12-2020
Total,776,1515,741,497,46,3576,27-12-2020
"Gas, Naptha & Diesel",28,26,13,0,28,95,27-12-2020
Coal,507,1303,409,461,6,2686,27-12-2020
"RES (Wind, Solar, Biomass & Others)",88,107,156,5,0,356,27-12-2020
Lignite,22,11,34,0,0,67,27-12-2020
Nuclear,24,33,65,0,0,122,28-12-2020
"RES (Wind, Solar, Biomass & Others)",76,90,158,4,0,329,28-12-2020
Coal,529,1318,449,470,7,2773,28-12-2020
Total,793,1522,808,507,44,3673,28-12-2020
"Gas, Naptha & Diesel",29,27,13,0,26,94,28-12-2020
Hydro,111,42,83,32,12,280,28-12-2020
Lignite,25,11,41,0,0,77,28-12-2020
"RES (Wind, Solar, Biomass & Others)",87,125,175,5,0,392,29-12-2020
Lignite,26,12,39,0,0,77,29-12-2020
Coal,524,1337,472,467,7,2806,29-12-2020
Hydro,105,40,82,33,12,272,29-12-2020
Nuclear,24,29,49,0,0,102,29-12-2020
"Gas, Naptha & Diesel",29,25,13,0,25,92,29-12-2020
Total,794,1567,830,504,45,3740,29-12-2020
"RES (Wind, Solar, Biomass & Others)",88,151,198,5,0,442,30-12-2020
Nuclear,24,21,40,0,0,85,30-12-2020
Hydro,104,50,90,34,13,292,30-12-2020
Coal,520,1320,459,463,7,2769,30-12-2020
"Gas, Naptha & Diesel",28,24,13,0,26,91,30-12-2020
Total,793,1578,832,502,46,3751,30-12-2020
Lignite,29,12,32,0,0,72,30-12-2020
"Gas, Naptha & Diesel",25,26,13,0,28,90,31-12-2020
Nuclear,24,21,40,0,0,85,31-12-2020
"RES (Wind, Solar, Biomass & Others)",90,142,164,4,0,400,31-12-2020
Hydro,105,53,94,36,12,300,31-12-2020
Lignite,27,11,28,0,0,66,31-12-2020
Coal,518,1318,472,465,7,2780,31-12-2020
Total,787,1570,811,505,47,3721,31-12-2020
Nuclear,23,21,42,0,0,86,01-01-2021
Coal,529,1295,448,449,7,2729,01-01-2021
Lignite,24,11,34,0,0,68,01-01-2021
Hydro,102,49,71,32,11,264,01-01-2021
Total,785,1517,801,485,47,3635,01-01-2021
"Gas, Naptha & Diesel",24,33,13,0,29,99,01-01-2021
"RES (Wind, Solar, Biomass & Others)",83,108,194,4,0,390,01-01-2021
Coal,520,1288,445,460,7,2720,02-01-2021
Lignite,24,10,30,0,0,64,02-01-2021
Total,769,1505,798,496,48,3617,02-01-2021
"Gas, Naptha & Diesel",24,31,12,0,29,96,02-01-2021
"RES (Wind, Solar, Biomass & Others)",80,100,175,5,0,359,02-01-2021
Hydro,98,54,85,32,11,281,02-01-2021
Nuclear,23,21,51,0,0,96,02-01-2021
"RES (Wind, Solar, Biomass & Others)",65,79,174,4,0,323,04-01-2021
Lignite,24,7,31,0,0,62,04-01-2021
Total,751,1453,802,490,48,3544,04-01-2021
Hydro,105,48,83,32,11,280,04-01-2021
Nuclear,23,21,64,0,0,109,04-01-2021
Coal,510,1260,437,454,7,2667,04-01-2021
"Gas, Naptha & Diesel",24,38,12,0,30,104,04-01-2021
Total,713,1474,797,496,47,3528,05-01-2021
"RES (Wind, Solar, Biomass & Others)",51,89,157,4,0,301,05-01-2021
"Gas, Naptha & Diesel",23,32,12,0,29,97,05-01-2021
Coal,485,1274,451,455,6,2672,05-01-2021
Lignite,26,7,34,0,0,67,05-01-2021
Hydro,106,50,78,37,11,282,05-01-2021
Nuclear,23,21,65,0,0,109,05-01-2021
Coal,495,1279,457,473,7,2711,06-01-2021
Lignite,25,7,36,0,0,69,06-01-2021
Hydro,114,54,78,34,12,292,06-01-2021
"Gas, Naptha & Diesel",23,27,12,0,30,92,06-01-2021
"RES (Wind, Solar, Biomass & Others)",60,101,105,4,0,271,06-01-2021
Nuclear,21,21,64,0,0,106,06-01-2021
Total,738,1490,753,511,49,3541,06-01-2021
"Gas, Naptha & Diesel",22,30,13,0,29,95,07-01-2021
Nuclear,19,21,64,0,0,104,07-01-2021
Hydro,110,46,63,32,11,261,07-01-2021
Lignite,15,10,33,0,0,58,07-01-2021
Total,743,1466,750,519,48,3526,07-01-2021
"RES (Wind, Solar, Biomass & Others)",70,122,114,5,0,310,07-01-2021
Coal,507,1237,463,482,7,2698,07-01-2021
"RES (Wind, Solar, Biomass & Others)",74,123,135,4,0,336,08-01-2021
Total,748,1813,792,515,46,3914,08-01-2021
"Gas, Naptha & Diesel",22,39,12,0,28,102,08-01-2021
Nuclear,18,33,64,0,0,116,08-01-2021
Hydro,106,44,62,33,11,256,08-01-2021
Coal,508,1565,486,477,7,3044,08-01-2021
Lignite,19,8,33,0,0,60,08-01-2021
Nuclear,18,21,64,0,0,104,09-01-2021
Coal,496,1230,462,466,7,2661,09-01-2021
Total,740,1444,771,505,46,3506,09-01-2021
"RES (Wind, Solar, Biomass & Others)",80,117,137,5,0,339,09-01-2021
"Gas, Naptha & Diesel",23,26,13,0,29,90,09-01-2021
Lignite,21,8,30,0,0,59,09-01-2021
Hydro,102,42,64,34,11,253,09-01-2021
Hydro,102,40,52,32,12,237,10-01-2021
Lignite,23,8,28,0,0,58,10-01-2021
"Gas, Naptha & Diesel",23,24,12,0,30,89,10-01-2021
"RES (Wind, Solar, Biomass & Others)",85,96,152,5,0,339,10-01-2021
Total,734,1416,768,488,49,3455,10-01-2021
Coal,482,1227,460,452,7,2628,10-01-2021
Nuclear,18,21,64,0,0,104,10-01-2021
Total,765,1478,811,517,48,3619,11-01-2021
"RES (Wind, Solar, Biomass & Others)",76,97,148,4,0,325,11-01-2021
"Gas, Naptha & Diesel",20,31,11,0,31,92,11-01-2021
Nuclear,18,21,64,0,0,104,11-01-2021
Hydro,105,44,62,31,11,253,11-01-2021
Lignite,22,9,28,0,0,60,11-01-2021
Coal,524,1276,498,481,7,2786,11-01-2021
Coal,527,1291,494,490,7,2810,12-01-2021
Lignite,22,10,30,0,0,62,12-01-2021
Hydro,104,46,60,32,11,253,12-01-2021
"RES (Wind, Solar, Biomass & Others)",74,103,181,4,0,362,12-01-2021
"Gas, Naptha & Diesel",20,29,9,0,31,88,12-01-2021
Total,766,1500,838,526,48,3678,12-01-2021
Nuclear,19,21,64,0,0,104,12-01-2021
Nuclear,18,21,64,0,0,104,13-01-2021
Hydro,103,48,68,36,12,266,13-01-2021
Lignite,24,10,22,0,0,56,13-01-2021
Total,775,1498,841,513,49,3676,13-01-2021
"RES (Wind, Solar, Biomass & Others)",72,76,182,5,0,335,13-01-2021
"Gas, Naptha & Diesel",23,29,11,0,30,93,13-01-2021
Coal,534,1313,494,473,7,2821,13-01-2021
Hydro,103,47,65,31,12,258,14-01-2021
"RES (Wind, Solar, Biomass & Others)",67,62,173,5,0,307,14-01-2021
Total,775,1443,782,485,48,3534,14-01-2021
Coal,536,1280,441,450,7,2714,14-01-2021
Lignite,26,10,28,0,0,64,14-01-2021
Nuclear,18,21,64,0,0,104,14-01-2021
"Gas, Naptha & Diesel",23,23,11,0,30,87,14-01-2021
Total,785,1454,787,479,48,3552,15-01-2021
"Gas, Naptha & Diesel",23,23,12,0,30,89,15-01-2021
Nuclear,18,21,64,0,0,104,15-01-2021
Hydro,101,47,78,33,10,269,15-01-2021
Lignite,23,11,30,0,0,64,15-01-2021
Coal,540,1284,439,442,7,2712,15-01-2021
"RES (Wind, Solar, Biomass & Others)",80,67,164,4,0,315,15-01-2021
"RES (Wind, Solar, Biomass & Others)",81,68,157,4,0,311,16-01-2021
Coal,536,1314,447,473,7,2778,16-01-2021
Lignite,23,13,30,0,0,65,16-01-2021
Nuclear,13,21,64,0,0,99,16-01-2021
"Gas, Naptha & Diesel",22,28,13,0,29,92,16-01-2021
Total,777,1497,795,511,49,3628,16-01-2021
Hydro,101,53,83,33,12,283,16-01-2021
Coal,534,1295,448,479,7,2763,17-01-2021
Lignite,21,10,32,0,0,63,17-01-2021
Hydro,103,45,68,31,11,258,17-01-2021
Nuclear,13,21,64,0,0,99,17-01-2021
"Gas, Naptha & Diesel",23,29,12,0,31,95,17-01-2021
"RES (Wind, Solar, Biomass & Others)",72,72,186,4,0,334,17-01-2021
Total,767,1471,811,514,50,3612,17-01-2021
"Gas, Naptha & Diesel",23,34,12,0,27,96,18-01-2021
Total,792,1500,869,521,45,3727,18-01-2021
Nuclear,13,23,42,0,0,79,18-01-2021
"RES (Wind, Solar, Biomass & Others)",74,81,204,5,0,364,18-01-2021
Hydro,100,55,86,36,10,287,18-01-2021
Lignite,21,8,33,0,0,62,18-01-2021
Coal,561,1298,491,481,7,2838,18-01-2021
Coal,590,1352,524,495,8,2968,19-01-2021
"Gas, Naptha & Diesel",23,29,13,0,27,92,19-01-2021
Nuclear,13,21,40,0,0,74,19-01-2021
"RES (Wind, Solar, Biomass & Others)",66,79,169,4,0,319,19-01-2021
Hydro,101,56,87,39,10,293,19-01-2021
Lignite,14,7,34,0,0,55,19-01-2021
Total,807,1545,866,538,45,3802,19-01-2021
Coal,581,1372,550,508,7,3018,20-01-2021
Lignite,26,8,38,0,0,71,20-01-2021
Hydro,102,57,83,37,9,289,20-01-2021
"Gas, Naptha & Diesel",24,27,12,0,31,94,20-01-2021
"RES (Wind, Solar, Biomass & Others)",69,63,159,4,0,296,20-01-2021
Total,815,1551,882,550,47,3844,20-01-2021
Nuclear,13,24,40,0,0,77,20-01-2021
Nuclear,13,24,41,0,0,78,21-01-2021
Total,819,1538,898,551,46,3852,21-01-2021
Hydro,101,49,81,38,9,278,21-01-2021
"RES (Wind, Solar, Biomass & Others)",73,53,148,4,0,279,21-01-2021
"Gas, Naptha & Diesel",24,30,12,0,29,95,21-01-2021
Lignite,26,9,37,0,0,72,21-01-2021
Coal,583,1373,578,509,7,3050,21-01-2021
"Gas, Naptha & Diesel",23,31,11,0,29,95,22-01-2021
Coal,588,1372,591,514,7,3072,22-01-2021
Hydro,101,55,88,36,12,292,22-01-2021
Total,836,1554,912,554,49,3906,22-01-2021
Nuclear,15,24,40,0,0,79,22-01-2021
Lignite,21,9,36,0,0,66,22-01-2021
"RES (Wind, Solar, Biomass & Others)",88,63,145,5,0,302,22-01-2021
"RES (Wind, Solar, Biomass & Others)",79,67,163,5,0,313,23-01-2021
Nuclear,18,24,46,0,0,88,23-01-2021
Total,831,1544,903,555,49,3882,23-01-2021
"Gas, Naptha & Diesel",24,34,10,0,29,97,23-01-2021
Lignite,23,9,37,0,0,69,23-01-2021
Hydro,100,54,81,35,12,282,23-01-2021
Coal,588,1355,568,515,7,3034,23-01-2021
Coal,559,1329,529,500,7,2922,24-01-2021
Lignite,24,9,32,0,0,64,24-01-2021
Total,795,1530,860,538,48,3771,24-01-2021
Nuclear,18,24,47,0,0,89,24-01-2021
"RES (Wind, Solar, Biomass & Others)",74,89,169,4,0,336,24-01-2021
"Gas, Naptha & Diesel",23,30,10,0,29,93,24-01-2021
Hydro,97,50,74,34,12,267,24-01-2021
"Gas, Naptha & Diesel",24,31,10,0,31,96,25-01-2021
"RES (Wind, Solar, Biomass & Others)",76,102,181,5,0,363,25-01-2021
Total,806,1553,890,519,50,3818,25-01-2021
Coal,570,1335,552,480,7,2944,25-01-2021
Lignite,23,9,29,0,0,61,25-01-2021
Hydro,94,52,73,34,12,265,25-01-2021
Nuclear,18,24,46,0,0,88,25-01-2021
Total,789,1504,837,501,48,3679,26-01-2021
"RES (Wind, Solar, Biomass & Others)",72,90,181,5,0,349,26-01-2021
"Gas, Naptha & Diesel",23,29,11,0,30,92,26-01-2021
Nuclear,19,24,47,0,0,89,26-01-2021
Hydro,100,40,72,32,12,255,26-01-2021
Lignite,24,9,29,0,0,62,26-01-2021
Coal,552,1312,497,464,7,2831,26-01-2021
Coal,580,1333,521,488,7,2929,27-01-2021
"Gas, Naptha & Diesel",23,32,12,0,28,96,27-01-2021
Nuclear,18,23,47,0,0,88,27-01-2021
Hydro,100,50,78,35,10,273,27-01-2021
Lignite,23,9,36,0,0,68,27-01-2021
"RES (Wind, Solar, Biomass & Others)",76,88,185,4,0,353,27-01-2021
Total,822,1534,878,527,45,3806,27-01-2021
Total,827,1560,887,552,47,3874,28-01-2021
Coal,591,1362,525,512,7,2997,28-01-2021
Lignite,23,9,34,0,0,66,28-01-2021
Hydro,100,45,75,36,11,267,28-01-2021
"RES (Wind, Solar, Biomass & Others)",72,93,194,4,0,363,28-01-2021
Nuclear,19,19,47,0,0,84,28-01-2021
"Gas, Naptha & Diesel",24,32,13,0,28,96,28-01-2021
Hydro,99,44,78,34,11,266,29-01-2021
Nuclear,18,18,43,0,0,79,29-01-2021
"Gas, Naptha & Diesel",18,33,13,0,30,94,29-01-2021
"RES (Wind, Solar, Biomass & Others)",71,106,175,4,0,356,29-01-2021
Total,827,1574,909,550,48,3908,29-01-2021
Coal,597,1362,566,512,7,3044,29-01-2021
Lignite,24,11,34,0,0,69,29-01-2021
"RES (Wind, Solar, Biomass & Others)",73,86,170,5,0,333,30-01-2021
Total,854,1537,905,548,49,3894,30-01-2021
"Gas, Naptha & Diesel",22,32,13,0,30,97,30-01-2021
Hydro,98,41,80,35,11,265,30-01-2021
Coal,620,1353,564,509,8,3053,30-01-2021
Nuclear,18,16,43,0,0,77,30-01-2021
Lignite,24,9,36,0,0,68,30-01-2021
Lignite,23,7,36,0,0,66,31-01-2021
Total,831,1492,874,534,47,3778,31-01-2021
"RES (Wind, Solar, Biomass & Others)",80,64,180,5,0,328,31-01-2021
"Gas, Naptha & Diesel",22,31,13,0,30,96,31-01-2021
Nuclear,18,16,43,0,0,77,31-01-2021
Hydro,97,41,66,34,10,248,31-01-2021
Coal,590,1333,538,496,7,2963,31-01-2021
Hydro,95,45,76,34,9,259,01-02-2021
Lignite,22,7,37,0,0,66,01-02-2021
Nuclear,18,16,43,0,0,77,01-02-2021
"Gas, Naptha & Diesel",22,32,13,0,30,97,01-02-2021
"RES (Wind, Solar, Biomass & Others)",74,68,205,5,0,351,01-02-2021
Total,844,1496,935,524,46,3846,01-02-2021
Coal,612,1328,562,486,7,2996,01-02-2021
"Gas, Naptha & Diesel",22,31,12,0,30,96,02-02-2021
"RES (Wind, Solar, Biomass & Others)",74,65,211,5,0,355,02-02-2021
Total,841,1529,948,536,47,3901,02-02-2021
Lignite,24,7,39,0,0,71,02-02-2021
Hydro,92,47,78,35,9,262,02-02-2021
Nuclear,18,26,43,0,0,87,02-02-2021
Coal,611,1353,564,496,7,3031,02-02-2021
Total,829,1596,955,552,47,3979,03-02-2021
"RES (Wind, Solar, Biomass & Others)",69,64,205,5,0,342,03-02-2021
"Gas, Naptha & Diesel",22,31,13,0,30,96,03-02-2021
Lignite,24,8,45,0,0,76,03-02-2021
Hydro,93,60,76,34,10,273,03-02-2021
Nuclear,18,26,43,0,0,87,03-02-2021
Coal,603,1408,573,513,7,3105,03-02-2021
"Gas, Naptha & Diesel",22,30,13,0,30,95,04-02-2021
"RES (Wind, Solar, Biomass & Others)",85,75,208,5,0,372,04-02-2021
Total,786,1505,922,563,48,3824,04-02-2021
Nuclear,18,16,45,0,0,79,04-02-2021
Hydro,92,55,75,34,11,267,04-02-2021
Lignite,24,8,45,0,0,76,04-02-2021
Coal,546,1321,536,524,7,2934,04-02-2021
Total,798,1507,926,545,49,3826,05-02-2021
"RES (Wind, Solar, Biomass & Others)",75,105,195,4,0,380,05-02-2021
"Gas, Naptha & Diesel",26,30,12,0,31,98,05-02-2021
Nuclear,18,16,46,0,0,81,05-02-2021
Hydro,92,51,85,34,11,273,05-02-2021
Lignite,26,10,46,0,0,82,05-02-2021
Coal,561,1295,543,507,7,2913,05-02-2021
Hydro,100,53,80,33,9,276,06-02-2021
Total,813,1509,908,553,46,3828,06-02-2021
Lignite,24,10,46,0,0,80,06-02-2021
Nuclear,18,16,47,0,0,80,06-02-2021
"Gas, Naptha & Diesel",28,28,11,0,30,98,06-02-2021
"RES (Wind, Solar, Biomass & Others)",75,134,189,4,0,402,06-02-2021
Coal,567,1267,535,515,7,2891,06-02-2021
Coal,546,1260,503,504,7,2820,07-02-2021
Lignite,24,10,44,0,0,78,07-02-2021
Hydro,90,41,64,35,10,239,07-02-2021
Nuclear,18,15,47,0,0,80,07-02-2021
"Gas, Naptha & Diesel",27,24,12,0,29,93,07-02-2021
"RES (Wind, Solar, Biomass & Others)",75,117,199,5,0,395,07-02-2021
Total,779,1468,869,544,46,3706,07-02-2021
Lignite,22,10,42,0,0,74,08-02-2021
Hydro,96,51,87,36,10,280,08-02-2021
Nuclear,18,18,47,0,0,83,08-02-2021
"RES (Wind, Solar, Biomass & Others)",74,90,227,5,0,397,08-02-2021
Coal,579,1282,501,514,7,2884,08-02-2021
"Gas, Naptha & Diesel",27,29,13,0,29,98,08-02-2021
Total,816,1480,917,555,46,3814,08-02-2021
Hydro,94,54,93,33,9,284,09-02-2021
Lignite,24,9,42,0,0,74,09-02-2021
Coal,602,1329,525,522,7,2985,09-02-2021
Nuclear,18,16,47,0,0,81,09-02-2021
"Gas, Naptha & Diesel",27,30,13,0,30,100,09-02-2021
"RES (Wind, Solar, Biomass & Others)",75,58,207,5,0,344,09-02-2021
Total,840,1496,926,559,47,3868,09-02-2021
"RES (Wind, Solar, Biomass & Others)",73,50,194,5,0,324,10-02-2021
"Gas, Naptha & Diesel",29,31,12,0,30,101,10-02-2021
Nuclear,18,16,47,0,0,81,10-02-2021
Hydro,97,51,88,30,11,277,10-02-2021
Lignite,24,9,44,0,0,77,10-02-2021
Coal,587,1357,538,527,7,3015,10-02-2021
Total,828,1514,923,562,48,3875,10-02-2021
Coal,577,1351,542,518,7,2995,11-02-2021
Total,814,1517,924,554,47,3856,11-02-2021
"Gas, Naptha & Diesel",30,37,11,0,29,108,11-02-2021
Nuclear,18,16,47,0,0,81,11-02-2021
Hydro,96,52,82,31,10,272,11-02-2021
Lignite,22,8,46,0,0,76,11-02-2021
"RES (Wind, Solar, Biomass & Others)",71,53,196,5,0,325,11-02-2021
"RES (Wind, Solar, Biomass & Others)",80,57,200,5,0,341,12-02-2021
Total,819,1519,933,547,47,3866,12-02-2021
Lignite,24,7,41,0,0,72,12-02-2021
Hydro,99,45,77,34,10,266,12-02-2021
Nuclear,15,16,47,0,0,78,12-02-2021
"Gas, Naptha & Diesel",34,37,11,0,30,111,12-02-2021
Coal,568,1357,558,508,6,2997,12-02-2021
Nuclear,14,16,47,0,0,77,13-02-2021
Lignite,24,7,42,0,0,74,13-02-2021
Coal,553,1357,553,524,6,2994,13-02-2021
"Gas, Naptha & Diesel",24,37,11,0,30,102,13-02-2021
Total,790,1525,922,561,47,3844,13-02-2021
"RES (Wind, Solar, Biomass & Others)",74,59,193,5,0,330,13-02-2021
Hydro,101,49,76,32,10,268,13-02-2021
Coal,517,1341,524,519,6,2907,14-02-2021
Total,761,1503,871,553,46,3733,14-02-2021
"RES (Wind, Solar, Biomass & Others)",72,60,175,5,0,312,14-02-2021
"Gas, Naptha & Diesel",33,35,12,0,29,109,14-02-2021
Nuclear,15,16,47,0,0,78,14-02-2021
Lignite,22,7,42,0,0,72,14-02-2021
Hydro,102,44,71,29,10,255,14-02-2021
Total,789,1539,909,560,44,3841,15-02-2021
"RES (Wind, Solar, Biomass & Others)",72,65,179,4,0,320,15-02-2021
Lignite,24,7,44,0,0,76,15-02-2021
Hydro,104,42,88,31,8,273,15-02-2021
Coal,537,1369,540,525,7,2978,15-02-2021
"Gas, Naptha & Diesel",34,39,12,0,29,114,15-02-2021
Nuclear,17,16,46,0,0,80,15-02-2021
"Gas, Naptha & Diesel",34,46,12,0,29,121,16-02-2021
Nuclear,18,16,47,0,0,80,16-02-2021
Hydro,103,38,89,29,8,266,16-02-2021
Coal,526,1371,546,529,7,2980,16-02-2021
Total,776,1541,914,563,44,3838,16-02-2021
Lignite,24,10,43,0,0,78,16-02-2021
"RES (Wind, Solar, Biomass & Others)",71,60,176,5,0,313,16-02-2021
Total,782,1532,910,547,46,3816,17-02-2021
"RES (Wind, Solar, Biomass & Others)",75,67,177,5,0,324,17-02-2021
Nuclear,18,18,46,0,0,83,17-02-2021
Hydro,105,34,86,32,9,266,17-02-2021
Lignite,26,10,46,0,0,82,17-02-2021
Coal,528,1350,543,510,7,2939,17-02-2021
"Gas, Naptha & Diesel",29,53,11,0,30,123,17-02-2021
"RES (Wind, Solar, Biomass & Others)",83,128,148,5,0,363,19-02-2021
"Gas, Naptha & Diesel",27,50,11,0,29,117,19-02-2021
Nuclear,21,21,47,0,0,90,19-02-2021
Hydro,106,34,76,33,9,259,19-02-2021
Lignite,23,10,43,0,0,75,19-02-2021
Coal,526,1251,550,497,8,2832,19-02-2021
Total,786,1494,875,535,47,3736,19-02-2021
"RES (Wind, Solar, Biomass & Others)",72,117,177,5,0,370,20-02-2021
Total,777,1496,862,525,44,3704,20-02-2021
"Gas, Naptha & Diesel",20,52,11,0,30,113,20-02-2021
Nuclear,23,21,47,0,0,91,20-02-2021
Hydro,108,33,69,31,8,249,20-02-2021
Lignite,22,10,41,0,0,73,20-02-2021
Coal,531,1263,517,490,6,2807,20-02-2021
Total,754,1450,801,518,45,3567,21-02-2021
"Gas, Naptha & Diesel",18,43,12,0,31,104,21-02-2021
Coal,512,1245,465,486,6,2714,21-02-2021
Lignite,22,9,35,0,0,67,21-02-2021
Hydro,108,34,67,27,8,245,21-02-2021
Nuclear,23,21,47,0,0,91,21-02-2021
"RES (Wind, Solar, Biomass & Others)",71,97,174,5,0,346,21-02-2021
Coal,525,1302,512,516,8,2863,22-02-2021
Hydro,108,38,80,32,8,265,22-02-2021
Nuclear,23,21,47,0,0,91,22-02-2021
"Gas, Naptha & Diesel",18,47,12,0,30,107,22-02-2021
Total,775,1483,860,552,46,3716,22-02-2021
Lignite,24,9,33,0,0,66,22-02-2021
"RES (Wind, Solar, Biomass & Others)",77,65,177,5,0,323,22-02-2021
Hydro,108,52,84,35,8,286,23-02-2021
Total,802,1500,892,588,45,3827,23-02-2021
Coal,538,1306,531,548,8,2932,23-02-2021
"RES (Wind, Solar, Biomass & Others)",92,63,182,5,0,341,23-02-2021
"Gas, Naptha & Diesel",18,49,12,0,29,108,23-02-2021
Nuclear,23,21,47,0,0,91,23-02-2021
Lignite,23,9,37,0,0,69,23-02-2021
Total,808,1500,923,614,46,3890,24-02-2021
Nuclear,23,21,47,0,0,91,24-02-2021
"Gas, Naptha & Diesel",18,48,12,0,29,106,24-02-2021
"RES (Wind, Solar, Biomass & Others)",88,76,181,5,0,350,24-02-2021
Hydro,111,45,89,37,8,289,24-02-2021
Coal,547,1301,555,572,9,2983,24-02-2021
Lignite,21,9,40,0,0,71,24-02-2021
Lignite,22,9,43,0,0,74,25-02-2021
Coal,559,1287,572,578,10,3006,25-02-2021
Nuclear,23,21,47,0,0,91,25-02-2021
"RES (Wind, Solar, Biomass & Others)",82,80,165,5,0,332,25-02-2021
"Gas, Naptha & Diesel",21,60,12,0,27,120,25-02-2021
Hydro,111,52,107,33,9,312,25-02-2021
Total,818,1509,944,616,46,3934,25-02-2021
Nuclear,23,21,47,0,0,91,26-02-2021
"Gas, Naptha & Diesel",24,58,11,0,29,122,26-02-2021
"RES (Wind, Solar, Biomass & Others)",100,109,160,5,0,374,26-02-2021
Total,845,1523,953,614,47,3982,26-02-2021
Hydro,108,52,102,34,8,304,26-02-2021
Coal,568,1274,592,575,10,3018,26-02-2021
Lignite,22,9,42,0,0,73,26-02-2021
Coal,566,1276,597,581,11,3031,27-02-2021
Lignite,24,9,40,0,0,73,27-02-2021
Total,834,1531,947,618,49,3978,27-02-2021
"RES (Wind, Solar, Biomass & Others)",87,113,159,5,0,363,27-02-2021
"Gas, Naptha & Diesel",25,56,11,0,30,122,27-02-2021
Nuclear,23,21,47,0,0,91,27-02-2021
Hydro,110,56,93,31,8,298,27-02-2021
Total,810,1486,921,605,49,3871,28-02-2021
"RES (Wind, Solar, Biomass & Others)",82,76,177,5,0,341,28-02-2021
"Gas, Naptha & Diesel",29,35,11,0,31,105,28-02-2021
Coal,542,1297,571,567,10,2987,28-02-2021
Lignite,25,10,42,0,0,77,28-02-2021
Hydro,109,46,73,34,8,270,28-02-2021
Nuclear,23,21,47,0,0,91,28-02-2021
Lignite,25,11,42,0,0,78,01-03-2021
Total,856,1544,948,579,50,3978,01-03-2021
"RES (Wind, Solar, Biomass & Others)",81,91,170,5,0,347,01-03-2021
Nuclear,23,21,46,0,0,90,01-03-2021
Hydro,109,47,93,38,12,299,01-03-2021
Coal,588,1329,585,536,9,3046,01-03-2021
"Gas, Naptha & Diesel",31,46,12,0,29,118,01-03-2021
Lignite,27,11,34,0,0,73,02-03-2021
Hydro,110,49,85,43,15,302,02-03-2021
Nuclear,23,21,47,0,0,91,02-03-2021
"Gas, Naptha & Diesel",31,37,16,0,28,112,02-03-2021
Coal,584,1342,622,548,9,3105,02-03-2021
"RES (Wind, Solar, Biomass & Others)",87,89,174,5,0,355,02-03-2021
Total,862,1549,978,596,52,4037,02-03-2021
Hydro,116,47,74,33,9,279,03-03-2021
Nuclear,23,21,47,0,0,91,03-03-2021
Total,869,1545,975,604,49,4041,03-03-2021
"Gas, Naptha & Diesel",31,37,16,0,28,112,03-03-2021
"RES (Wind, Solar, Biomass & Others)",79,79,194,5,0,357,03-03-2021
Coal,596,1350,611,566,12,3134,03-03-2021
Lignite,25,11,33,0,0,68,03-03-2021
Total,876,1535,989,611,49,4060,04-03-2021
Lignite,25,11,35,0,0,71,04-03-2021
Coal,600,1324,609,573,12,3119,04-03-2021
Hydro,113,51,70,33,9,275,04-03-2021
Nuclear,23,21,47,0,0,91,04-03-2021
"Gas, Naptha & Diesel",30,51,17,0,29,127,04-03-2021
"RES (Wind, Solar, Biomass & Others)",84,77,211,5,0,377,04-03-2021
Coal,603,1357,632,567,13,3171,05-03-2021
"Gas, Naptha & Diesel",31,57,17,0,29,133,05-03-2021
Nuclear,23,21,47,0,0,90,05-03-2021
Hydro,115,46,89,31,10,290,05-03-2021
Lignite,27,11,39,0,0,77,05-03-2021
Total,879,1555,1025,602,51,4113,05-03-2021
"RES (Wind, Solar, Biomass & Others)",81,63,203,5,0,352,05-03-2021
Lignite,28,11,40,0,0,78,06-03-2021
Coal,595,1344,623,565,13,3140,06-03-2021
Nuclear,23,21,33,0,0,77,06-03-2021
Hydro,117,55,101,32,10,315,06-03-2021
"Gas, Naptha & Diesel",30,53,16,0,30,128,06-03-2021
"RES (Wind, Solar, Biomass & Others)",107,77,173,5,0,362,06-03-2021
Total,900,1560,987,602,53,4102,06-03-2021
"Gas, Naptha & Diesel",30,34,16,0,30,110,07-03-2021
Hydro,110,35,75,30,9,260,07-03-2021
Lignite,28,9,38,0,0,75,07-03-2021
Coal,549,1312,609,542,12,3024,07-03-2021
"RES (Wind, Solar, Biomass & Others)",103,131,178,5,0,417,07-03-2021
Total,843,1543,939,577,51,3953,07-03-2021
Nuclear,23,21,24,0,0,68,07-03-2021
Total,832,1606,995,597,52,4082,08-03-2021
Coal,563,1371,628,560,13,3135,08-03-2021
Lignite,27,8,39,0,0,74,08-03-2021
Hydro,109,58,89,33,8,297,08-03-2021
"Gas, Naptha & Diesel",30,40,16,0,30,117,08-03-2021
Nuclear,22,21,29,0,0,72,08-03-2021
"RES (Wind, Solar, Biomass & Others)",80,108,195,5,0,388,08-03-2021
Total,859,1622,1029,615,54,4179,09-03-2021
"RES (Wind, Solar, Biomass & Others)",76,78,209,5,0,368,09-03-2021
"Gas, Naptha & Diesel",30,40,16,0,30,117,09-03-2021
Nuclear,23,21,42,0,0,86,09-03-2021
Hydro,113,57,92,35,9,305,09-03-2021
Coal,590,1418,631,575,15,3229,09-03-2021
Lignite,28,7,39,0,0,74,09-03-2021
Hydro,111,50,93,34,8,295,10-03-2021
Total,876,1625,1021,607,47,4176,10-03-2021
"RES (Wind, Solar, Biomass & Others)",75,67,199,5,0,346,10-03-2021
"Gas, Naptha & Diesel",30,42,16,0,24,112,10-03-2021
Nuclear,23,21,37,0,0,81,10-03-2021
Coal,609,1434,634,568,15,3261,10-03-2021
Lignite,28,10,42,0,0,80,10-03-2021
"RES (Wind, Solar, Biomass & Others)",91,74,187,5,0,358,11-03-2021
"Gas, Naptha & Diesel",30,56,16,0,23,125,11-03-2021
Nuclear,26,21,37,0,0,84,11-03-2021
Total,914,1612,978,613,48,4166,11-03-2021
Lignite,27,10,43,0,0,80,11-03-2021
Coal,632,1402,609,575,15,3233,11-03-2021
Hydro,108,48,87,33,10,286,11-03-2021
Total,837,1582,943,608,48,4017,12-03-2021
"RES (Wind, Solar, Biomass & Others)",85,73,196,5,0,359,12-03-2021
Lignite,25,10,44,0,0,79,12-03-2021
Coal,565,1383,572,571,10,3100,12-03-2021
Hydro,107,39,78,32,9,265,12-03-2021
Nuclear,26,21,38,0,0,85,12-03-2021
"Gas, Naptha & Diesel",30,55,16,0,29,129,12-03-2021
Coal,546,1348,568,547,11,3019,13-03-2021
Hydro,108,42,78,34,10,271,13-03-2021
Nuclear,27,22,45,0,0,93,13-03-2021
"Gas, Naptha & Diesel",30,46,12,0,30,117,13-03-2021
Total,821,1547,930,585,50,3933,13-03-2021
"RES (Wind, Solar, Biomass & Others)",86,79,185,5,0,354,13-03-2021
Lignite,25,10,42,0,0,78,13-03-2021
"Gas, Naptha & Diesel",26,37,12,0,30,105,14-03-2021
Nuclear,27,22,46,0,0,95,14-03-2021
Total,816,1529,915,605,50,3916,14-03-2021
"RES (Wind, Solar, Biomass & Others)",79,87,195,5,0,366,14-03-2021
Coal,552,1332,553,562,10,3009,14-03-2021
Lignite,25,10,42,0,0,77,14-03-2021
Hydro,108,41,67,39,9,264,14-03-2021
"RES (Wind, Solar, Biomass & Others)",73,89,191,5,0,358,15-03-2021
Hydro,109,40,92,40,9,291,15-03-2021
Lignite,22,11,43,0,0,76,15-03-2021
Coal,590,1373,583,581,14,3140,15-03-2021
Total,845,1578,968,626,53,4070,15-03-2021
"Gas, Naptha & Diesel",25,48,13,0,29,116,15-03-2021
Nuclear,26,16,47,0,0,89,15-03-2021
"RES (Wind, Solar, Biomass & Others)",74,85,177,5,0,342,16-03-2021
Lignite,23,11,40,0,0,74,16-03-2021
"Gas, Naptha & Diesel",26,54,15,0,23,117,16-03-2021
Nuclear,26,15,46,0,0,88,16-03-2021
Hydro,110,55,112,38,10,326,16-03-2021
Total,879,1602,981,623,50,4135,16-03-2021
Coal,619,1382,590,579,17,3188,16-03-2021
Coal,620,1398,616,573,17,3225,17-03-2021
Nuclear,26,15,47,0,0,88,17-03-2021
"Gas, Naptha & Diesel",29,52,16,0,24,121,17-03-2021
"RES (Wind, Solar, Biomass & Others)",75,89,166,5,0,335,17-03-2021
Lignite,28,10,34,0,0,72,17-03-2021
Total,886,1626,988,617,52,4168,17-03-2021
Hydro,107,62,109,39,10,328,17-03-2021
"Gas, Naptha & Diesel",31,44,16,0,24,114,18-03-2021
Nuclear,26,15,44,0,0,86,18-03-2021
Hydro,105,53,101,34,10,304,18-03-2021
Coal,594,1421,644,591,18,3268,18-03-2021
Lignite,25,8,38,0,0,71,18-03-2021
"RES (Wind, Solar, Biomass & Others)",76,78,172,5,0,332,18-03-2021
Total,858,1620,1014,630,51,4174,18-03-2021
Coal,621,1385,640,594,17,3255,19-03-2021
Hydro,100,41,109,34,9,294,19-03-2021
Lignite,25,8,40,0,0,73,19-03-2021
Nuclear,27,15,42,0,0,83,19-03-2021
"Gas, Naptha & Diesel",32,47,16,0,24,118,19-03-2021
"RES (Wind, Solar, Biomass & Others)",80,73,161,5,0,319,19-03-2021
Total,884,1568,1007,633,51,4143,19-03-2021
Lignite,23,8,40,0,0,72,20-03-2021
Hydro,102,39,93,34,8,276,20-03-2021
Nuclear,27,15,42,0,0,83,20-03-2021
"Gas, Naptha & Diesel",30,51,16,0,23,120,20-03-2021
Coal,640,1374,613,580,18,3225,20-03-2021
"RES (Wind, Solar, Biomass & Others)",80,92,166,5,0,344,20-03-2021
Total,902,1580,970,620,49,4120,20-03-2021
Lignite,21,11,39,0,0,71,21-03-2021
Hydro,100,29,63,34,7,234,21-03-2021
Nuclear,27,15,37,0,0,78,21-03-2021
"Gas, Naptha & Diesel",29,31,16,0,24,100,21-03-2021
Total,874,1547,913,606,45,3986,21-03-2021
Coal,607,1369,590,567,15,3148,21-03-2021
"RES (Wind, Solar, Biomass & Others)",90,92,167,5,0,355,21-03-2021
Total,841,1602,960,611,47,4061,22-03-2021
Nuclear,27,16,41,0,0,84,22-03-2021
Hydro,107,34,99,36,8,283,22-03-2021
Lignite,19,10,36,0,0,65,22-03-2021
Coal,576,1418,604,571,15,3184,22-03-2021
"RES (Wind, Solar, Biomass & Others)",85,81,164,5,0,334,22-03-2021
"Gas, Naptha & Diesel",28,44,16,0,24,111,22-03-2021
Lignite,18,11,32,0,0,61,23-03-2021
Coal,544,1390,604,551,16,3105,23-03-2021
Hydro,112,33,96,38,9,287,23-03-2021
Nuclear,27,18,41,0,0,86,23-03-2021
"Gas, Naptha & Diesel",30,53,16,0,24,122,23-03-2021
"RES (Wind, Solar, Biomass & Others)",89,84,181,5,0,358,23-03-2021
Total,819,1588,971,593,49,4020,23-03-2021
Total,856,1602,983,603,48,4091,24-03-2021
"RES (Wind, Solar, Biomass & Others)",95,87,178,5,0,366,24-03-2021
"Gas, Naptha & Diesel",32,45,16,0,24,117,24-03-2021
Nuclear,27,21,41,0,0,89,24-03-2021
Hydro,112,38,89,34,8,282,24-03-2021
Lignite,19,11,32,0,0,62,24-03-2021
Coal,570,1400,626,564,15,3176,24-03-2021
Total,881,1635,993,581,47,4137,25-03-2021
Coal,610,1423,632,542,16,3222,25-03-2021
Lignite,22,11,34,0,0,67,25-03-2021
Hydro,105,44,102,34,8,294,25-03-2021
Nuclear,27,27,41,0,0,96,25-03-2021
"RES (Wind, Solar, Biomass & Others)",84,90,169,5,0,349,25-03-2021
"Gas, Naptha & Diesel",32,40,16,0,23,111,25-03-2021
"RES (Wind, Solar, Biomass & Others)",88,94,170,5,0,358,26-03-2021
"Gas, Naptha & Diesel",33,55,16,0,24,128,26-03-2021
Nuclear,27,29,41,0,0,98,26-03-2021
Hydro,104,51,103,38,4,300,26-03-2021
Lignite,22,11,37,0,0,70,26-03-2021
Coal,600,1410,631,546,14,3201,26-03-2021
Total,874,1651,998,589,42,4154,26-03-2021
"Gas, Naptha & Diesel",32,55,17,0,24,127,27-03-2021
Coal,602,1399,635,578,11,3225,27-03-2021
Lignite,22,10,36,0,0,69,27-03-2021
Hydro,100,57,98,33,4,291,27-03-2021
Nuclear,27,27,41,0,0,95,27-03-2021
Total,878,1633,992,616,39,4157,27-03-2021
"RES (Wind, Solar, Biomass & Others)",95,84,165,5,0,350,27-03-2021
Hydro,102,48,67,32,4,253,28-03-2021
Coal,543,1373,615,589,9,3128,28-03-2021
Nuclear,27,25,41,0,0,93,28-03-2021
"Gas, Naptha & Diesel",27,33,16,0,24,99,28-03-2021
"RES (Wind, Solar, Biomass & Others)",126,96,157,5,0,385,28-03-2021
Total,845,1586,934,626,38,4029,28-03-2021
Lignite,22,10,38,0,0,70,28-03-2021
Hydro,108,36,63,32,4,243,29-03-2021
Nuclear,27,41,42,0,0,109,29-03-2021
"RES (Wind, Solar, Biomass & Others)",115,121,163,5,0,404,29-03-2021
Coal,492,1251,604,504,10,2861,29-03-2021
Lignite,22,10,43,0,0,75,29-03-2021
"Gas, Naptha & Diesel",27,28,15,0,24,93,29-03-2021
Total,791,1487,929,541,38,3785,29-03-2021
Nuclear,27,25,41,0,0,93,30-03-2021
"Gas, Naptha & Diesel",26,34,15,0,24,100,30-03-2021
Hydro,112,44,69,33,4,262,30-03-2021
Lignite,20,10,44,0,0,75,30-03-2021
Coal,510,1311,594,531,10,2955,30-03-2021
"RES (Wind, Solar, Biomass & Others)",110,129,193,5,0,436,30-03-2021
Total,805,1553,957,568,38,3921,30-03-2021
Coal,537,1357,613,569,11,3086,31-03-2021
Lignite,22,11,45,0,0,78,31-03-2021
"RES (Wind, Solar, Biomass & Others)",115,136,214,5,0,470,31-03-2021
Hydro,116,43,69,34,6,268,31-03-2021
Nuclear,27,25,41,0,0,93,31-03-2021
"Gas, Naptha & Diesel",27,46,15,0,24,112,31-03-2021
Total,844,1617,997,608,41,4107,31-03-2021
Hydro,109,55,76,51,9,300,01-04-2021
Lignite,23,11,42,0,0,75,01-04-2021
"Gas, Naptha & Diesel",29,46,11,0,19,105,01-04-2021
Nuclear,27,21,41,0,0,89,01-04-2021
"RES (Wind, Solar, Biomass & Others)",85,99,235,5,0,424,01-04-2021
Coal,528,1395,633,522,13,3090,01-04-2021
Total,800,1626,1038,579,41,4083,01-04-2021
Total,834,1659,1038,561,46,4137,02-04-2021
"RES (Wind, Solar, Biomass & Others)",82,95,232,5,0,414,02-04-2021
"Gas, Naptha & Diesel",33,48,12,0,23,115,02-04-2021
Nuclear,27,21,42,0,0,90,02-04-2021
Hydro,108,60,81,49,8,307,02-04-2021
Lignite,23,9,41,0,0,73,02-04-2021
Coal,562,1426,631,507,14,3140,02-04-2021
Lignite,23,8,41,0,0,72,03-04-2021
Coal,564,1444,625,528,15,3177,03-04-2021
Hydro,103,65,79,37,8,292,03-04-2021
Nuclear,27,21,42,0,0,89,03-04-2021
"RES (Wind, Solar, Biomass & Others)",87,87,246,5,0,425,03-04-2021
Total,837,1676,1045,571,47,4176,03-04-2021
"Gas, Naptha & Diesel",33,51,13,0,23,121,03-04-2021
Nuclear,27,23,44,0,0,94,04-04-2021
Hydro,108,46,71,34,7,265,04-04-2021
Coal,534,1416,607,533,13,3103,04-04-2021
"Gas, Naptha & Diesel",32,46,13,0,23,115,04-04-2021
"RES (Wind, Solar, Biomass & Others)",85,92,208,5,0,391,04-04-2021
Total,810,1632,982,572,44,4040,04-04-2021
Lignite,24,9,39,0,0,72,04-04-2021
Lignite,25,9,36,0,0,70,05-04-2021
Coal,553,1436,653,540,15,3197,05-04-2021
"RES (Wind, Solar, Biomass & Others)",102,110,174,5,0,392,05-04-2021
Total,846,1680,1016,581,46,4170,05-04-2021
Hydro,107,49,95,36,7,293,05-04-2021
Nuclear,26,28,46,0,0,101,05-04-2021
"Gas, Naptha & Diesel",33,46,13,0,24,117,05-04-2021
Total,850,1705,1038,579,43,4215,07-04-2021
Lignite,22,9,41,0,0,72,07-04-2021
Coal,570,1425,681,533,17,3226,07-04-2021
Hydro,113,72,94,40,6,325,07-04-2021
Nuclear,28,29,46,0,0,103,07-04-2021
"Gas, Naptha & Diesel",33,72,13,0,21,138,07-04-2021
"RES (Wind, Solar, Biomass & Others)",84,99,162,5,0,350,07-04-2021
Nuclear,31,24,43,0,0,99,08-04-2021
Hydro,115,68,85,38,5,310,08-04-2021
Lignite,21,9,44,0,0,75,08-04-2021
"RES (Wind, Solar, Biomass & Others)",86,88,165,4,0,343,08-04-2021
"Gas, Naptha & Diesel",36,88,13,0,12,149,08-04-2021
Total,885,1703,1033,597,34,4252,08-04-2021
Coal,596,1426,684,554,17,3277,08-04-2021
Nuclear,32,34,43,0,0,108,09-04-2021
"Gas, Naptha & Diesel",35,73,13,0,13,133,09-04-2021
"RES (Wind, Solar, Biomass & Others)",79,97,170,5,0,352,09-04-2021
Coal,583,1428,659,569,16,3256,09-04-2021
Total,859,1695,1014,606,38,4211,09-04-2021
Lignite,19,9,45,0,0,73,09-04-2021
Hydro,110,54,84,32,9,289,09-04-2021
Total,860,1656,1004,613,35,4168,10-04-2021
"RES (Wind, Solar, Biomass & Others)",83,105,171,5,0,363,10-04-2021
"Gas, Naptha & Diesel",35,54,12,0,12,112,10-04-2021
Nuclear,32,34,43,0,0,108,10-04-2021
Hydro,106,42,80,38,8,274,10-04-2021
Lignite,21,11,44,0,0,76,10-04-2021
Coal,584,1411,655,569,15,3235,10-04-2021
Coal,583,1361,632,561,13,3150,11-04-2021
Total,852,1576,958,604,35,4025,11-04-2021
"RES (Wind, Solar, Biomass & Others)",85,98,168,5,0,357,11-04-2021
"Gas, Naptha & Diesel",30,45,11,0,13,99,11-04-2021
Nuclear,32,23,43,0,0,97,11-04-2021
Lignite,22,11,36,0,0,69,11-04-2021
Hydro,100,38,68,38,9,253,11-04-2021
Hydro,108,47,71,40,9,275,12-04-2021
Coal,605,1415,665,541,14,3241,12-04-2021
"RES (Wind, Solar, Biomass & Others)",75,96,163,5,0,340,12-04-2021
Lignite,22,11,36,0,0,70,12-04-2021
"Gas, Naptha & Diesel",30,50,11,0,15,106,12-04-2021
Total,873,1643,989,586,38,4129,12-04-2021
Nuclear,31,23,43,0,0,97,12-04-2021
"Gas, Naptha & Diesel",32,48,12,0,15,107,13-04-2021
Coal,629,1445,653,551,15,3293,13-04-2021
Lignite,23,9,36,0,0,68,13-04-2021
Hydro,105,37,63,39,7,251,13-04-2021
Total,898,1648,957,595,38,4136,13-04-2021
Nuclear,31,23,43,0,0,97,13-04-2021
"RES (Wind, Solar, Biomass & Others)",78,85,152,5,0,321,13-04-2021
"Gas, Naptha & Diesel",37,44,12,0,16,109,14-04-2021
Total,889,1638,904,587,40,4057,14-04-2021
"RES (Wind, Solar, Biomass & Others)",100,104,155,5,0,364,14-04-2021
Nuclear,31,33,43,0,0,107,14-04-2021
Coal,595,1413,599,546,12,3165,14-04-2021
Lignite,22,8,37,0,0,67,14-04-2021
Hydro,104,37,58,36,12,246,14-04-2021
Total,876,1649,874,596,38,4034,15-04-2021
Nuclear,31,33,42,0,0,107,15-04-2021
"Gas, Naptha & Diesel",37,40,11,0,15,103,15-04-2021
Hydro,102,38,58,40,11,249,15-04-2021
"RES (Wind, Solar, Biomass & Others)",92,103,156,5,0,356,15-04-2021
Lignite,22,8,39,0,0,68,15-04-2021
Coal,592,1427,568,551,13,3151,15-04-2021
"Gas, Naptha & Diesel",36,36,11,0,15,99,16-04-2021
Coal,568,1427,593,559,15,3162,16-04-2021
Hydro,102,38,64,40,9,252,16-04-2021
Lignite,19,8,41,0,0,68,16-04-2021
"RES (Wind, Solar, Biomass & Others)",87,110,166,5,0,367,16-04-2021
Nuclear,31,33,42,0,0,107,16-04-2021
Total,843,1652,918,603,39,4055,16-04-2021
Lignite,17,8,45,0,0,70,17-04-2021
Total,811,1636,904,589,36,3975,17-04-2021
Coal,542,1424,552,547,11,3075,17-04-2021
"Gas, Naptha & Diesel",38,38,11,0,15,102,17-04-2021
Nuclear,31,23,42,0,0,97,17-04-2021
Hydro,104,41,83,38,10,275,17-04-2021
"RES (Wind, Solar, Biomass & Others)",79,102,170,5,0,357,17-04-2021
Total,835,1593,877,592,40,3937,18-04-2021
Coal,558,1387,540,551,12,3048,18-04-2021
Lignite,20,9,43,0,0,71,18-04-2021
Hydro,109,40,64,36,12,261,18-04-2021
Nuclear,31,33,43,0,0,107,18-04-2021
"Gas, Naptha & Diesel",38,35,11,0,16,100,18-04-2021
"RES (Wind, Solar, Biomass & Others)",80,90,175,5,0,350,18-04-2021
Lignite,21,8,45,0,0,73,19-04-2021
"RES (Wind, Solar, Biomass & Others)",81,113,216,6,0,416,19-04-2021
"Gas, Naptha & Diesel",38,42,11,0,13,104,19-04-2021
Total,862,1621,928,629,40,4080,19-04-2021
Nuclear,31,16,43,0,0,89,19-04-2021
Hydro,109,54,72,48,11,294,19-04-2021
Coal,582,1389,542,576,15,3103,19-04-2021
Hydro,111,44,67,44,11,277,20-04-2021
Total,871,1642,914,633,41,4101,20-04-2021
Coal,582,1403,571,583,15,3154,20-04-2021
Nuclear,31,11,43,0,0,84,20-04-2021
"Gas, Naptha & Diesel",38,49,11,0,15,113,20-04-2021
"RES (Wind, Solar, Biomass & Others)",90,126,179,5,0,401,20-04-2021
Lignite,19,9,44,0,0,72,20-04-2021
"Gas, Naptha & Diesel",38,49,10,0,14,111,21-04-2021
Total,830,1622,910,615,38,4013,21-04-2021
"RES (Wind, Solar, Biomass & Others)",82,96,177,5,0,360,21-04-2021
Hydro,113,51,79,39,12,294,21-04-2021
Lignite,19,11,41,0,0,72,21-04-2021
Coal,547,1403,560,570,11,3091,21-04-2021
Nuclear,31,11,42,0,0,85,21-04-2021
Lignite,20,11,40,0,0,70,23-04-2021
Hydro,141,45,71,41,11,309,23-04-2021
"Gas, Naptha & Diesel",35,37,11,0,13,97,23-04-2021
Nuclear,28,20,43,0,0,91,23-04-2021
Total,839,1608,854,590,32,3923,23-04-2021
"RES (Wind, Solar, Biomass & Others)",104,135,168,5,0,413,23-04-2021
Coal,511,1359,522,543,9,2944,23-04-2021
"RES (Wind, Solar, Biomass & Others)",98,94,154,5,0,351,24-04-2021
"Gas, Naptha & Diesel",37,38,11,0,13,98,24-04-2021
Nuclear,30,21,49,0,0,100,24-04-2021
Hydro,147,46,72,44,10,318,24-04-2021
Lignite,24,11,45,0,0,80,24-04-2021
Coal,518,1390,520,547,12,2987,24-04-2021
Total,853,1600,852,596,35,3935,24-04-2021
Coal,512,1349,501,532,12,2906,25-04-2021
Lignite,21,11,44,0,0,76,25-04-2021
Hydro,139,44,70,42,8,303,25-04-2021
Total,832,1560,839,579,34,3843,25-04-2021
Nuclear,32,31,54,0,0,116,25-04-2021
"RES (Wind, Solar, Biomass & Others)",94,87,160,5,0,346,25-04-2021
"Gas, Naptha & Diesel",34,38,11,0,14,96,25-04-2021
"Gas, Naptha & Diesel",35,49,11,0,18,113,26-04-2021
Coal,549,1406,542,563,13,3072,26-04-2021
Lignite,21,11,45,0,0,78,26-04-2021
Hydro,139,38,70,44,8,300,26-04-2021
Nuclear,31,33,56,0,0,120,26-04-2021
"RES (Wind, Solar, Biomass & Others)",84,85,167,5,0,341,26-04-2021
Total,860,1622,891,612,40,4024,26-04-2021
Coal,555,1397,571,566,13,3102,27-04-2021
Lignite,20,12,46,0,0,77,27-04-2021
Hydro,141,41,69,45,9,306,27-04-2021
"RES (Wind, Solar, Biomass & Others)",85,84,173,6,0,348,27-04-2021
Total,868,1618,928,618,43,4075,27-04-2021
Nuclear,31,32,59,0,0,122,27-04-2021
"Gas, Naptha & Diesel",36,53,11,0,20,120,27-04-2021
"Gas, Naptha & Diesel",36,74,11,0,21,142,28-04-2021
"RES (Wind, Solar, Biomass & Others)",91,92,172,6,0,361,28-04-2021
Coal,584,1383,562,574,13,3116,28-04-2021
Nuclear,26,28,59,0,0,113,28-04-2021
Hydro,141,48,74,46,9,318,28-04-2021
Total,897,1636,923,626,44,4125,28-04-2021
Lignite,19,11,44,0,0,75,28-04-2021
Nuclear,22,28,59,0,0,109,29-04-2021
Total,895,1637,932,619,43,4126,29-04-2021
"RES (Wind, Solar, Biomass & Others)",86,88,178,5,0,357,29-04-2021
"Gas, Naptha & Diesel",35,68,11,0,22,136,29-04-2021
Hydro,156,53,74,44,7,334,29-04-2021
Coal,577,1391,567,569,13,3117,29-04-2021
Lignite,20,10,43,0,0,73,29-04-2021
Hydro,149,54,71,40,10,323,30-04-2021
Nuclear,21,28,59,0,0,109,30-04-2021
"Gas, Naptha & Diesel",34,67,11,0,23,134,30-04-2021
"RES (Wind, Solar, Biomass & Others)",78,96,156,5,0,335,30-04-2021
Total,869,1637,909,611,45,4071,30-04-2021
Lignite,22,10,50,0,0,82,30-04-2021
Coal,565,1382,563,566,12,3089,30-04-2021
"Gas, Naptha & Diesel",34,52,11,0,22,118,01-05-2021
Nuclear,25,28,59,0,0,112,01-05-2021
Hydro,159,41,59,40,10,308,01-05-2021
"RES (Wind, Solar, Biomass & Others)",87,82,156,5,0,330,01-05-2021
Lignite,22,10,48,0,0,80,01-05-2021
Coal,541,1336,515,548,12,2951,01-05-2021
Total,868,1547,848,592,44,3899,01-05-2021
"Gas, Naptha & Diesel",34,46,11,0,23,113,02-05-2021
"RES (Wind, Solar, Biomass & Others)",81,78,150,5,0,314,02-05-2021
Coal,521,1292,511,539,11,2874,02-05-2021
Lignite,19,8,48,0,0,75,02-05-2021
Nuclear,26,28,59,0,0,113,02-05-2021
Total,839,1489,838,579,43,3788,02-05-2021
Hydro,158,37,59,36,10,299,02-05-2021
Total,865,1516,867,572,41,3861,03-05-2021
"RES (Wind, Solar, Biomass & Others)",95,100,153,5,0,353,03-05-2021
"Gas, Naptha & Diesel",28,46,11,0,23,108,03-05-2021
Hydro,171,41,64,37,9,322,03-05-2021
Nuclear,26,28,59,0,0,113,03-05-2021
Coal,524,1292,529,530,10,2885,03-05-2021
Lignite,21,8,50,0,0,80,03-05-2021
"Gas, Naptha & Diesel",28,49,12,0,21,111,04-05-2021
Nuclear,30,28,59,0,0,117,04-05-2021
Hydro,182,48,67,40,10,348,04-05-2021
Coal,525,1325,528,512,10,2900,04-05-2021
Total,885,1556,857,558,41,3897,04-05-2021
"RES (Wind, Solar, Biomass & Others)",98,98,142,5,0,343,04-05-2021
Lignite,22,8,48,0,0,78,04-05-2021
"RES (Wind, Solar, Biomass & Others)",88,122,149,5,0,364,05-05-2021
Total,874,1581,851,555,45,3907,05-05-2021
Coal,501,1317,520,503,10,2851,05-05-2021
"Gas, Naptha & Diesel",29,51,12,0,24,116,05-05-2021
Nuclear,31,28,59,0,0,118,05-05-2021
Hydro,203,55,62,48,12,380,05-05-2021
Lignite,22,8,47,0,0,77,05-05-2021
"Gas, Naptha & Diesel",28,52,13,0,24,116,06-05-2021
Nuclear,31,28,59,0,0,118,06-05-2021
Hydro,196,62,76,66,16,414,06-05-2021
Lignite,19,8,49,0,0,76,06-05-2021
Total,880,1529,852,572,50,3883,06-05-2021
Coal,518,1267,507,501,10,2803,06-05-2021
"RES (Wind, Solar, Biomass & Others)",88,113,148,5,0,355,06-05-2021
Lignite,19,10,50,0,0,79,07-05-2021
Hydro,189,61,71,58,13,391,07-05-2021
Nuclear,31,28,59,0,0,118,07-05-2021
"Gas, Naptha & Diesel",28,52,13,0,23,117,07-05-2021
"RES (Wind, Solar, Biomass & Others)",79,97,147,5,0,328,07-05-2021
Total,842,1483,858,583,47,3814,07-05-2021
Coal,497,1236,518,519,11,2781,07-05-2021
Nuclear,31,26,59,0,0,116,08-05-2021
"Gas, Naptha & Diesel",28,56,13,0,23,122,08-05-2021
Hydro,189,61,72,51,16,389,08-05-2021
"RES (Wind, Solar, Biomass & Others)",66,88,153,5,0,312,08-05-2021
Coal,539,1248,519,544,13,2863,08-05-2021
Lignite,22,12,49,0,0,83,08-05-2021
Total,874,1492,866,601,52,3884,08-05-2021
"RES (Wind, Solar, Biomass & Others)",84,103,144,5,0,336,09-05-2021
Nuclear,31,18,60,0,0,109,09-05-2021
Hydro,174,59,69,53,15,369,09-05-2021
"Gas, Naptha & Diesel",27,52,14,0,23,116,09-05-2021
Lignite,20,12,48,0,0,80,09-05-2021
Coal,503,1196,497,531,11,2738,09-05-2021
Total,839,1440,831,588,49,3748,09-05-2021
Nuclear,31,16,63,0,0,110,10-05-2021
Hydro,184,44,63,54,15,360,10-05-2021
"Gas, Naptha & Diesel",27,49,13,0,24,113,10-05-2021
Total,847,1484,819,596,49,3795,10-05-2021
"RES (Wind, Solar, Biomass & Others)",87,127,140,5,0,359,10-05-2021
Coal,498,1238,491,537,10,2774,10-05-2021
Lignite,20,10,50,0,0,79,10-05-2021
Total,862,1493,797,573,53,3779,11-05-2021
Lignite,19,10,47,0,0,75,11-05-2021
Hydro,198,39,56,51,18,362,11-05-2021
"Gas, Naptha & Diesel",27,48,11,0,24,110,11-05-2021
"RES (Wind, Solar, Biomass & Others)",94,150,168,5,0,417,11-05-2021
Nuclear,31,16,64,0,0,111,11-05-2021
Coal,493,1230,452,517,10,2702,11-05-2021
Hydro,201,61,55,61,17,395,12-05-2021
Coal,459,1185,423,484,9,2560,12-05-2021
Lignite,21,10,44,0,0,75,12-05-2021
Total,839,1496,758,550,49,3692,12-05-2021
"RES (Wind, Solar, Biomass & Others)",100,177,168,5,0,450,12-05-2021
"Gas, Naptha & Diesel",28,47,12,0,23,109,12-05-2021
Nuclear,31,16,57,0,0,103,12-05-2021
Nuclear,31,16,56,0,0,103,13-05-2021
"Gas, Naptha & Diesel",30,43,11,0,23,106,13-05-2021
"RES (Wind, Solar, Biomass & Others)",111,175,176,5,0,467,13-05-2021
Total,818,1470,742,519,45,3595,13-05-2021
Hydro,212,67,65,71,16,433,13-05-2021
Coal,412,1158,396,443,6,2415,13-05-2021
Lignite,23,11,38,0,0,71,13-05-2021
"RES (Wind, Solar, Biomass & Others)",86,107,205,5,0,403,14-05-2021
Nuclear,31,16,57,0,0,104,14-05-2021
Hydro,202,70,58,68,18,417,14-05-2021
Lignite,22,11,38,0,0,71,14-05-2021
Coal,462,1197,424,502,7,2592,14-05-2021
Total,833,1443,793,575,48,3693,14-05-2021
"Gas, Naptha & Diesel",30,42,11,0,23,106,14-05-2021
Total,838,1433,774,576,46,3666,15-05-2021
"RES (Wind, Solar, Biomass & Others)",85,90,207,5,0,387,15-05-2021
"Gas, Naptha & Diesel",30,41,10,0,22,103,15-05-2021
Nuclear,31,20,64,0,0,115,15-05-2021
Hydro,195,58,54,58,16,382,15-05-2021
Lignite,22,11,42,0,0,74,15-05-2021
Coal,476,1213,398,512,7,2606,15-05-2021
"RES (Wind, Solar, Biomass & Others)",104,160,228,5,0,498,16-05-2021
Total,834,1351,741,537,43,3506,16-05-2021
Nuclear,31,27,65,0,0,123,16-05-2021
Lignite,21,10,39,0,0,70,16-05-2021
Coal,471,1070,340,478,6,2365,16-05-2021
"Gas, Naptha & Diesel",30,37,11,0,22,101,16-05-2021
Hydro,178,46,57,54,15,350,16-05-2021
Coal,482,1009,347,486,7,2331,17-05-2021
Hydro,182,43,78,54,14,370,17-05-2021
Nuclear,30,28,65,0,0,124,17-05-2021
"Gas, Naptha & Diesel",32,36,12,0,22,102,17-05-2021
"RES (Wind, Solar, Biomass & Others)",96,209,233,5,0,544,17-05-2021
Total,844,1333,777,545,43,3542,17-05-2021
Lignite,21,8,42,0,0,71,17-05-2021
Total,791,1240,766,536,43,3376,18-05-2021
"Gas, Naptha & Diesel",30,27,12,0,20,89,18-05-2021
Nuclear,31,28,66,0,0,125,18-05-2021
Hydro,185,45,69,60,15,375,18-05-2021
Lignite,19,7,39,0,0,66,18-05-2021
Coal,449,983,343,471,7,2252,18-05-2021
"RES (Wind, Solar, Biomass & Others)",77,150,237,5,0,469,18-05-2021
Hydro,179,44,77,74,20,394,19-05-2021
Nuclear,31,28,66,0,0,125,19-05-2021
"Gas, Naptha & Diesel",26,31,12,0,19,89,19-05-2021
Coal,391,959,327,471,7,2155,19-05-2021
Lignite,20,10,35,0,0,65,19-05-2021
Total,717,1193,737,551,46,3243,19-05-2021
"RES (Wind, Solar, Biomass & Others)",69,120,220,5,0,415,19-05-2021
Coal,353,972,347,452,6,2129,20-05-2021
"RES (Wind, Solar, Biomass & Others)",95,124,207,5,0,430,20-05-2021
"Gas, Naptha & Diesel",16,31,12,0,22,81,20-05-2021
Hydro,198,56,73,82,20,430,20-05-2021
Nuclear,32,28,66,0,0,125,20-05-2021
Total,714,1222,741,539,48,3264,20-05-2021
Lignite,20,11,36,0,0,68,20-05-2021
Coal,356,1003,342,463,3,2167,21-05-2021
Lignite,21,10,39,0,0,70,21-05-2021
Hydro,211,58,74,89,19,450,21-05-2021
Nuclear,31,31,66,0,0,128,21-05-2021
"Gas, Naptha & Diesel",16,24,13,0,23,76,21-05-2021
Total,745,1282,731,557,46,3362,21-05-2021
"RES (Wind, Solar, Biomass & Others)",110,157,199,5,0,471,21-05-2021
Hydro,208,61,77,85,19,450,22-05-2021
Total,739,1329,746,583,48,3445,22-05-2021
Nuclear,31,33,66,0,0,130,22-05-2021
"Gas, Naptha & Diesel",17,23,13,0,23,76,22-05-2021
"RES (Wind, Solar, Biomass & Others)",83,144,189,5,0,422,22-05-2021
Lignite,23,11,43,0,0,77,22-05-2021
Coal,377,1056,358,493,6,2291,22-05-2021
"Gas, Naptha & Diesel",18,22,11,0,23,73,23-05-2021
Coal,395,1049,360,499,8,2310,23-05-2021
Lignite,22,10,45,0,0,77,23-05-2021
Hydro,198,55,78,79,15,425,23-05-2021
Nuclear,31,33,66,0,0,130,23-05-2021
Total,756,1298,786,583,46,3469,23-05-2021
"RES (Wind, Solar, Biomass & Others)",92,130,226,5,0,453,23-05-2021
Coal,420,1080,369,523,7,2400,24-05-2021
Lignite,27,11,46,0,0,85,24-05-2021
Hydro,193,66,85,83,13,439,24-05-2021
Nuclear,31,33,66,0,0,130,24-05-2021
"Gas, Naptha & Diesel",17,25,12,0,22,76,24-05-2021
"RES (Wind, Solar, Biomass & Others)",81,126,251,5,0,463,24-05-2021
Total,769,1341,829,611,43,3593,24-05-2021
Coal,429,1075,365,486,7,2362,25-05-2021
Lignite,25,10,48,0,0,83,25-05-2021
Hydro,189,58,72,77,14,410,25-05-2021
Total,787,1378,820,567,43,3595,25-05-2021
"RES (Wind, Solar, Biomass & Others)",94,173,265,5,0,536,25-05-2021
"Gas, Naptha & Diesel",20,29,12,0,21,82,25-05-2021
Nuclear,31,33,58,0,0,121,25-05-2021
Coal,439,1063,329,435,7,2273,26-05-2021
Lignite,24,11,50,0,0,85,26-05-2021
Hydro,194,40,60,82,15,391,26-05-2021
"RES (Wind, Solar, Biomass & Others)",96,229,305,5,0,634,26-05-2021
"Gas, Naptha & Diesel",23,30,13,0,22,87,26-05-2021
Total,806,1406,800,522,44,3577,26-05-2021
Nuclear,30,33,43,0,0,106,26-05-2021
Coal,432,1077,318,416,7,2249,27-05-2021
Lignite,24,11,49,0,0,83,27-05-2021
Hydro,202,40,71,113,22,449,27-05-2021
Nuclear,29,33,44,0,0,106,27-05-2021
"Gas, Naptha & Diesel",24,30,13,0,23,89,27-05-2021
"RES (Wind, Solar, Biomass & Others)",96,207,329,5,0,637,27-05-2021
Total,806,1398,824,533,52,3613,27-05-2021
Total,846,1414,852,559,58,3728,28-05-2021
"Gas, Naptha & Diesel",24,34,13,0,24,94,28-05-2021
Nuclear,30,25,56,0,0,110,28-05-2021
Hydro,227,59,92,125,26,528,28-05-2021
Lignite,23,11,52,0,0,86,28-05-2021
Coal,431,1122,339,429,8,2329,28-05-2021
"RES (Wind, Solar, Biomass & Others)",111,165,301,5,0,582,28-05-2021
"RES (Wind, Solar, Biomass & Others)",105,151,267,5,0,528,29-05-2021
Total,874,1446,848,609,54,3831,29-05-2021
Nuclear,30,20,65,0,0,115,29-05-2021
"Gas, Naptha & Diesel",24,42,12,0,24,102,29-05-2021
Lignite,22,12,54,0,0,88,29-05-2021
Coal,450,1153,359,481,11,2454,29-05-2021
Hydro,243,69,91,123,19,545,29-05-2021
Coal,418,1109,343,473,11,2353,30-05-2021
Lignite,20,12,48,0,0,80,30-05-2021
Hydro,265,48,75,111,16,515,30-05-2021
Nuclear,30,25,66,0,0,121,30-05-2021
"Gas, Naptha & Diesel",23,35,12,0,24,93,30-05-2021
"RES (Wind, Solar, Biomass & Others)",111,156,273,5,0,545,30-05-2021
Total,866,1385,817,589,50,3707,30-05-2021
Coal,425,1090,427,534,8,2484,02-06-2021
Lignite,22,9,51,0,0,83,02-06-2021
Hydro,241,53,75,106,22,497,02-06-2021
Nuclear,27,33,62,0,0,122,02-06-2021
"Gas, Naptha & Diesel",25,48,13,0,25,111,02-06-2021
"RES (Wind, Solar, Biomass & Others)",95,129,194,5,0,424,02-06-2021
Total,835,1363,822,645,56,3720,02-06-2021
Hydro,237,57,66,105,21,486,03-06-2021
Nuclear,27,33,60,0,0,119,03-06-2021
"Gas, Naptha & Diesel",28,42,13,0,24,108,03-06-2021
"RES (Wind, Solar, Biomass & Others)",88,111,134,5,0,339,03-06-2021
Coal,445,1113,468,554,12,2592,03-06-2021
Lignite,22,9,55,0,0,86,03-06-2021
Total,847,1365,797,665,57,3731,03-06-2021
Total,859,1397,804,651,60,3771,04-06-2021
"RES (Wind, Solar, Biomass & Others)",74,89,142,5,0,311,04-06-2021
"Gas, Naptha & Diesel",29,49,12,0,25,116,04-06-2021
Coal,469,1159,472,546,16,2662,04-06-2021
Hydro,238,58,64,100,19,479,04-06-2021
Lignite,21,10,53,0,0,84,04-06-2021
Nuclear,27,33,61,0,0,120,04-06-2021
Coal,469,1148,437,522,11,2587,05-06-2021
Lignite,19,9,48,0,0,76,05-06-2021
Total,879,1352,774,626,60,3690,05-06-2021
"RES (Wind, Solar, Biomass & Others)",81,83,156,5,0,326,05-06-2021
"Gas, Naptha & Diesel",32,40,13,0,24,109,05-06-2021
Nuclear,27,33,65,0,0,125,05-06-2021
Hydro,250,39,55,98,25,468,05-06-2021
Coal,474,1119,399,492,11,2495,06-06-2021
Lignite,22,9,46,0,0,77,06-06-2021
"Gas, Naptha & Diesel",33,32,13,0,24,102,06-06-2021
Nuclear,27,33,66,0,0,125,06-06-2021
"RES (Wind, Solar, Biomass & Others)",85,80,170,5,0,341,06-06-2021
Total,884,1318,748,594,63,3607,06-06-2021
Hydro,244,45,54,97,27,467,06-06-2021
Hydro,270,52,62,106,31,521,07-06-2021
Total,972,1368,839,624,68,3871,07-06-2021
"RES (Wind, Solar, Biomass & Others)",117,128,229,6,0,481,07-06-2021
Coal,506,1111,417,512,12,2559,07-06-2021
Lignite,23,9,51,0,0,82,07-06-2021
Nuclear,26,33,66,0,0,125,07-06-2021
"Gas, Naptha & Diesel",30,36,13,0,25,104,07-06-2021
Total,1028,1413,861,628,66,3995,08-06-2021
Hydro,299,51,62,92,31,534,08-06-2021
Nuclear,26,33,65,0,0,124,08-06-2021
"Gas, Naptha & Diesel",33,37,12,0,23,105,08-06-2021
"RES (Wind, Solar, Biomass & Others)",131,165,273,5,0,575,08-06-2021
Lignite,22,9,50,0,0,82,08-06-2021
Coal,517,1118,399,530,12,2576,08-06-2021
"RES (Wind, Solar, Biomass & Others)",132,188,307,5,0,632,09-06-2021
Nuclear,25,33,66,0,0,124,09-06-2021
Hydro,319,50,62,101,31,563,09-06-2021
"Gas, Naptha & Diesel",34,37,13,0,23,107,09-06-2021
Coal,545,1078,368,512,11,2515,09-06-2021
Total,1080,1396,866,617,65,4025,09-06-2021
Lignite,25,10,50,0,0,85,09-06-2021
Lignite,21,10,50,0,0,81,10-06-2021
Hydro,326,46,58,100,26,556,10-06-2021
Coal,530,1041,359,519,12,2461,10-06-2021
"Gas, Naptha & Diesel",25,44,13,0,25,106,10-06-2021
"RES (Wind, Solar, Biomass & Others)",132,198,331,5,0,666,10-06-2021
Nuclear,29,33,66,0,0,127,10-06-2021
Total,1063,1372,877,624,63,3998,10-06-2021
Lignite,21,10,43,0,0,74,11-06-2021
Total,1045,1338,869,572,60,3883,11-06-2021
Hydro,338,49,66,97,25,575,11-06-2021
Nuclear,30,33,66,0,0,128,11-06-2021
"Gas, Naptha & Diesel",26,38,13,0,24,101,11-06-2021
"RES (Wind, Solar, Biomass & Others)",132,202,349,5,0,688,11-06-2021
Coal,498,1006,333,470,11,2317,11-06-2021
Coal,485,994,318,478,9,2285,12-06-2021
Lignite,22,10,45,0,0,77,12-06-2021
Hydro,342,53,65,112,20,591,12-06-2021
Nuclear,30,33,66,0,0,128,12-06-2021
"Gas, Naptha & Diesel",30,36,13,0,24,103,12-06-2021
"RES (Wind, Solar, Biomass & Others)",123,191,345,5,0,664,12-06-2021
Total,1032,1316,851,595,54,3848,12-06-2021
"RES (Wind, Solar, Biomass & Others)",111,185,335,5,0,636,13-06-2021
"Gas, Naptha & Diesel",28,30,13,0,23,94,13-06-2021
Nuclear,30,32,66,0,0,128,13-06-2021
Hydro,347,47,66,121,25,606,13-06-2021
Total,979,1260,810,562,57,3670,13-06-2021
Coal,444,955,288,436,10,2133,13-06-2021
Lignite,20,11,42,0,0,73,13-06-2021
Hydro,344,65,75,124,27,636,14-06-2021
Coal,475,1037,309,492,11,2324,14-06-2021
Lignite,26,11,49,0,0,85,14-06-2021
Nuclear,30,32,66,0,0,128,14-06-2021
"Gas, Naptha & Diesel",27,38,13,0,23,101,14-06-2021
"RES (Wind, Solar, Biomass & Others)",97,174,334,5,0,610,14-06-2021
Total,999,1357,845,621,61,3883,14-06-2021
Lignite,24,9,51,0,0,84,15-06-2021
Coal,456,1021,335,482,10,2305,15-06-2021
"Gas, Naptha & Diesel",28,39,13,0,23,103,15-06-2021
Hydro,336,58,79,119,24,616,15-06-2021
Nuclear,30,32,66,0,0,128,15-06-2021
"RES (Wind, Solar, Biomass & Others)",119,202,330,5,0,655,15-06-2021
Total,993,1361,873,606,57,3890,15-06-2021
Total,962,1364,875,607,57,3865,16-06-2021
"RES (Wind, Solar, Biomass & Others)",88,175,320,5,0,587,16-06-2021
"Gas, Naptha & Diesel",23,33,13,0,23,92,16-06-2021
Nuclear,30,32,60,0,0,123,16-06-2021
Hydro,341,62,81,123,24,631,16-06-2021
Lignite,27,9,52,0,0,88,16-06-2021
Coal,454,1052,350,479,10,2344,16-06-2021
"Gas, Naptha & Diesel",24,30,13,0,23,90,17-06-2021
Coal,484,1058,358,479,11,2389,17-06-2021
Lignite,26,11,52,0,0,88,17-06-2021
"RES (Wind, Solar, Biomass & Others)",69,126,343,5,0,544,17-06-2021
Nuclear,31,33,58,0,0,122,17-06-2021
Hydro,341,56,90,116,23,625,17-06-2021
Total,974,1314,914,599,57,3858,17-06-2021
Hydro,324,57,99,109,22,611,18-06-2021
Lignite,25,10,53,0,0,88,18-06-2021
Coal,489,1063,378,479,11,2419,18-06-2021
Nuclear,31,32,57,0,0,120,18-06-2021
"Gas, Naptha & Diesel",23,30,13,0,25,92,18-06-2021
"RES (Wind, Solar, Biomass & Others)",67,114,338,5,0,524,18-06-2021
Total,958,1307,939,593,58,3854,18-06-2021
Hydro,301,54,99,113,22,589,19-06-2021
Lignite,24,10,44,0,0,78,19-06-2021
Total,941,1271,898,605,58,3772,19-06-2021
"RES (Wind, Solar, Biomass & Others)",85,146,311,5,0,547,19-06-2021
"Gas, Naptha & Diesel",23,29,13,0,26,91,19-06-2021
Nuclear,31,32,48,0,0,110,19-06-2021
Coal,477,999,383,488,10,2357,19-06-2021
Total,918,1223,873,583,58,3655,20-06-2021
Lignite,24,9,40,0,0,73,20-06-2021
Hydro,287,54,85,129,25,580,20-06-2021
Nuclear,31,31,45,0,0,107,20-06-2021
Coal,453,908,368,449,7,2184,20-06-2021
"RES (Wind, Solar, Biomass & Others)",100,195,322,5,0,623,20-06-2021
"Gas, Naptha & Diesel",23,27,13,0,26,89,20-06-2021
Nuclear,31,28,61,0,0,119,21-06-2021
Hydro,317,59,112,133,25,646,21-06-2021
"Gas, Naptha & Diesel",23,30,13,0,26,92,21-06-2021
"RES (Wind, Solar, Biomass & Others)",84,178,283,5,0,550,21-06-2021
Total,1000,1358,906,621,60,3944,21-06-2021
Lignite,28,10,45,0,0,83,21-06-2021
Coal,517,1055,393,482,8,2455,21-06-2021
Nuclear,31,28,39,0,0,97,22-06-2021
"RES (Wind, Solar, Biomass & Others)",93,165,250,4,0,513,22-06-2021
Total,1107,1414,895,654,64,4133,22-06-2021
Lignite,28,10,45,0,0,83,22-06-2021
Coal,598,1108,438,515,14,2672,22-06-2021
"Gas, Naptha & Diesel",23,38,13,0,25,98,22-06-2021
Hydro,334,66,110,134,25,669,22-06-2021
Nuclear,31,31,37,0,0,99,23-06-2021
Lignite,25,10,46,0,0,81,23-06-2021
Coal,638,1102,482,522,16,2759,23-06-2021
Total,1156,1378,916,660,65,4176,23-06-2021
"RES (Wind, Solar, Biomass & Others)",105,141,237,5,0,488,23-06-2021
"Gas, Naptha & Diesel",23,39,13,0,25,100,23-06-2021
Hydro,334,54,101,134,24,648,23-06-2021
"Gas, Naptha & Diesel",23,34,13,0,25,95,24-06-2021
Lignite,25,9,42,0,0,76,24-06-2021
Coal,628,1089,465,487,11,2679,24-06-2021
"RES (Wind, Solar, Biomass & Others)",106,178,293,5,0,582,24-06-2021
Nuclear,31,33,40,0,0,103,24-06-2021
Hydro,330,40,83,135,26,614,24-06-2021
Total,1142,1383,936,627,62,4150,24-06-2021
Coal,630,1061,481,479,10,2661,25-06-2021
Lignite,23,8,47,0,0,78,25-06-2021
Total,1150,1376,978,607,60,4171,25-06-2021
"RES (Wind, Solar, Biomass & Others)",116,197,305,5,0,623,25-06-2021
"Gas, Naptha & Diesel",23,30,13,0,25,90,25-06-2021
Nuclear,31,33,43,0,0,107,25-06-2021
Hydro,328,47,89,123,25,612,25-06-2021
Total,1130,1383,978,589,59,4140,26-06-2021
"RES (Wind, Solar, Biomass & Others)",102,183,303,5,0,593,26-06-2021
Hydro,321,52,97,126,24,620,26-06-2021
Lignite,25,7,47,0,0,80,26-06-2021
Coal,628,1075,476,458,11,2648,26-06-2021
Nuclear,31,32,43,0,0,106,26-06-2021
"Gas, Naptha & Diesel",23,33,13,0,24,93,26-06-2021
"Gas, Naptha & Diesel",23,37,13,0,24,97,27-06-2021
Coal,629,1083,473,489,11,2685,27-06-2021
Lignite,30,7,50,0,0,87,27-06-2021
Hydro,324,47,93,130,24,617,27-06-2021
Nuclear,31,32,44,0,0,107,27-06-2021
Total,1114,1338,875,624,59,4009,27-06-2021
"RES (Wind, Solar, Biomass & Others)",77,132,201,5,0,415,27-06-2021
"Gas, Naptha & Diesel",23,36,11,0,24,95,28-06-2021
Nuclear,30,32,43,0,0,106,28-06-2021
Hydro,337,53,103,125,23,642,28-06-2021
Lignite,30,7,51,0,0,88,28-06-2021
Coal,695,1135,542,536,13,2921,28-06-2021
"RES (Wind, Solar, Biomass & Others)",85,109,184,5,0,383,28-06-2021
Total,1201,1372,934,666,60,4234,28-06-2021
Nuclear,30,32,43,0,0,105,29-06-2021
"Gas, Naptha & Diesel",25,52,10,0,24,111,29-06-2021
"RES (Wind, Solar, Biomass & Others)",98,117,185,5,0,405,29-06-2021
Total,1247,1448,988,668,60,4410,29-06-2021
Coal,719,1184,580,541,16,3039,29-06-2021
Hydro,344,57,115,122,20,658,29-06-2021
Lignite,30,7,55,0,0,92,29-06-2021
"RES (Wind, Solar, Biomass & Others)",135,196,215,4,0,550,30-06-2021
Total,1265,1485,993,686,58,4486,30-06-2021
"Gas, Naptha & Diesel",35,49,11,0,23,117,30-06-2021
Nuclear,30,32,44,0,0,106,30-06-2021
Hydro,347,46,112,133,22,661,30-06-2021
Lignite,29,8,54,0,0,91,30-06-2021
Coal,688,1155,556,548,13,2960,30-06-2021
Total,1244,1491,968,654,61,4419,01-07-2021
"RES (Wind, Solar, Biomass & Others)",134,237,200,5,0,576,01-07-2021
Coal,657,1132,541,518,11,2859,01-07-2021
Hydro,350,43,117,131,27,669,01-07-2021
Nuclear,30,32,46,0,0,108,01-07-2021
"Gas, Naptha & Diesel",45,37,10,0,23,115,01-07-2021
Lignite,29,10,53,0,0,91,01-07-2021
Lignite,26,11,46,0,0,84,02-07-2021
"RES (Wind, Solar, Biomass & Others)",133,249,228,5,0,616,02-07-2021
"Gas, Naptha & Diesel",44,39,11,0,26,120,02-07-2021
Total,1230,1430,960,639,62,4320,02-07-2021
Hydro,353,37,118,134,26,667,02-07-2021
Coal,644,1060,511,500,10,2724,02-07-2021
Nuclear,30,33,46,0,0,109,02-07-2021
Lignite,27,12,43,0,0,82,03-07-2021
Coal,600,1154,531,500,11,2796,03-07-2021
Hydro,351,40,117,132,28,668,03-07-2021
Nuclear,30,33,46,0,0,109,03-07-2021
Total,1161,1491,952,637,64,4306,03-07-2021
"RES (Wind, Solar, Biomass & Others)",117,215,203,5,0,540,03-07-2021
"Gas, Naptha & Diesel",35,39,12,0,25,111,03-07-2021
"Gas, Naptha & Diesel",34,34,11,0,26,105,04-07-2021
Coal,610,1164,572,515,13,2875,04-07-2021
Lignite,27,11,44,0,0,82,04-07-2021
Hydro,353,38,106,131,30,657,04-07-2021
Nuclear,27,33,46,0,0,106,04-07-2021
"RES (Wind, Solar, Biomass & Others)",108,159,178,5,0,450,04-07-2021
Total,1159,1437,959,651,69,4275,04-07-2021
Lignite,28,12,40,0,0,80,05-07-2021
"RES (Wind, Solar, Biomass & Others)",94,118,171,6,0,389,05-07-2021
"Gas, Naptha & Diesel",36,41,11,0,25,113,05-07-2021
Nuclear,26,32,46,0,0,105,05-07-2021
Hydro,353,53,120,140,27,692,05-07-2021
Total,1187,1498,986,701,67,4439,05-07-2021
Coal,650,1242,597,555,15,3060,05-07-2021
Total,1250,1551,991,694,67,4553,06-07-2021
"RES (Wind, Solar, Biomass & Others)",96,110,170,5,0,381,06-07-2021
"Gas, Naptha & Diesel",38,51,9,0,24,121,06-07-2021
Nuclear,26,32,46,0,0,105,06-07-2021
Hydro,361,54,111,140,26,692,06-07-2021
Lignite,28,11,39,0,0,79,06-07-2021
Coal,701,1292,616,549,17,3175,06-07-2021
Lignite,31,11,41,0,0,83,07-07-2021
Total,1294,1532,1001,673,68,4568,07-07-2021
"RES (Wind, Solar, Biomass & Others)",115,142,188,5,0,450,07-07-2021
"Gas, Naptha & Diesel",38,46,11,0,24,119,07-07-2021
Coal,726,1249,606,531,17,3129,07-07-2021
Nuclear,28,33,46,0,0,107,07-07-2021
Hydro,356,51,109,137,27,680,07-07-2021
"Gas, Naptha & Diesel",35,35,11,0,24,104,08-07-2021
"RES (Wind, Solar, Biomass & Others)",127,177,178,4,0,485,08-07-2021
Total,1244,1561,954,643,71,4474,08-07-2021
Lignite,29,11,37,0,0,77,08-07-2021
Hydro,356,25,102,130,35,648,08-07-2021
Coal,668,1280,581,510,12,3052,08-07-2021
Nuclear,29,32,46,0,0,108,08-07-2021
Coal,668,1257,562,520,10,3018,09-07-2021
Lignite,27,12,32,0,0,71,09-07-2021
Hydro,360,33,90,139,31,653,09-07-2021
Nuclear,30,33,46,0,0,109,09-07-2021
"Gas, Naptha & Diesel",33,33,11,0,26,102,09-07-2021
Total,1220,1499,959,664,68,4409,09-07-2021
"RES (Wind, Solar, Biomass & Others)",101,132,218,5,0,456,09-07-2021
Total,1144,1356,917,672,64,4152,11-07-2021
Coal,629,1175,493,529,10,2836,11-07-2021
Lignite,27,12,38,0,0,77,11-07-2021
Hydro,355,27,64,138,28,612,11-07-2021
"RES (Wind, Solar, Biomass & Others)",71,83,265,5,0,423,11-07-2021
"Gas, Naptha & Diesel",32,28,11,0,25,96,11-07-2021
Nuclear,30,33,47,0,0,109,11-07-2021
"RES (Wind, Solar, Biomass & Others)",71,89,300,5,0,466,12-07-2021
"Gas, Naptha & Diesel",31,29,11,0,24,95,12-07-2021
Nuclear,27,32,43,0,0,101,12-07-2021
Hydro,344,25,75,141,30,615,12-07-2021
Lignite,26,11,41,0,0,78,12-07-2021
Coal,619,1148,489,519,11,2785,12-07-2021
Total,1118,1334,958,664,65,4140,12-07-2021
Hydro,336,28,84,136,29,612,13-07-2021
Coal,615,1134,484,513,11,2757,13-07-2021
Nuclear,25,32,42,0,0,99,13-07-2021
Total,1112,1348,956,653,64,4133,13-07-2021
Lignite,28,11,42,0,0,82,13-07-2021
"RES (Wind, Solar, Biomass & Others)",81,111,294,5,0,491,13-07-2021
"Gas, Naptha & Diesel",26,30,11,0,24,91,13-07-2021
Total,1114,1324,916,646,63,4063,14-07-2021
"RES (Wind, Solar, Biomass & Others)",75,95,274,5,0,449,14-07-2021
Coal,606,1124,458,503,11,2701,14-07-2021
Nuclear,25,32,42,0,0,99,14-07-2021
Hydro,357,31,89,138,30,644,14-07-2021
Lignite,26,10,43,0,0,79,14-07-2021
"Gas, Naptha & Diesel",25,33,11,0,23,91,14-07-2021
"Gas, Naptha & Diesel",25,30,11,0,23,89,15-07-2021
Coal,612,1161,467,512,11,2763,15-07-2021
Total,1141,1351,900,658,66,4117,15-07-2021
Lignite,25,9,43,0,0,76,15-07-2021
Hydro,366,31,97,141,32,667,15-07-2021
Nuclear,26,32,42,0,0,100,15-07-2021
"RES (Wind, Solar, Biomass & Others)",88,88,241,5,0,422,15-07-2021
"Gas, Naptha & Diesel",29,31,11,0,22,93,16-07-2021
"RES (Wind, Solar, Biomass & Others)",83,87,233,5,0,409,16-07-2021
Nuclear,30,32,41,0,0,103,16-07-2021
Hydro,381,32,111,140,31,695,16-07-2021
Coal,671,1213,496,532,13,2925,16-07-2021
Total,1218,1404,937,678,67,4303,16-07-2021
Lignite,25,9,45,0,0,79,16-07-2021
Total,1137,1353,859,602,65,4016,18-07-2021
Coal,585,1097,426,467,10,2585,18-07-2021
Lignite,20,11,39,0,0,70,18-07-2021
Hydro,362,22,99,131,33,647,18-07-2021
Nuclear,30,32,42,0,0,104,18-07-2021
"Gas, Naptha & Diesel",30,27,9,0,22,88,18-07-2021
Total,1200,1447,941,677,70,4335,18-07-2021
"RES (Wind, Solar, Biomass & Others)",79,101,232,5,0,417,18-07-2021
"RES (Wind, Solar, Biomass & Others)",109,164,245,5,0,522,18-07-2021
Lignite,26,9,44,0,0,79,18-07-2021
Coal,668,1235,510,531,14,2958,18-07-2021
Nuclear,30,33,41,0,0,104,18-07-2021
"Gas, Naptha & Diesel",32,34,10,0,23,98,18-07-2021
Hydro,366,35,105,141,33,679,18-07-2021
"RES (Wind, Solar, Biomass & Others)",122,217,328,5,0,672,19-07-2021
Total,1063,1303,916,573,66,3921,19-07-2021
Nuclear,30,33,41,0,0,104,19-07-2021
Hydro,343,24,105,125,33,630,19-07-2021
Lignite,18,11,34,0,0,63,19-07-2021
Coal,529,990,398,443,10,2370,19-07-2021
"Gas, Naptha & Diesel",20,29,10,0,22,81,19-07-2021
"RES (Wind, Solar, Biomass & Others)",106,256,328,4,0,695,20-07-2021
"Gas, Naptha & Diesel",19,28,12,0,22,81,20-07-2021
Nuclear,30,33,42,0,0,105,20-07-2021
Hydro,342,24,118,108,35,627,20-07-2021
Lignite,20,12,36,0,0,67,20-07-2021
Coal,471,961,393,457,10,2292,20-07-2021
Total,988,1313,929,570,67,3867,20-07-2021
"RES (Wind, Solar, Biomass & Others)",86,269,318,4,0,677,21-07-2021
"Gas, Naptha & Diesel",18,27,12,0,23,79,21-07-2021
Nuclear,31,33,42,0,0,105,21-07-2021
Lignite,22,11,33,0,0,66,21-07-2021
Coal,453,964,379,462,10,2268,21-07-2021
Total,959,1329,899,576,67,3830,21-07-2021
Hydro,350,26,116,109,34,634,21-07-2021
"Gas, Naptha & Diesel",22,29,12,0,27,89,22-07-2021
Lignite,22,12,37,0,0,71,22-07-2021
Hydro,354,32,130,113,35,663,22-07-2021
Nuclear,31,32,42,0,0,105,22-07-2021
"RES (Wind, Solar, Biomass & Others)",82,221,320,5,0,629,22-07-2021
Total,981,1346,896,592,71,3887,22-07-2021
Coal,470,1020,356,475,10,2331,22-07-2021
Coal,514,1069,367,506,11,2466,23-07-2021
Lignite,23,13,43,0,0,79,23-07-2021
Hydro,368,32,136,111,31,678,23-07-2021
Nuclear,31,32,42,0,0,105,23-07-2021
"Gas, Naptha & Diesel",23,34,10,0,28,95,23-07-2021
"RES (Wind, Solar, Biomass & Others)",79,157,321,4,0,562,23-07-2021
Total,1037,1337,920,621,70,3985,23-07-2021
Coal,521,1049,373,493,12,2448,24-07-2021
Lignite,25,13,44,0,0,81,24-07-2021
Hydro,377,26,134,124,29,690,24-07-2021
"Gas, Naptha & Diesel",22,28,12,0,29,91,24-07-2021
"RES (Wind, Solar, Biomass & Others)",84,172,346,5,0,606,24-07-2021
Total,1059,1320,951,621,70,4021,24-07-2021
Nuclear,30,33,42,0,0,105,24-07-2021
Total,1079,1303,907,611,66,3966,25-07-2021
"RES (Wind, Solar, Biomass & Others)",85,204,342,5,0,637,25-07-2021
"Gas, Naptha & Diesel",22,23,12,0,27,85,25-07-2021
Nuclear,30,33,42,0,0,105,25-07-2021
Hydro,373,23,117,125,29,667,25-07-2021
Coal,544,1007,355,481,10,2397,25-07-2021
Lignite,24,12,39,0,0,76,25-07-2021
Lignite,17,10,39,0,0,66,26-07-2021
"Gas, Naptha & Diesel",23,25,11,0,27,85,26-07-2021
"RES (Wind, Solar, Biomass & Others)",121,239,339,4,0,703,26-07-2021
Total,1117,1367,942,620,67,4113,26-07-2021
Hydro,377,27,127,123,30,685,26-07-2021
Nuclear,26,33,42,0,0,100,26-07-2021
Coal,553,1033,384,492,11,2473,26-07-2021
Coal,510,1008,408,480,10,2416,27-07-2021
Lignite,22,10,37,0,0,70,27-07-2021
Hydro,356,25,132,115,32,660,27-07-2021
Nuclear,26,33,42,0,0,101,27-07-2021
"Gas, Naptha & Diesel",22,26,11,0,26,85,27-07-2021
"RES (Wind, Solar, Biomass & Others)",114,260,355,4,0,733,27-07-2021
Total,1051,1361,986,599,69,4064,27-07-2021
"Gas, Naptha & Diesel",21,33,11,0,28,93,28-07-2021
Nuclear,27,33,42,0,0,101,28-07-2021
Hydro,339,25,145,126,29,665,28-07-2021
Lignite,23,13,37,0,0,73,28-07-2021
Coal,415,932,393,434,10,2185,28-07-2021
"RES (Wind, Solar, Biomass & Others)",103,272,356,4,0,735,28-07-2021
Total,928,1308,985,564,68,3852,28-07-2021
"Gas, Naptha & Diesel",21,33,11,0,28,93,29-07-2021
Nuclear,27,33,42,0,0,101,29-07-2021
Hydro,352,25,152,127,27,684,29-07-2021
Lignite,25,11,35,0,0,72,29-07-2021
Coal,397,959,398,422,10,2186,29-07-2021
"RES (Wind, Solar, Biomass & Others)",78,281,343,4,0,705,29-07-2021
Total,901,1342,980,553,65,3841,29-07-2021
Coal,398,928,399,405,9,2139,30-07-2021
Hydro,365,23,164,126,27,705,30-07-2021
Lignite,25,12,34,0,0,70,30-07-2021
Total,936,1298,992,535,65,3826,30-07-2021
"RES (Wind, Solar, Biomass & Others)",101,269,344,4,0,718,30-07-2021
"Gas, Naptha & Diesel",21,33,11,0,28,93,30-07-2021
Nuclear,26,33,42,0,0,101,30-07-2021
Hydro,362,24,165,132,27,710,31-07-2021
Total,951,1285,981,551,62,3830,31-07-2021
Coal,412,913,398,415,7,2144,31-07-2021
"RES (Wind, Solar, Biomass & Others)",106,272,332,4,0,714,31-07-2021
"Gas, Naptha & Diesel",21,34,11,0,28,94,31-07-2021
Nuclear,26,33,42,0,0,101,31-07-2021
Lignite,24,10,34,0,0,68,31-07-2021
"RES (Wind, Solar, Biomass & Others)",106,268,335,4,0,714,01-08-2021
Nuclear,26,33,42,0,0,101,01-08-2021
Hydro,369,24,157,137,32,718,01-08-2021
Lignite,22,8,29,0,0,59,01-08-2021
"Gas, Naptha & Diesel",19,30,12,0,28,88,01-08-2021
Coal,364,867,372,420,6,2030,01-08-2021
Total,905,1229,948,561,66,3710,01-08-2021
Total,955,1285,1021,619,69,3950,02-08-2021
Hydro,376,29,163,142,34,744,02-08-2021
Lignite,24,8,35,0,0,66,02-08-2021
Coal,409,938,418,472,7,2244,02-08-2021
"RES (Wind, Solar, Biomass & Others)",100,251,355,5,0,711,02-08-2021
"Gas, Naptha & Diesel",21,32,10,0,28,89,02-08-2021
Nuclear,26,28,42,0,0,96,02-08-2021
Nuclear,26,28,42,0,0,97,03-08-2021
Coal,425,967,442,486,9,2329,03-08-2021
Lignite,24,7,33,0,0,64,03-08-2021
Hydro,373,28,175,144,32,751,03-08-2021
Total,974,1307,1066,635,68,4050,03-08-2021
"RES (Wind, Solar, Biomass & Others)",102,243,363,5,0,714,03-08-2021
"Gas, Naptha & Diesel",23,34,10,0,28,95,03-08-2021
Total,1007,1345,1080,624,69,4125,04-08-2021
"RES (Wind, Solar, Biomass & Others)",104,237,359,4,0,705,04-08-2021
"Gas, Naptha & Diesel",25,35,7,0,26,94,04-08-2021
Nuclear,26,30,42,0,0,99,04-08-2021
Hydro,377,26,177,141,30,751,04-08-2021
Lignite,25,9,34,0,0,68,04-08-2021
Coal,450,1008,461,479,12,2410,04-08-2021
"RES (Wind, Solar, Biomass & Others)",105,202,348,4,0,660,05-08-2021
Coal,499,1097,466,486,13,2561,05-08-2021
Lignite,24,10,39,0,0,73,05-08-2021
Hydro,377,28,186,141,27,759,05-08-2021
Nuclear,26,32,41,0,0,100,05-08-2021
"Gas, Naptha & Diesel",23,37,8,0,27,95,05-08-2021
Total,1054,1407,1088,632,67,4248,05-08-2021
"RES (Wind, Solar, Biomass & Others)",100,160,335,5,0,600,06-08-2021
"Gas, Naptha & Diesel",25,36,9,0,28,98,06-08-2021
Nuclear,26,32,42,0,0,100,06-08-2021
Hydro,378,31,183,148,27,766,06-08-2021
Lignite,23,9,40,0,0,72,06-08-2021
Coal,536,1153,469,501,14,2672,06-08-2021
Total,1089,1422,1076,653,69,4309,06-08-2021
"RES (Wind, Solar, Biomass & Others)",80,100,280,5,0,465,07-08-2021
Total,1139,1404,1051,659,72,4325,07-08-2021
Lignite,26,11,44,0,0,80,07-08-2021
Coal,614,1161,490,511,16,2791,07-08-2021
Hydro,378,42,187,143,28,778,07-08-2021
"Gas, Naptha & Diesel",20,58,8,0,29,115,07-08-2021
Nuclear,21,32,42,0,0,95,07-08-2021
"Gas, Naptha & Diesel",16,33,9,0,29,87,08-08-2021
Nuclear,23,32,42,0,0,97,08-08-2021
Hydro,379,31,166,140,30,745,08-08-2021
Lignite,27,10,44,0,0,81,08-08-2021
Coal,595,1186,485,466,13,2744,08-08-2021
Total,1131,1377,977,611,72,4167,08-08-2021
"RES (Wind, Solar, Biomass & Others)",91,85,232,4,0,413,08-08-2021
Total,1163,1419,1061,614,70,4327,09-08-2021
"RES (Wind, Solar, Biomass & Others)",114,95,270,5,0,484,09-08-2021
"Gas, Naptha & Diesel",17,33,11,0,28,90,09-08-2021
Nuclear,23,32,42,0,0,97,09-08-2021
Hydro,367,35,172,126,30,730,09-08-2021
Lignite,27,10,43,0,0,80,09-08-2021
Coal,615,1213,524,484,12,2847,09-08-2021
Coal,619,1239,532,495,12,2898,10-08-2021
Total,1200,1464,1084,614,69,4430,10-08-2021
"RES (Wind, Solar, Biomass & Others)",130,120,277,5,0,532,10-08-2021
"Gas, Naptha & Diesel",20,29,10,0,28,88,10-08-2021
Nuclear,22,32,42,0,0,97,10-08-2021
Hydro,382,32,179,113,29,735,10-08-2021
Lignite,27,11,44,0,0,82,10-08-2021
Hydro,383,41,177,118,29,748,11-08-2021
"RES (Wind, Solar, Biomass & Others)",128,142,267,4,0,542,11-08-2021
Total,1213,1485,1070,637,69,4473,11-08-2021
"Gas, Naptha & Diesel",20,28,10,0,28,86,11-08-2021
Lignite,25,12,45,0,0,82,11-08-2021
Coal,638,1229,535,515,11,2927,11-08-2021
Nuclear,18,33,36,0,0,87,11-08-2021
Total,1217,1503,1078,641,72,4512,12-08-2021
"Gas, Naptha & Diesel",25,29,11,0,29,93,12-08-2021
Nuclear,15,33,19,0,0,66,12-08-2021
Hydro,375,41,171,116,33,736,12-08-2021
Lignite,25,11,44,0,0,80,12-08-2021
Coal,660,1246,551,521,10,2987,12-08-2021
"RES (Wind, Solar, Biomass & Others)",118,144,283,4,0,549,12-08-2021
Hydro,366,40,160,142,32,739,13-08-2021
Nuclear,17,29,19,0,0,66,13-08-2021
"Gas, Naptha & Diesel",25,28,12,0,28,93,13-08-2021
Lignite,24,10,43,0,0,77,13-08-2021
Total,1235,1514,1057,659,71,4536,13-08-2021
Coal,675,1256,565,513,11,3021,13-08-2021
"RES (Wind, Solar, Biomass & Others)",128,150,258,4,0,540,13-08-2021
"RES (Wind, Solar, Biomass & Others)",135,187,316,4,0,642,14-08-2021
Total,1246,1506,1067,642,71,4530,14-08-2021
Lignite,25,8,37,0,0,70,14-08-2021
Coal,683,1220,549,512,9,2973,14-08-2021
Nuclear,18,28,19,0,0,65,14-08-2021
"Gas, Naptha & Diesel",22,27,12,0,28,89,14-08-2021
Hydro,363,36,133,125,33,690,14-08-2021
Nuclear,18,28,24,0,0,70,15-08-2021
Lignite,23,8,38,0,0,69,15-08-2021
"RES (Wind, Solar, Biomass & Others)",120,161,262,4,0,549,15-08-2021
Coal,665,1162,518,477,9,2831,15-08-2021
"Gas, Naptha & Diesel",20,27,12,0,29,88,15-08-2021
Total,1218,1422,999,625,71,4336,15-08-2021
Hydro,371,35,145,143,34,729,15-08-2021
Hydro,360,44,166,139,31,739,16-08-2021
Lignite,19,8,37,0,0,63,16-08-2021
Total,1232,1484,1020,638,72,4445,16-08-2021
Nuclear,19,32,35,0,0,87,16-08-2021
"Gas, Naptha & Diesel",23,62,10,0,29,124,16-08-2021
"RES (Wind, Solar, Biomass & Others)",92,82,225,4,0,403,16-08-2021
Coal,719,1258,546,495,11,3029,16-08-2021
Coal,742,1260,599,483,17,3100,17-08-2021
Lignite,22,7,33,0,0,62,17-08-2021
Total,1264,1509,1052,628,76,4529,17-08-2021
"RES (Wind, Solar, Biomass & Others)",95,84,224,4,0,406,17-08-2021
"Gas, Naptha & Diesel",30,83,11,0,28,152,17-08-2021
Hydro,353,43,146,141,30,713,17-08-2021
Nuclear,22,32,41,0,0,95,17-08-2021
Coal,721,1225,562,481,14,3003,18-08-2021
"Gas, Naptha & Diesel",27,62,10,0,28,126,18-08-2021
Total,1246,1466,1069,624,71,4477,18-08-2021
"RES (Wind, Solar, Biomass & Others)",102,102,290,4,0,499,18-08-2021
Nuclear,22,32,41,0,0,96,18-08-2021
Hydro,354,36,134,139,29,692,18-08-2021
Lignite,21,8,33,0,0,62,18-08-2021
Lignite,22,10,35,0,0,67,19-08-2021
"RES (Wind, Solar, Biomass & Others)",105,127,317,4,0,553,19-08-2021
"Gas, Naptha & Diesel",25,57,10,0,29,122,19-08-2021
Nuclear,22,33,41,0,0,96,19-08-2021
Hydro,343,35,146,142,27,693,19-08-2021
Coal,711,1183,538,483,11,2926,19-08-2021
Total,1228,1445,1087,630,67,4457,19-08-2021
Total,1168,1388,1014,657,66,4294,20-08-2021
Lignite,24,10,34,0,0,68,20-08-2021
Hydro,352,39,143,145,28,706,20-08-2021
Nuclear,22,33,41,0,0,96,20-08-2021
"Gas, Naptha & Diesel",29,47,11,0,28,115,20-08-2021
"RES (Wind, Solar, Biomass & Others)",94,110,207,4,0,416,20-08-2021
Coal,648,1149,578,508,10,2893,20-08-2021
Coal,593,1124,577,500,9,2803,21-08-2021
Hydro,352,39,132,145,27,695,21-08-2021
Nuclear,22,32,41,0,0,96,21-08-2021
"Gas, Naptha & Diesel",24,41,11,0,27,103,21-08-2021
"RES (Wind, Solar, Biomass & Others)",82,82,154,4,0,322,21-08-2021
Total,1098,1329,949,650,63,4089,21-08-2021
Lignite,25,11,34,0,0,70,21-08-2021
Hydro,302,33,116,146,26,623,22-08-2021
"Gas, Naptha & Diesel",24,22,12,0,27,85,22-08-2021
Nuclear,22,32,41,0,0,96,22-08-2021
Lignite,26,11,32,0,0,69,22-08-2021
Coal,543,1093,544,468,9,2657,22-08-2021
Total,990,1262,889,618,63,3822,22-08-2021
"RES (Wind, Solar, Biomass & Others)",73,70,145,4,0,292,22-08-2021
"Gas, Naptha & Diesel",23,37,9,0,28,96,23-08-2021
Total,1086,1363,932,603,64,4047,23-08-2021
Coal,563,1149,556,450,10,2728,23-08-2021
Lignite,27,10,34,0,0,71,23-08-2021
Hydro,352,36,125,147,27,687,23-08-2021
"RES (Wind, Solar, Biomass & Others)",95,98,167,5,0,366,23-08-2021
Nuclear,26,32,41,0,0,99,23-08-2021
Coal,628,1171,550,464,17,2830,24-08-2021
Hydro,354,44,137,150,27,712,24-08-2021
Nuclear,19,32,41,0,0,92,24-08-2021
"Gas, Naptha & Diesel",27,34,10,0,25,96,24-08-2021
"RES (Wind, Solar, Biomass & Others)",140,124,198,4,0,467,24-08-2021
Total,1191,1416,970,619,69,4266,24-08-2021
Lignite,24,11,35,0,0,70,24-08-2021
"Gas, Naptha & Diesel",30,35,10,0,26,102,25-08-2021
Total,1214,1464,993,600,69,4339,25-08-2021
"RES (Wind, Solar, Biomass & Others)",146,169,211,5,0,530,25-08-2021
Coal,649,1172,543,451,15,2830,25-08-2021
Hydro,349,45,153,145,27,719,25-08-2021
Lignite,23,11,35,0,0,68,25-08-2021
Nuclear,17,32,41,0,0,90,25-08-2021
Lignite,22,11,35,0,0,68,26-08-2021
Hydro,340,57,152,146,30,725,26-08-2021
Total,1179,1503,993,612,68,4355,26-08-2021
"Gas, Naptha & Diesel",33,65,10,0,27,134,26-08-2021
"RES (Wind, Solar, Biomass & Others)",137,175,234,5,0,550,26-08-2021
Coal,627,1164,525,462,11,2789,26-08-2021
Nuclear,20,32,37,0,0,90,26-08-2021
Total,1130,1507,1023,636,65,4362,27-08-2021
Coal,605,1181,556,487,6,2835,27-08-2021
Nuclear,21,33,38,0,0,92,27-08-2021
"RES (Wind, Solar, Biomass & Others)",111,126,235,4,0,477,27-08-2021
"Gas, Naptha & Diesel",42,80,10,0,27,159,27-08-2021
Hydro,328,76,149,145,32,731,27-08-2021
Lignite,23,11,35,0,0,68,27-08-2021
Total,1115,1472,994,656,64,4302,28-08-2021
"Gas, Naptha & Diesel",44,86,10,0,27,168,28-08-2021
Nuclear,21,32,38,0,0,91,28-08-2021
Hydro,332,70,138,149,31,720,28-08-2021
Lignite,22,11,39,0,0,72,28-08-2021
Coal,605,1193,537,503,6,2844,28-08-2021
"RES (Wind, Solar, Biomass & Others)",90,80,233,4,0,407,28-08-2021
"RES (Wind, Solar, Biomass & Others)",75,73,261,4,0,413,29-08-2021
Total,1106,1366,946,648,65,4131,29-08-2021
"Gas, Naptha & Diesel",43,81,12,0,28,163,29-08-2021
Nuclear,22,28,37,0,0,87,29-08-2021
Hydro,336,46,97,148,32,658,29-08-2021
Coal,606,1125,499,496,5,2732,29-08-2021
Lignite,25,13,39,0,0,78,29-08-2021
"Gas, Naptha & Diesel",41,60,12,0,28,142,30-08-2021
Nuclear,26,20,39,0,0,84,30-08-2021
Hydro,331,40,100,148,31,650,30-08-2021
Lignite,21,13,39,0,0,74,30-08-2021
"RES (Wind, Solar, Biomass & Others)",63,77,278,5,0,423,30-08-2021
Total,1104,1312,986,654,68,4125,30-08-2021
Coal,622,1102,518,502,9,2752,30-08-2021
"Gas, Naptha & Diesel",46,43,12,0,28,129,31-08-2021
"RES (Wind, Solar, Biomass & Others)",89,93,238,5,0,425,31-08-2021
Nuclear,26,20,42,0,0,88,31-08-2021
Hydro,321,34,113,146,34,649,31-08-2021
Coal,599,1072,535,505,9,2720,31-08-2021
Lignite,20,11,39,0,0,70,31-08-2021
Total,1101,1272,980,656,72,4081,31-08-2021
"RES (Wind, Solar, Biomass & Others)",82,77,236,5,0,400,01-09-2021
"Gas, Naptha & Diesel",37,34,12,0,26,108,01-09-2021
Coal,598,1063,521,515,12,2709,01-09-2021
Nuclear,26,20,41,0,0,88,01-09-2021
Hydro,318,37,116,145,34,650,01-09-2021
Total,1082,1242,966,666,71,4027,01-09-2021
Lignite,22,12,39,0,0,74,01-09-2021
Lignite,23,13,39,0,0,74,02-09-2021
Total,1079,1254,981,675,75,4064,02-09-2021
"RES (Wind, Solar, Biomass & Others)",70,76,221,5,0,371,02-09-2021
"Gas, Naptha & Diesel",29,39,11,0,26,105,02-09-2021
Hydro,314,42,134,151,34,676,02-09-2021
Coal,618,1064,528,519,15,2744,02-09-2021
Nuclear,26,20,48,0,0,95,02-09-2021
Total,1053,1296,923,696,73,4040,03-09-2021
"RES (Wind, Solar, Biomass & Others)",55,109,176,5,0,346,03-09-2021
Coal,612,1064,515,538,11,2740,03-09-2021
Hydro,302,42,121,153,34,652,03-09-2021
Nuclear,26,24,59,0,0,110,03-09-2021
"Gas, Naptha & Diesel",33,44,10,0,27,115,03-09-2021
Lignite,24,12,42,0,0,78,03-09-2021
"RES (Wind, Solar, Biomass & Others)",73,120,254,5,0,451,04-09-2021
Hydro,302,31,101,144,31,609,04-09-2021
"Gas, Naptha & Diesel",32,41,11,0,28,111,04-09-2021
Nuclear,26,32,61,0,0,120,04-09-2021
Total,1027,1278,942,677,70,3993,04-09-2021
Coal,569,1042,476,528,11,2626,04-09-2021
Lignite,25,12,39,0,0,76,04-09-2021
Nuclear,26,32,65,0,0,123,06-09-2021
Total,1073,1257,949,693,70,4041,06-09-2021
"Gas, Naptha & Diesel",33,38,11,0,27,109,06-09-2021
Hydro,303,34,97,141,30,604,06-09-2021
"RES (Wind, Solar, Biomass & Others)",79,71,285,4,0,439,06-09-2021
Coal,607,1072,448,548,13,2688,06-09-2021
Lignite,25,10,44,0,0,79,06-09-2021
Total,1049,1238,957,669,74,3987,07-09-2021
Hydro,309,29,99,142,32,611,07-09-2021
"RES (Wind, Solar, Biomass & Others)",80,89,322,4,0,495,07-09-2021
"Gas, Naptha & Diesel",30,44,11,0,27,113,07-09-2021
Coal,578,1035,417,523,14,2568,07-09-2021
Lignite,25,10,43,0,0,78,07-09-2021
Nuclear,26,32,65,0,0,123,07-09-2021
Coal,571,996,396,529,12,2504,08-09-2021
"RES (Wind, Solar, Biomass & Others)",86,138,324,5,0,553,08-09-2021
Lignite,26,9,45,0,0,80,08-09-2021
Nuclear,26,30,65,0,0,121,08-09-2021
Hydro,316,28,118,145,32,639,08-09-2021
"Gas, Naptha & Diesel",28,35,11,0,27,101,08-09-2021
Total,1053,1235,959,680,72,3998,08-09-2021
Coal,597,1017,432,543,14,2603,09-09-2021
Lignite,25,10,48,0,0,84,09-09-2021
Hydro,320,26,118,146,33,643,09-09-2021
Nuclear,26,28,65,0,0,120,09-09-2021
"Gas, Naptha & Diesel",29,28,10,0,27,94,09-09-2021
"RES (Wind, Solar, Biomass & Others)",82,116,320,4,0,523,09-09-2021
Total,1079,1226,994,694,74,4067,09-09-2021
"Gas, Naptha & Diesel",33,25,11,0,27,96,10-09-2021
Total,1031,1200,976,676,74,3957,10-09-2021
"RES (Wind, Solar, Biomass & Others)",76,118,322,4,0,520,10-09-2021
Nuclear,26,28,65,0,0,120,10-09-2021
Hydro,320,26,107,144,34,631,10-09-2021
Lignite,24,10,45,0,0,79,10-09-2021
Coal,552,993,426,527,13,2511,10-09-2021
Total,946,1171,955,637,71,3780,11-09-2021
"RES (Wind, Solar, Biomass & Others)",73,113,308,5,0,500,11-09-2021
"Gas, Naptha & Diesel",30,25,12,0,28,94,11-09-2021
Nuclear,27,28,66,0,0,120,11-09-2021
Hydro,326,34,114,145,33,653,11-09-2021
Lignite,23,12,43,0,0,78,11-09-2021
Coal,467,959,412,486,11,2336,11-09-2021
"RES (Wind, Solar, Biomass & Others)",83,138,334,5,0,561,12-09-2021
"Gas, Naptha & Diesel",26,24,10,0,27,88,12-09-2021
Coal,461,868,360,433,10,2132,12-09-2021
Lignite,22,13,41,0,0,75,12-09-2021
Nuclear,27,28,65,0,0,120,12-09-2021
Hydro,334,35,132,139,30,670,12-09-2021
Total,953,1106,942,577,68,3645,12-09-2021
Coal,480,894,379,451,11,2215,13-09-2021
Lignite,24,12,43,0,0,80,13-09-2021
Hydro,353,45,151,141,30,720,13-09-2021
Nuclear,26,28,65,0,0,120,13-09-2021
"Gas, Naptha & Diesel",26,25,11,0,28,89,13-09-2021
"RES (Wind, Solar, Biomass & Others)",84,142,348,4,0,578,13-09-2021
Total,994,1146,998,595,69,3801,13-09-2021
Coal,463,904,394,457,12,2230,14-09-2021
"RES (Wind, Solar, Biomass & Others)",83,112,327,4,0,526,14-09-2021
"Gas, Naptha & Diesel",26,17,11,0,28,82,14-09-2021
Nuclear,27,28,65,0,0,120,14-09-2021
Hydro,355,43,163,140,28,729,14-09-2021
Lignite,25,13,42,0,0,79,14-09-2021
Total,980,1116,1002,601,68,3766,14-09-2021
Total,983,1137,1005,649,68,3842,15-09-2021
"RES (Wind, Solar, Biomass & Others)",95,85,265,4,0,450,15-09-2021
"Gas, Naptha & Diesel",22,16,11,0,28,76,15-09-2021
Nuclear,28,28,65,0,0,122,15-09-2021
Hydro,349,46,184,140,28,747,15-09-2021
Lignite,25,12,45,0,0,82,15-09-2021
Coal,464,950,435,505,12,2366,15-09-2021
Total,961,1157,1018,641,68,3845,16-09-2021
"RES (Wind, Solar, Biomass & Others)",85,99,268,4,0,457,16-09-2021
"Gas, Naptha & Diesel",24,17,10,0,28,79,16-09-2021
Nuclear,31,28,65,0,0,124,16-09-2021
Hydro,325,41,162,138,29,695,16-09-2021
Lignite,25,13,46,0,0,84,16-09-2021
Coal,471,960,466,498,12,2406,16-09-2021
Coal,468,984,510,507,12,2482,17-09-2021
Total,938,1192,1020,630,67,3848,17-09-2021
"Gas, Naptha & Diesel",22,16,8,0,28,74,17-09-2021
Lignite,27,13,48,0,0,88,17-09-2021
"RES (Wind, Solar, Biomass & Others)",84,110,222,4,0,421,17-09-2021
Nuclear,31,28,64,0,0,123,17-09-2021
Hydro,306,41,168,119,28,661,17-09-2021
Nuclear,31,28,55,0,0,114,18-09-2021
"RES (Wind, Solar, Biomass & Others)",81,91,183,5,0,360,18-09-2021
"Gas, Naptha & Diesel",21,16,9,0,28,74,18-09-2021
Hydro,319,51,172,120,33,694,18-09-2021
Lignite,28,13,47,0,0,88,18-09-2021
Total,1002,1221,1006,658,73,3961,18-09-2021
Coal,522,1022,541,533,13,2631,18-09-2021
Total,1055,1198,997,642,74,3966,19-09-2021
Hydro,319,47,158,124,30,678,19-09-2021
Lignite,28,10,42,0,0,80,19-09-2021
Nuclear,31,28,55,0,0,114,19-09-2021
"Gas, Naptha & Diesel",24,14,11,0,28,76,19-09-2021
Coal,583,1014,565,514,16,2691,19-09-2021
"RES (Wind, Solar, Biomass & Others)",71,85,167,5,0,327,19-09-2021
"Gas, Naptha & Diesel",31,42,11,0,27,110,20-09-2021
"RES (Wind, Solar, Biomass & Others)",75,100,172,5,0,353,20-09-2021
Coal,631,1031,561,499,16,2738,20-09-2021
Lignite,27,10,38,0,0,75,20-09-2021
Hydro,325,55,157,135,24,696,20-09-2021
Total,1119,1266,995,639,68,4087,20-09-2021
Nuclear,31,28,55,0,0,114,20-09-2021
Hydro,327,43,139,126,24,658,21-09-2021
Lignite,21,10,38,0,0,68,21-09-2021
Nuclear,31,28,55,0,0,114,21-09-2021
Total,1087,1247,997,622,63,4015,21-09-2021
"RES (Wind, Solar, Biomass & Others)",60,134,218,5,0,416,21-09-2021
Coal,605,998,536,492,12,2644,21-09-2021
"Gas, Naptha & Diesel",43,34,11,0,27,114,21-09-2021
Hydro,316,44,143,132,25,660,22-09-2021
Coal,544,972,522,483,10,2531,22-09-2021
Lignite,21,7,35,0,0,64,22-09-2021
"Gas, Naptha & Diesel",33,27,20,0,27,108,22-09-2021
Total,1007,1199,990,619,62,3877,22-09-2021
"RES (Wind, Solar, Biomass & Others)",62,120,216,5,0,402,22-09-2021
Nuclear,31,28,54,0,0,113,22-09-2021
"RES (Wind, Solar, Biomass & Others)",63,80,219,5,0,366,23-09-2021
Nuclear,31,28,56,0,0,115,23-09-2021
"Gas, Naptha & Diesel",28,16,17,0,29,91,23-09-2021
Hydro,300,52,145,128,24,648,23-09-2021
Lignite,22,7,34,0,0,63,23-09-2021
Coal,527,978,536,484,10,2534,23-09-2021
Total,970,1162,1007,616,63,3818,23-09-2021
"Gas, Naptha & Diesel",33,20,19,0,30,102,24-09-2021
Lignite,23,8,33,0,0,64,24-09-2021
Total,999,1161,1110,623,62,3955,24-09-2021
Hydro,313,62,171,126,22,693,24-09-2021
Nuclear,31,29,53,0,0,113,24-09-2021
"RES (Wind, Solar, Biomass & Others)",59,60,298,5,0,422,24-09-2021
Coal,541,982,537,493,10,2562,24-09-2021
Coal,549,965,516,493,10,2534,25-09-2021
Lignite,25,11,29,0,0,65,25-09-2021
Hydro,300,54,161,130,20,665,25-09-2021
Nuclear,31,32,54,0,0,118,25-09-2021
"Gas, Naptha & Diesel",31,24,14,0,31,100,25-09-2021
"RES (Wind, Solar, Biomass & Others)",75,71,236,5,0,387,25-09-2021
Total,1011,1158,1010,627,61,3868,25-09-2021
Hydro,281,45,142,127,22,618,26-09-2021
Nuclear,31,33,60,0,0,123,26-09-2021
"Gas, Naptha & Diesel",29,19,11,0,29,90,26-09-2021
"RES (Wind, Solar, Biomass & Others)",76,57,227,5,0,364,26-09-2021
Coal,542,940,487,483,10,2462,26-09-2021
Total,983,1107,955,615,62,3722,26-09-2021
Lignite,25,13,28,0,0,66,26-09-2021
Nuclear,31,33,60,0,0,123,27-09-2021
Hydro,273,45,127,119,22,586,27-09-2021
"Gas, Naptha & Diesel",28,22,11,0,30,90,27-09-2021
"RES (Wind, Solar, Biomass & Others)",80,63,276,4,0,424,27-09-2021
Total,994,1143,991,606,62,3797,27-09-2021
Coal,557,968,488,482,10,2505,27-09-2021
Lignite,25,13,31,0,0,68,27-09-2021
Total,1006,1169,1022,589,62,3849,28-09-2021
Coal,562,952,451,469,10,2444,28-09-2021
Lignite,24,12,36,0,0,72,28-09-2021
Hydro,273,43,147,116,22,602,28-09-2021
Nuclear,31,33,60,0,0,123,28-09-2021
"Gas, Naptha & Diesel",22,25,11,0,30,88,28-09-2021
"RES (Wind, Solar, Biomass & Others)",94,104,317,5,0,520,28-09-2021
"RES (Wind, Solar, Biomass & Others)",108,123,269,4,0,504,29-09-2021
Total,1039,1186,993,597,63,3879,29-09-2021
Coal,568,943,456,468,10,2445,29-09-2021
Lignite,24,11,38,0,0,73,29-09-2021
Hydro,282,52,155,124,23,636,29-09-2021
Nuclear,31,33,64,0,0,128,29-09-2021
"Gas, Naptha & Diesel",27,25,11,0,30,93,29-09-2021
Total,1053,1254,958,589,66,3920,30-09-2021
Coal,609,965,481,465,11,2531,30-09-2021
Lignite,27,11,44,0,0,81,30-09-2021
"RES (Wind, Solar, Biomass & Others)",78,146,189,4,0,418,30-09-2021
"Gas, Naptha & Diesel",33,29,11,0,30,102,30-09-2021
Nuclear,31,33,65,0,0,129,30-09-2021
Hydro,276,70,167,120,25,660,30-09-2021
"RES (Wind, Solar, Biomass & Others)",74,103,136,4,0,318,01-10-2021
Coal,622,1032,487,465,11,2618,01-10-2021
Total,1063,1279,909,584,64,3900,01-10-2021
"Gas, Naptha & Diesel",32,34,10,0,29,104,01-10-2021
Lignite,28,11,44,0,0,83,01-10-2021
Hydro,276,67,167,115,24,649,01-10-2021
Nuclear,31,33,65,0,0,128,01-10-2021
Coal,602,975,461,456,11,2504,02-10-2021
Total,1051,1157,868,574,65,3716,02-10-2021
Hydro,272,54,154,114,24,618,02-10-2021
Nuclear,31,33,65,0,0,129,02-10-2021
Lignite,28,12,43,0,0,82,02-10-2021
"Gas, Naptha & Diesel",35,32,9,0,30,106,02-10-2021
"RES (Wind, Solar, Biomass & Others)",85,51,137,4,0,278,02-10-2021
Coal,566,961,467,458,11,2462,03-10-2021
Hydro,275,61,152,110,24,622,03-10-2021
Nuclear,31,33,65,0,0,129,03-10-2021
"Gas, Naptha & Diesel",24,21,10,0,30,85,03-10-2021
"RES (Wind, Solar, Biomass & Others)",107,67,150,5,0,329,03-10-2021
Total,1031,1155,880,573,65,3704,03-10-2021
Lignite,28,13,37,0,0,77,03-10-2021
Coal,579,1018,508,476,11,2593,04-10-2021
Lignite,26,13,34,0,0,74,04-10-2021
Hydro,263,79,170,117,26,655,04-10-2021
Nuclear,31,33,65,0,0,128,04-10-2021
"RES (Wind, Solar, Biomass & Others)",110,83,147,5,0,345,04-10-2021
"Gas, Naptha & Diesel",35,33,10,0,30,109,04-10-2021
Total,1044,1258,934,598,68,3903,04-10-2021
Nuclear,31,33,65,0,0,128,05-10-2021
Total,1025,1303,913,600,67,3908,05-10-2021
Lignite,26,12,35,0,0,73,05-10-2021
"RES (Wind, Solar, Biomass & Others)",87,66,131,5,0,288,05-10-2021
"Gas, Naptha & Diesel",53,49,9,0,29,140,05-10-2021
Coal,584,1063,509,481,11,2649,05-10-2021
Hydro,244,81,163,114,27,630,05-10-2021
"Gas, Naptha & Diesel",65,54,9,0,28,156,06-10-2021
Nuclear,31,33,65,0,0,129,06-10-2021
Hydro,227,80,146,114,28,594,06-10-2021
Coal,604,1078,517,476,12,2686,06-10-2021
"RES (Wind, Solar, Biomass & Others)",77,64,137,5,0,283,06-10-2021
Lignite,24,12,41,0,0,77,06-10-2021
Total,1027,1321,915,595,68,3925,06-10-2021
Lignite,23,12,40,0,0,75,07-10-2021
Hydro,220,81,160,110,27,599,07-10-2021
Total,1004,1335,965,595,63,3962,07-10-2021
"RES (Wind, Solar, Biomass & Others)",80,63,158,5,0,307,07-10-2021
"Gas, Naptha & Diesel",61,53,9,0,25,148,07-10-2021
Nuclear,31,33,68,0,0,131,07-10-2021
Coal,589,1092,530,480,11,2703,07-10-2021
"Gas, Naptha & Diesel",74,43,9,0,29,156,08-10-2021
Coal,589,1114,527,484,11,2725,08-10-2021
Total,1016,1325,975,597,64,3977,08-10-2021
Nuclear,31,33,56,0,0,120,08-10-2021
Hydro,216,69,161,109,24,579,08-10-2021
Lignite,24,9,36,0,0,69,08-10-2021
"RES (Wind, Solar, Biomass & Others)",83,57,185,5,0,329,08-10-2021
"RES (Wind, Solar, Biomass & Others)",106,59,222,5,0,392,10-10-2021
Lignite,23,8,36,0,0,67,10-10-2021
Hydro,213,54,143,117,24,551,10-10-2021
Nuclear,31,33,69,0,0,132,10-10-2021
Total,981,1247,964,598,64,3854,10-10-2021
Coal,566,1055,485,477,9,2592,10-10-2021
"Gas, Naptha & Diesel",42,37,10,0,31,119,10-10-2021
Coal,599,1090,526,475,10,2700,11-10-2021
Lignite,24,8,44,0,0,75,11-10-2021
Hydro,219,63,154,111,23,570,11-10-2021
Nuclear,30,33,69,0,0,132,11-10-2021
"Gas, Naptha & Diesel",48,35,10,0,30,123,11-10-2021
"RES (Wind, Solar, Biomass & Others)",88,59,207,4,0,358,11-10-2021
Total,1008,1287,1010,590,64,3959,11-10-2021
Total,1027,1310,1022,572,64,3995,12-10-2021
"RES (Wind, Solar, Biomass & Others)",75,51,222,5,0,354,12-10-2021
Coal,629,1110,523,456,10,2728,12-10-2021
Nuclear,31,33,69,0,0,132,12-10-2021
Hydro,214,74,155,111,23,576,12-10-2021
Lignite,25,7,44,0,0,76,12-10-2021
"Gas, Naptha & Diesel",54,35,9,0,30,128,12-10-2021
Hydro,204,62,165,101,22,554,13-10-2021
Nuclear,31,32,69,0,0,133,13-10-2021
"Gas, Naptha & Diesel",44,35,10,0,29,118,13-10-2021
"RES (Wind, Solar, Biomass & Others)",80,60,208,5,0,353,13-10-2021
Total,998,1324,1003,591,62,3978,13-10-2021
Coal,617,1127,512,485,11,2752,13-10-2021
Lignite,23,7,39,0,0,68,13-10-2021
Lignite,21,8,35,0,0,64,14-10-2021
Hydro,199,51,154,92,22,519,14-10-2021
Nuclear,30,33,69,0,0,132,14-10-2021
"Gas, Naptha & Diesel",35,34,17,0,30,115,14-10-2021
"RES (Wind, Solar, Biomass & Others)",80,84,182,5,0,352,14-10-2021
Coal,591,1109,512,499,10,2720,14-10-2021
Total,957,1319,970,595,63,3902,14-10-2021
Nuclear,23,33,65,0,0,121,16-10-2021
"Gas, Naptha & Diesel",22,23,16,0,31,91,16-10-2021
Hydro,196,40,159,90,22,506,16-10-2021
Lignite,25,8,40,0,0,73,16-10-2021
Coal,588,1125,496,491,11,2711,16-10-2021
Total,933,1285,924,585,63,3791,16-10-2021
"RES (Wind, Solar, Biomass & Others)",80,56,148,4,0,289,16-10-2021
Hydro,208,32,150,97,21,509,17-10-2021
Nuclear,26,33,64,0,0,123,17-10-2021
"Gas, Naptha & Diesel",20,21,9,0,30,81,17-10-2021
"RES (Wind, Solar, Biomass & Others)",76,94,187,4,0,361,17-10-2021
Coal,521,1053,449,469,11,2502,17-10-2021
Lignite,26,8,36,0,0,71,17-10-2021
Total,879,1240,896,571,62,3648,17-10-2021
"RES (Wind, Solar, Biomass & Others)",72,132,254,4,0,462,18-10-2021
"Gas, Naptha & Diesel",17,21,9,0,28,76,18-10-2021
Total,831,1236,954,546,59,3626,18-10-2021
Nuclear,27,33,63,0,0,123,18-10-2021
Hydro,221,32,154,102,20,529,18-10-2021
Coal,470,1011,443,440,10,2374,18-10-2021
Lignite,24,8,31,0,0,62,18-10-2021
Coal,510,1062,455,457,12,2497,19-10-2021
Lignite,23,8,34,0,0,65,19-10-2021
Hydro,200,41,174,134,20,570,19-10-2021
Nuclear,27,33,64,0,0,123,19-10-2021
"Gas, Naptha & Diesel",15,18,9,0,29,71,19-10-2021
"RES (Wind, Solar, Biomass & Others)",69,87,173,4,0,333,19-10-2021
Total,845,1249,910,595,61,3660,19-10-2021
Hydro,207,45,167,127,26,571,20-10-2021
"RES (Wind, Solar, Biomass & Others)",95,73,127,5,0,300,20-10-2021
"Gas, Naptha & Diesel",20,23,9,0,29,81,20-10-2021
Total,894,1273,877,616,69,3728,20-10-2021
Coal,523,1092,474,484,14,2587,20-10-2021
Nuclear,27,33,63,0,0,123,20-10-2021
Lignite,22,8,37,0,0,67,20-10-2021
"RES (Wind, Solar, Biomass & Others)",115,80,129,5,0,329,21-10-2021
Coal,521,1082,483,455,12,2552,21-10-2021
Lignite,21,8,41,0,0,71,21-10-2021
Total,919,1266,884,595,62,3725,21-10-2021
Nuclear,27,33,64,0,0,124,21-10-2021
"Gas, Naptha & Diesel",28,21,9,0,23,80,21-10-2021
Hydro,206,43,159,135,27,569,21-10-2021
Hydro,201,51,159,131,22,563,22-10-2021
Lignite,21,8,44,0,0,74,22-10-2021
Coal,522,1110,463,456,11,2562,22-10-2021
Total,929,1316,871,591,56,3763,22-10-2021
"RES (Wind, Solar, Biomass & Others)",126,95,132,5,0,358,22-10-2021
"Gas, Naptha & Diesel",28,19,9,0,23,78,22-10-2021
Nuclear,30,33,64,0,0,127,22-10-2021
Coal,491,1098,452,467,12,2519,23-10-2021
Lignite,23,8,49,0,0,80,23-10-2021
Hydro,200,50,150,125,19,544,23-10-2021
Nuclear,31,33,63,0,0,128,23-10-2021
Total,870,1321,851,597,60,3699,23-10-2021
"Gas, Naptha & Diesel",25,27,9,0,29,89,23-10-2021
"RES (Wind, Solar, Biomass & Others)",101,105,128,5,0,339,23-10-2021
"RES (Wind, Solar, Biomass & Others)",75,80,132,5,0,291,24-10-2021
Total,808,1253,815,573,58,3508,24-10-2021
Nuclear,32,33,69,0,0,133,24-10-2021
Hydro,196,41,141,122,18,518,24-10-2021
Lignite,25,9,48,0,0,81,24-10-2021
Coal,464,1072,418,446,11,2411,24-10-2021
"Gas, Naptha & Diesel",16,19,8,0,29,73,24-10-2021
Coal,470,1080,467,491,11,2520,25-10-2021
Lignite,24,9,49,0,0,81,25-10-2021
Hydro,185,49,144,113,19,510,25-10-2021
Nuclear,32,33,69,0,0,134,25-10-2021
"Gas, Naptha & Diesel",17,32,8,0,29,86,25-10-2021
"RES (Wind, Solar, Biomass & Others)",94,55,133,5,0,286,25-10-2021
Total,821,1258,870,608,60,3617,25-10-2021
Total,815,1307,884,631,59,3696,26-10-2021
"Gas, Naptha & Diesel",16,26,9,0,29,80,26-10-2021
Nuclear,32,33,68,0,0,133,26-10-2021
Hydro,193,52,146,107,18,516,26-10-2021
Lignite,24,8,48,0,0,81,26-10-2021
Coal,471,1119,465,520,11,2586,26-10-2021
"RES (Wind, Solar, Biomass & Others)",79,69,147,5,0,301,26-10-2021
Coal,459,1110,467,518,11,2566,27-10-2021
Lignite,24,8,44,0,0,76,27-10-2021
Hydro,187,55,142,100,19,502,27-10-2021
Total,797,1318,890,622,59,3686,27-10-2021
"RES (Wind, Solar, Biomass & Others)",78,99,159,5,0,341,27-10-2021
"Gas, Naptha & Diesel",16,14,9,0,29,68,27-10-2021
Nuclear,32,33,68,0,0,133,27-10-2021
Hydro,185,53,153,98,18,507,28-10-2021
Nuclear,32,33,69,0,0,133,28-10-2021
"Gas, Naptha & Diesel",16,14,9,0,29,67,28-10-2021
Coal,451,1108,463,503,10,2534,28-10-2021
Lignite,25,9,44,0,0,78,28-10-2021
Total,789,1322,885,606,57,3659,28-10-2021
"RES (Wind, Solar, Biomass & Others)",81,104,148,5,0,338,28-10-2021
Hydro,181,48,159,98,18,502,29-10-2021
"Gas, Naptha & Diesel",16,14,9,0,29,69,29-10-2021
Coal,458,1123,466,510,11,2568,29-10-2021
"RES (Wind, Solar, Biomass & Others)",80,94,114,5,0,292,29-10-2021
Nuclear,32,33,69,0,0,134,29-10-2021
Lignite,25,9,40,0,0,73,29-10-2021
Total,791,1320,856,613,58,3639,29-10-2021
"Gas, Naptha & Diesel",14,15,9,0,29,66,30-10-2021
"RES (Wind, Solar, Biomass & Others)",80,96,130,4,0,310,30-10-2021
Total,778,1301,831,611,58,3579,30-10-2021
Coal,450,1103,437,513,10,2513,30-10-2021
Hydro,175,45,150,94,18,482,30-10-2021
Nuclear,32,33,69,0,0,134,30-10-2021
Lignite,27,9,37,0,0,73,30-10-2021
"Gas, Naptha & Diesel",16,10,8,0,30,64,31-10-2021
Coal,424,1107,424,483,11,2448,31-10-2021
Lignite,28,10,39,0,0,76,31-10-2021
Hydro,173,40,146,83,18,460,31-10-2021
Nuclear,32,33,69,0,0,134,31-10-2021
Total,753,1273,806,570,58,3461,31-10-2021
"RES (Wind, Solar, Biomass & Others)",81,72,120,5,0,278,31-10-2021
Hydro,159,39,137,81,16,433,01-11-2021
Nuclear,32,33,69,0,0,134,01-11-2021
"Gas, Naptha & Diesel",16,12,10,0,30,67,01-11-2021
"RES (Wind, Solar, Biomass & Others)",98,64,114,5,0,281,01-11-2021
Lignite,29,10,36,0,0,75,01-11-2021
Coal,454,1106,443,506,11,2520,01-11-2021
Total,788,1264,809,592,58,3510,01-11-2021
Nuclear,32,33,69,0,0,134,02-11-2021
Total,777,1294,826,591,57,3545,02-11-2021
Lignite,29,10,29,0,0,68,02-11-2021
"RES (Wind, Solar, Biomass & Others)",75,78,141,5,0,299,02-11-2021
"Gas, Naptha & Diesel",17,12,11,0,29,68,02-11-2021
Hydro,154,34,137,78,16,419,02-11-2021
Coal,470,1128,439,508,12,2557,02-11-2021
Nuclear,32,33,69,0,0,134,03-11-2021
Total,773,1248,805,592,55,3473,03-11-2021
Lignite,28,10,28,0,0,66,03-11-2021
Coal,460,1077,432,513,11,2493,03-11-2021
"RES (Wind, Solar, Biomass & Others)",87,89,118,5,0,300,03-11-2021
Hydro,149,29,147,74,17,416,03-11-2021
"Gas, Naptha & Diesel",16,10,11,0,27,64,03-11-2021
Coal,415,952,374,463,10,2215,04-11-2021
Lignite,29,10,32,0,0,70,04-11-2021
Hydro,145,25,127,73,16,386,04-11-2021
Nuclear,32,33,68,0,0,134,04-11-2021
Total,713,1116,727,541,56,3154,04-11-2021
"Gas, Naptha & Diesel",16,10,9,0,29,64,04-11-2021
"RES (Wind, Solar, Biomass & Others)",76,85,118,5,0,284,04-11-2021
"RES (Wind, Solar, Biomass & Others)",74,87,130,5,0,296,05-11-2021
"Gas, Naptha & Diesel",14,10,9,0,29,61,05-11-2021
Nuclear,32,33,68,0,0,133,05-11-2021
Lignite,28,10,27,0,0,65,05-11-2021
Coal,385,867,359,453,8,2073,05-11-2021
Total,683,1031,728,529,53,3023,05-11-2021
Hydro,150,24,134,71,15,395,05-11-2021
Total,691,1080,765,568,51,3155,06-11-2021
"RES (Wind, Solar, Biomass & Others)",73,93,145,5,0,316,06-11-2021
"Gas, Naptha & Diesel",15,10,9,0,29,63,06-11-2021
Nuclear,27,33,69,0,0,129,06-11-2021
Hydro,149,25,146,71,16,407,06-11-2021
Lignite,29,10,27,0,0,66,06-11-2021
Coal,398,909,370,491,6,2174,06-11-2021
"RES (Wind, Solar, Biomass & Others)",68,105,110,5,0,288,07-11-2021
Lignite,27,10,33,0,0,70,07-11-2021
Hydro,145,27,154,66,14,406,07-11-2021
"Gas, Naptha & Diesel",16,10,8,0,30,64,07-11-2021
Coal,416,929,371,507,7,2231,07-11-2021
Nuclear,27,33,69,0,0,129,07-11-2021
Total,699,1114,746,577,52,3189,07-11-2021
Total,715,1208,775,611,56,3364,08-11-2021
Coal,439,997,413,537,10,2395,08-11-2021
Lignite,24,11,25,0,0,61,08-11-2021
Hydro,139,36,149,70,16,410,08-11-2021
Nuclear,27,33,69,0,0,129,08-11-2021
"Gas, Naptha & Diesel",17,13,7,0,30,66,08-11-2021
"RES (Wind, Solar, Biomass & Others)",69,118,111,5,0,304,08-11-2021
Coal,472,1072,431,524,13,2512,09-11-2021
Lignite,23,12,21,0,0,56,09-11-2021
Hydro,133,32,141,66,16,388,09-11-2021
"Gas, Naptha & Diesel",18,13,7,0,29,67,09-11-2021
Total,747,1262,797,594,57,3458,09-11-2021
"RES (Wind, Solar, Biomass & Others)",73,100,128,5,0,306,09-11-2021
Nuclear,27,33,69,0,0,129,09-11-2021
Coal,501,1089,447,527,12,2577,10-11-2021
Total,773,1266,807,596,57,3497,10-11-2021
Hydro,134,35,145,64,15,393,10-11-2021
Lignite,25,11,20,0,0,56,10-11-2021
"RES (Wind, Solar, Biomass & Others)",69,86,117,5,0,277,10-11-2021
Nuclear,27,33,69,0,0,129,10-11-2021
"Gas, Naptha & Diesel",17,11,9,0,29,66,10-11-2021
Coal,506,1075,400,521,11,2514,11-11-2021
Lignite,27,11,21,0,0,59,11-11-2021
Hydro,128,37,139,60,15,378,11-11-2021
Nuclear,27,33,64,0,0,124,11-11-2021
Total,781,1273,761,585,52,3451,11-11-2021
"Gas, Naptha & Diesel",16,8,9,0,26,59,11-11-2021
"RES (Wind, Solar, Biomass & Others)",77,107,128,5,0,317,11-11-2021
"Gas, Naptha & Diesel",16,10,9,0,23,57,12-11-2021
"RES (Wind, Solar, Biomass & Others)",77,113,150,5,0,344,12-11-2021
Lignite,27,11,30,0,0,68,12-11-2021
Coal,502,1079,405,531,13,2531,12-11-2021
Total,782,1280,786,599,52,3499,12-11-2021
Nuclear,27,33,64,0,0,125,12-11-2021
Hydro,134,35,128,63,15,375,12-11-2021
Coal,487,1115,424,530,13,2568,13-11-2021
"RES (Wind, Solar, Biomass & Others)",74,109,125,4,0,312,13-11-2021
"Gas, Naptha & Diesel",16,11,9,0,28,64,13-11-2021
Nuclear,27,33,68,0,0,128,13-11-2021
Hydro,133,37,122,60,14,366,13-11-2021
Lignite,28,11,31,0,0,70,13-11-2021
Total,765,1316,778,594,56,3509,13-11-2021
Coal,463,1113,415,521,11,2524,14-11-2021
Total,748,1285,757,582,55,3427,14-11-2021
Hydro,130,29,107,56,14,337,14-11-2021
"RES (Wind, Solar, Biomass & Others)",82,87,129,5,0,303,14-11-2021
"Gas, Naptha & Diesel",16,11,9,0,29,64,14-11-2021
Nuclear,27,33,69,0,0,129,14-11-2021
Lignite,30,11,28,0,0,70,14-11-2021
Nuclear,27,33,69,0,0,130,15-11-2021
Hydro,134,42,102,60,14,351,15-11-2021
"RES (Wind, Solar, Biomass & Others)",81,99,143,5,0,329,15-11-2021
"Gas, Naptha & Diesel",16,12,8,0,30,66,15-11-2021
Lignite,26,11,29,0,0,66,15-11-2021
Coal,476,1159,405,529,14,2583,15-11-2021
Total,761,1355,757,594,58,3525,15-11-2021
Nuclear,27,33,69,0,0,129,16-11-2021
Hydro,130,35,99,57,14,335,16-11-2021
Coal,488,1146,406,526,12,2579,16-11-2021
"RES (Wind, Solar, Biomass & Others)",87,156,134,5,0,381,16-11-2021
Total,775,1389,747,588,57,3556,16-11-2021
"Gas, Naptha & Diesel",16,11,9,0,30,65,16-11-2021
Lignite,27,8,31,0,0,66,16-11-2021
Total,796,1368,739,590,57,3550,17-11-2021
"RES (Wind, Solar, Biomass & Others)",92,128,113,4,0,338,17-11-2021
Nuclear,27,32,54,0,0,114,17-11-2021
Hydro,128,38,116,55,13,350,17-11-2021
Lignite,28,5,32,0,0,65,17-11-2021
Coal,505,1153,414,531,14,2617,17-11-2021
"Gas, Naptha & Diesel",16,11,9,0,30,66,17-11-2021
Lignite,28,7,36,0,0,71,18-11-2021
Coal,505,1177,393,540,14,2629,18-11-2021
Nuclear,27,32,47,0,0,105,18-11-2021
Hydro,129,42,122,54,14,361,18-11-2021
"Gas, Naptha & Diesel",17,11,9,0,29,67,18-11-2021
"RES (Wind, Solar, Biomass & Others)",89,96,88,5,0,279,18-11-2021
Total,796,1364,694,599,58,3511,18-11-2021
Coal,488,1140,381,525,11,2545,19-11-2021
Lignite,25,8,32,0,0,65,19-11-2021
Nuclear,26,32,47,0,0,104,19-11-2021
"Gas, Naptha & Diesel",20,11,9,0,29,68,19-11-2021
"RES (Wind, Solar, Biomass & Others)",88,77,159,5,0,330,19-11-2021
Total,772,1298,719,585,53,3427,19-11-2021
Hydro,124,30,92,55,14,314,19-11-2021
"RES (Wind, Solar, Biomass & Others)",81,109,152,4,0,347,20-11-2021
Coal,510,1105,389,523,11,2538,20-11-2021
Lignite,24,8,35,0,0,67,20-11-2021
Total,783,1296,723,581,56,3438,20-11-2021
Nuclear,24,32,47,0,0,102,20-11-2021
"Gas, Naptha & Diesel",19,9,9,0,30,67,20-11-2021
Hydro,125,32,92,54,14,317,20-11-2021
Total,749,1269,676,557,53,3303,21-11-2021
"RES (Wind, Solar, Biomass & Others)",94,131,106,4,0,335,21-11-2021
"Gas, Naptha & Diesel",20,8,9,0,30,66,21-11-2021
Hydro,119,27,98,51,13,308,21-11-2021
Lignite,24,9,38,0,0,70,21-11-2021
Coal,467,1063,380,501,10,2421,21-11-2021
Nuclear,26,32,46,0,0,103,21-11-2021
Hydro,115,35,106,52,13,321,22-11-2021
Total,761,1335,705,592,53,3445,22-11-2021
"RES (Wind, Solar, Biomass & Others)",93,98,117,4,0,313,22-11-2021
"Gas, Naptha & Diesel",14,8,9,0,28,59,22-11-2021
Coal,489,1151,396,536,11,2583,22-11-2021
Lignite,24,11,31,0,0,66,22-11-2021
Nuclear,27,32,45,0,0,103,22-11-2021
Total,771,1364,728,605,55,3523,23-11-2021
Nuclear,25,32,46,0,0,103,23-11-2021
"Gas, Naptha & Diesel",15,10,9,0,29,62,23-11-2021
"RES (Wind, Solar, Biomass & Others)",83,59,121,4,0,268,23-11-2021
Coal,508,1213,414,548,12,2695,23-11-2021
Lignite,26,13,32,0,0,70,23-11-2021
Hydro,114,37,106,53,14,325,23-11-2021
Nuclear,23,33,55,0,0,110,24-11-2021
Total,777,1373,748,606,57,3561,24-11-2021
"Gas, Naptha & Diesel",15,10,9,0,29,64,24-11-2021
Coal,513,1221,424,549,13,2719,24-11-2021
Lignite,26,14,35,0,0,76,24-11-2021
Hydro,115,38,101,52,15,320,24-11-2021
"RES (Wind, Solar, Biomass & Others)",84,58,124,5,0,271,24-11-2021
Nuclear,23,33,64,0,0,120,25-11-2021
Hydro,115,35,96,51,15,312,25-11-2021
"Gas, Naptha & Diesel",16,10,15,0,29,71,25-11-2021
Lignite,25,15,32,0,0,71,25-11-2021
"RES (Wind, Solar, Biomass & Others)",85,59,145,5,0,294,25-11-2021
Total,765,1389,768,596,57,3576,25-11-2021
Coal,501,1236,417,541,12,2708,25-11-2021
"RES (Wind, Solar, Biomass & Others)",83,58,143,5,0,288,26-11-2021
Hydro,116,34,106,51,14,322,26-11-2021
Nuclear,23,33,69,0,0,125,26-11-2021
"Gas, Naptha & Diesel",16,10,19,0,29,74,26-11-2021
Coal,510,1263,410,527,12,2723,26-11-2021
Total,773,1413,764,583,55,3589,26-11-2021
Lignite,25,15,17,0,0,57,26-11-2021
Total,785,1409,731,563,55,3542,27-11-2021
"RES (Wind, Solar, Biomass & Others)",82,60,137,5,0,284,27-11-2021
Coal,522,1258,390,508,12,2690,27-11-2021
"Gas, Naptha & Diesel",16,11,17,0,29,72,27-11-2021
Nuclear,23,33,70,0,0,126,27-11-2021
Lignite,23,15,18,0,0,56,27-11-2021
Hydro,118,33,100,50,14,315,27-11-2021
Total,777,1356,684,527,53,3397,28-11-2021
"RES (Wind, Solar, Biomass & Others)",83,91,125,5,0,304,28-11-2021
"Gas, Naptha & Diesel",15,8,25,0,29,78,28-11-2021
Coal,515,1177,357,478,10,2537,28-11-2021
Nuclear,23,33,69,0,0,125,28-11-2021
Hydro,117,32,88,44,13,294,28-11-2021
Lignite,23,14,20,0,0,58,28-11-2021
"RES (Wind, Solar, Biomass & Others)",98,111,111,4,0,325,29-11-2021
Lignite,24,15,20,0,0,59,29-11-2021
Hydro,112,36,104,46,12,311,29-11-2021
Total,792,1384,693,554,53,3476,29-11-2021
"Gas, Naptha & Diesel",16,8,25,0,29,77,29-11-2021
Nuclear,23,33,69,0,0,125,29-11-2021
Coal,519,1181,364,503,12,2579,29-11-2021
Coal,529,1169,370,509,12,2590,30-11-2021
Nuclear,23,33,69,0,0,125,30-11-2021
Hydro,115,39,99,48,12,313,30-11-2021
"Gas, Naptha & Diesel",16,9,24,0,27,75,30-11-2021
"RES (Wind, Solar, Biomass & Others)",93,116,128,5,0,343,30-11-2021
Lignite,24,15,21,0,0,60,30-11-2021
Total,800,1381,712,562,51,3506,30-11-2021
"RES (Wind, Solar, Biomass & Others)",65,97,158,5,0,325,01-12-2021
"Gas, Naptha & Diesel",16,10,10,0,29,65,01-12-2021
Nuclear,23,33,69,0,0,125,01-12-2021
Hydro,113,32,102,47,12,306,01-12-2021
Lignite,25,13,31,0,0,68,01-12-2021
Coal,512,1146,374,509,13,2554,01-12-2021
Total,754,1330,745,561,53,3443,01-12-2021
Hydro,112,31,109,45,12,308,02-12-2021
Nuclear,23,33,69,0,0,126,02-12-2021
"Gas, Naptha & Diesel",15,9,9,0,29,63,02-12-2021
Total,751,1302,724,540,53,3370,02-12-2021
"RES (Wind, Solar, Biomass & Others)",80,89,129,5,0,302,02-12-2021
Coal,498,1128,374,491,12,2503,02-12-2021
Lignite,22,12,35,0,0,69,02-12-2021
Lignite,19,12,32,0,0,63,03-12-2021
Coal,483,1165,387,496,13,2544,03-12-2021
Hydro,114,32,115,48,12,320,03-12-2021
Nuclear,23,33,27,0,0,83,03-12-2021
"Gas, Naptha & Diesel",16,11,9,0,28,64,03-12-2021
"RES (Wind, Solar, Biomass & Others)",88,100,114,5,0,307,03-12-2021
Total,743,1352,685,548,53,3381,03-12-2021
Hydro,117,30,110,48,12,316,04-12-2021
"RES (Wind, Solar, Biomass & Others)",88,83,112,5,0,287,04-12-2021
"Gas, Naptha & Diesel",16,8,9,0,27,60,04-12-2021
Nuclear,23,33,69,0,0,125,04-12-2021
Total,737,1365,726,564,52,3445,04-12-2021
Coal,476,1199,395,512,13,2594,04-12-2021
Lignite,18,12,32,0,0,62,04-12-2021
Lignite,21,15,34,0,0,70,05-12-2021
Nuclear,23,33,69,0,0,125,05-12-2021
"Gas, Naptha & Diesel",16,8,9,0,30,63,05-12-2021
"RES (Wind, Solar, Biomass & Others)",87,86,112,4,0,290,05-12-2021
Total,739,1328,710,556,53,3386,05-12-2021
Hydro,116,25,94,44,12,291,05-12-2021
Coal,476,1160,391,509,11,2547,05-12-2021
"RES (Wind, Solar, Biomass & Others)",90,109,121,4,0,325,06-12-2021
"Gas, Naptha & Diesel",16,8,8,0,29,61,06-12-2021
Nuclear,23,33,69,0,0,125,06-12-2021
Hydro,118,31,95,42,11,299,06-12-2021
Lignite,23,15,36,0,0,74,06-12-2021
Coal,490,1197,419,519,8,2633,06-12-2021
Total,760,1393,750,566,49,3517,06-12-2021
"Gas, Naptha & Diesel",16,8,9,0,29,61,07-12-2021
Nuclear,23,33,69,0,0,125,07-12-2021
Hydro,115,33,85,39,12,284,07-12-2021
"RES (Wind, Solar, Biomass & Others)",98,120,137,5,0,361,07-12-2021
Coal,503,1195,451,530,11,2691,07-12-2021
Total,778,1405,786,574,52,3593,07-12-2021
Lignite,22,15,34,0,0,71,07-12-2021
"Gas, Naptha & Diesel",16,8,9,0,27,60,08-12-2021
Nuclear,23,33,68,0,0,124,08-12-2021
Hydro,113,34,95,42,12,296,08-12-2021
Lignite,22,15,33,0,0,70,08-12-2021
Coal,492,1226,471,522,8,2719,08-12-2021
Total,760,1423,832,569,48,3631,08-12-2021
"RES (Wind, Solar, Biomass & Others)",94,107,156,4,0,362,08-12-2021
Total,767,1434,827,573,52,3654,09-12-2021
"RES (Wind, Solar, Biomass & Others)",100,114,131,4,0,350,09-12-2021
"Gas, Naptha & Diesel",16,8,9,0,28,61,09-12-2021
Nuclear,23,33,69,0,0,125,09-12-2021
Hydro,113,34,104,40,12,303,09-12-2021
Lignite,22,15,35,0,0,72,09-12-2021
Coal,493,1230,480,529,12,2744,09-12-2021
Coal,517,1211,442,508,13,2691,10-12-2021
Lignite,23,14,36,0,0,73,10-12-2021
Hydro,114,32,99,41,12,298,10-12-2021
Total,794,1441,809,553,54,3651,10-12-2021
"RES (Wind, Solar, Biomass & Others)",102,141,153,4,0,401,10-12-2021
"Gas, Naptha & Diesel",15,10,9,0,29,63,10-12-2021
Nuclear,23,33,69,0,0,125,10-12-2021
Lignite,25,14,36,0,0,76,11-12-2021
Total,790,1413,823,551,53,3630,11-12-2021
"RES (Wind, Solar, Biomass & Others)",93,107,169,5,0,374,11-12-2021
"Gas, Naptha & Diesel",15,10,9,0,29,63,11-12-2021
Nuclear,27,33,69,0,0,129,11-12-2021
Hydro,114,33,98,39,12,296,11-12-2021
Coal,516,1215,443,507,12,2693,11-12-2021
Total,773,1344,794,533,53,3497,12-12-2021
"RES (Wind, Solar, Biomass & Others)",97,85,171,5,0,358,12-12-2021
"Gas, Naptha & Diesel",14,10,9,0,30,63,12-12-2021
Nuclear,27,33,70,0,0,130,12-12-2021
Hydro,112,27,78,35,11,264,12-12-2021
Lignite,22,15,36,0,0,73,12-12-2021
Coal,500,1173,431,494,11,2609,12-12-2021
Coal,513,1215,455,528,12,2724,13-12-2021
Lignite,20,15,36,0,0,72,13-12-2021
Nuclear,27,33,69,0,0,129,13-12-2021
"Gas, Naptha & Diesel",15,10,9,0,30,64,13-12-2021
"RES (Wind, Solar, Biomass & Others)",86,83,163,5,0,337,13-12-2021
Total,777,1390,824,570,54,3615,13-12-2021
Hydro,115,34,91,37,12,288,13-12-2021
Total,799,1417,841,561,54,3673,14-12-2021
Lignite,19,15,39,0,0,73,14-12-2021
Hydro,109,38,91,39,12,289,14-12-2021
Nuclear,27,33,69,0,0,130,14-12-2021
"Gas, Naptha & Diesel",15,11,9,0,30,65,14-12-2021
"RES (Wind, Solar, Biomass & Others)",93,95,150,5,0,343,14-12-2021
Coal,536,1225,484,516,12,2773,14-12-2021
Nuclear,28,33,69,0,0,130,15-12-2021
"RES (Wind, Solar, Biomass & Others)",87,117,158,4,0,367,15-12-2021
Hydro,112,39,86,38,11,286,15-12-2021
Lignite,20,13,37,0,0,71,15-12-2021
Total,818,1432,844,545,54,3693,15-12-2021
Coal,556,1220,484,503,13,2776,15-12-2021
"Gas, Naptha & Diesel",14,10,9,0,30,63,15-12-2021
"Gas, Naptha & Diesel",15,12,9,0,29,65,16-12-2021
Nuclear,28,33,69,0,0,130,16-12-2021
Hydro,112,34,82,31,13,271,16-12-2021
Total,836,1436,835,557,56,3719,16-12-2021
Coal,567,1224,465,521,13,2790,16-12-2021
"RES (Wind, Solar, Biomass & Others)",92,121,173,5,0,390,16-12-2021
Lignite,23,13,37,0,0,73,16-12-2021
Total,830,1457,838,564,48,3737,17-12-2021
Lignite,24,10,37,0,0,71,17-12-2021
"Gas, Naptha & Diesel",15,10,9,0,29,64,17-12-2021
Nuclear,28,33,70,0,0,130,17-12-2021
Hydro,113,33,87,29,6,268,17-12-2021
Coal,548,1210,473,531,12,2774,17-12-2021
"RES (Wind, Solar, Biomass & Others)",103,160,162,5,0,430,17-12-2021
Total,847,1430,822,565,47,3711,18-12-2021
Coal,569,1189,460,533,12,2762,18-12-2021
Nuclear,28,33,70,0,0,130,18-12-2021
"Gas, Naptha & Diesel",11,11,9,0,29,60,18-12-2021
Hydro,108,28,71,28,6,242,18-12-2021
Lignite,24,10,35,0,0,68,18-12-2021
"RES (Wind, Solar, Biomass & Others)",107,160,178,5,0,449,18-12-2021
Total,834,1345,788,548,49,3564,19-12-2021
Coal,558,1131,423,515,10,2637,19-12-2021
Lignite,24,9,34,0,0,67,19-12-2021
Hydro,107,29,66,29,10,241,19-12-2021
Nuclear,32,33,70,0,0,135,19-12-2021
"Gas, Naptha & Diesel",15,9,9,0,29,62,19-12-2021
"RES (Wind, Solar, Biomass & Others)",100,133,185,5,0,424,19-12-2021
"Gas, Naptha & Diesel",15,10,7,0,29,61,20-12-2021
Nuclear,33,33,69,0,0,136,20-12-2021
Hydro,108,33,78,32,12,263,20-12-2021
"RES (Wind, Solar, Biomass & Others)",94,81,172,5,0,352,20-12-2021
Coal,595,1214,467,545,13,2834,20-12-2021
Lignite,21,10,41,0,0,72,20-12-2021
Total,866,1381,835,581,54,3717,20-12-2021
"RES (Wind, Solar, Biomass & Others)",90,51,148,5,0,295,21-12-2021
"Gas, Naptha & Diesel",15,13,6,0,30,63,21-12-2021
Nuclear,32,33,70,0,0,135,21-12-2021
Hydro,111,37,94,30,11,283,21-12-2021
Total,877,1433,845,584,55,3794,21-12-2021
Lignite,22,11,41,0,0,74,21-12-2021
Coal,607,1288,486,549,14,2944,21-12-2021
Hydro,109,35,87,29,11,270,22-12-2021
"Gas, Naptha & Diesel",15,13,6,0,28,62,22-12-2021
"RES (Wind, Solar, Biomass & Others)",88,51,138,5,0,281,22-12-2021
Total,907,1439,837,588,53,3825,22-12-2021
Lignite,22,12,39,0,0,72,22-12-2021
Coal,641,1297,498,554,13,3004,22-12-2021
Nuclear,33,33,70,0,0,135,22-12-2021
"RES (Wind, Solar, Biomass & Others)",64,54,145,4,0,268,23-12-2021
Total,892,1458,860,588,51,3849,23-12-2021
"Gas, Naptha & Diesel",15,12,8,0,26,61,23-12-2021
Nuclear,33,33,69,0,0,135,23-12-2021
Hydro,109,36,90,31,11,277,23-12-2021
Lignite,23,12,38,0,0,73,23-12-2021
Coal,648,1311,510,552,14,3035,23-12-2021
"RES (Wind, Solar, Biomass & Others)",78,51,150,5,0,284,24-12-2021
Hydro,106,38,87,28,11,269,24-12-2021
Lignite,24,12,44,0,0,80,24-12-2021
Coal,657,1309,520,553,14,3053,24-12-2021
Total,913,1455,879,586,51,3884,24-12-2021
"Gas, Naptha & Diesel",15,13,8,0,26,62,24-12-2021
Nuclear,33,33,70,0,0,136,24-12-2021
Nuclear,33,33,70,0,0,136,25-12-2021
Lignite,27,11,45,0,0,83,25-12-2021
Coal,603,1287,528,567,13,2998,25-12-2021
"Gas, Naptha & Diesel",15,10,8,0,25,58,25-12-2021
Hydro,105,44,78,28,11,266,25-12-2021
"RES (Wind, Solar, Biomass & Others)",79,51,149,5,0,283,25-12-2021
Total,862,1437,877,599,49,3824,25-12-2021
Total,808,1399,854,576,46,3684,26-12-2021
"RES (Wind, Solar, Biomass & Others)",53,50,155,5,0,263,26-12-2021
"Gas, Naptha & Diesel",12,10,9,0,26,57,26-12-2021
Coal,580,1257,503,545,9,2894,26-12-2021
Hydro,104,37,71,27,11,250,26-12-2021
Lignite,25,12,46,0,0,83,26-12-2021
Nuclear,33,33,70,0,0,136,26-12-2021
Nuclear,33,33,69,0,0,135,27-12-2021
Lignite,24,13,44,0,0,81,27-12-2021
Hydro,106,42,76,27,10,262,27-12-2021
"Gas, Naptha & Diesel",12,11,9,0,25,56,27-12-2021
"RES (Wind, Solar, Biomass & Others)",77,60,177,5,0,319,27-12-2021
Total,831,1423,885,577,44,3761,27-12-2021
Coal,579,1265,510,545,9,2908,27-12-2021
Coal,570,1225,487,552,9,2843,28-12-2021
Lignite,24,12,45,0,0,81,28-12-2021
Hydro,104,37,76,25,11,253,28-12-2021
Nuclear,29,33,69,0,0,130,28-12-2021
Total,806,1407,871,582,45,3711,28-12-2021
"RES (Wind, Solar, Biomass & Others)",67,88,185,4,0,345,28-12-2021
"Gas, Naptha & Diesel",13,12,9,0,25,59,28-12-2021
Hydro,103,32,82,29,11,257,29-12-2021
Nuclear,28,33,69,0,0,131,29-12-2021
"RES (Wind, Solar, Biomass & Others)",96,101,165,4,0,366,29-12-2021
"Gas, Naptha & Diesel",13,7,9,0,26,55,29-12-2021
Coal,555,1181,481,536,8,2761,29-12-2021
Total,818,1364,854,569,46,3652,29-12-2021
Lignite,23,10,48,0,0,82,29-12-2021
Coal,555,1172,470,532,8,2737,30-12-2021
Lignite,23,10,46,0,0,78,30-12-2021
Hydro,100,30,75,30,11,246,30-12-2021
Nuclear,28,33,70,0,0,131,30-12-2021
"Gas, Naptha & Diesel",14,9,9,0,26,58,30-12-2021
Total,814,1428,862,566,45,3716,30-12-2021
"RES (Wind, Solar, Biomass & Others)",94,174,192,4,0,465,30-12-2021
Total,830,1439,871,579,48,3767,31-12-2021
"RES (Wind, Solar, Biomass & Others)",92,160,172,4,0,428,31-12-2021
"Gas, Naptha & Diesel",15,11,10,0,26,63,31-12-2021
Nuclear,28,33,70,0,0,130,31-12-2021
Hydro,101,33,84,30,11,258,31-12-2021
Lignite,21,12,44,0,0,77,31-12-2021
Coal,572,1190,493,545,10,2810,31-12-2021
Total,839,1380,863,566,46,3694,01-01-2022
"RES (Wind, Solar, Biomass & Others)",97,103,172,4,0,377,01-01-2022
"Gas, Naptha & Diesel",15,11,10,0,26,62,01-01-2022
Nuclear,32,33,70,0,0,135,01-01-2022
Hydro,104,31,77,25,10,247,01-01-2022
Lignite,24,15,40,0,0,79,01-01-2022
Coal,566,1187,494,537,10,2795,01-01-2022
"Gas, Naptha & Diesel",15,10,9,0,26,60,02-01-2022
Coal,514,1162,466,536,8,2686,02-01-2022
Lignite,24,15,39,0,0,78,02-01-2022
Hydro,106,29,65,20,10,230,02-01-2022
Nuclear,33,25,70,0,0,127,02-01-2022
"RES (Wind, Solar, Biomass & Others)",108,94,188,5,0,395,02-01-2022
Total,800,1334,837,561,44,3576,02-01-2022
Coal,574,1227,515,540,9,2867,03-01-2022
Lignite,24,14,40,0,0,78,03-01-2022
Hydro,106,34,93,23,11,267,03-01-2022
Nuclear,33,20,70,0,0,123,03-01-2022
"Gas, Naptha & Diesel",15,11,9,0,25,60,03-01-2022
"RES (Wind, Solar, Biomass & Others)",103,79,179,5,0,367,03-01-2022
Total,854,1386,907,569,46,3761,03-01-2022
Total,850,1437,931,577,44,3839,04-01-2022
Lignite,25,14,40,0,0,79,04-01-2022
Hydro,107,34,86,22,10,260,04-01-2022
Nuclear,33,21,70,0,0,123,04-01-2022
"Gas, Naptha & Diesel",13,9,9,0,24,56,04-01-2022
Coal,596,1295,539,550,9,2990,04-01-2022
"RES (Wind, Solar, Biomass & Others)",76,63,187,5,0,331,04-01-2022
Coal,603,1294,541,532,10,2980,05-01-2022
Nuclear,33,21,70,0,0,124,05-01-2022
"Gas, Naptha & Diesel",16,8,9,0,25,59,05-01-2022
Hydro,107,31,95,22,10,264,05-01-2022
Lignite,24,12,35,0,0,71,05-01-2022
Total,835,1420,917,559,44,3775,05-01-2022
"RES (Wind, Solar, Biomass & Others)",52,53,167,5,0,278,05-01-2022
Total,822,1367,901,563,45,3698,06-01-2022
"RES (Wind, Solar, Biomass & Others)",60,42,175,5,0,282,06-01-2022
"Gas, Naptha & Diesel",15,8,9,0,25,57,06-01-2022
Nuclear,33,21,57,0,0,111,06-01-2022
Hydro,104,33,97,23,10,267,06-01-2022
Lignite,21,11,35,0,0,67,06-01-2022
Coal,590,1251,529,535,9,2914,06-01-2022
Coal,587,1256,531,538,9,2921,07-01-2022
Lignite,21,9,38,0,0,67,07-01-2022
Hydro,101,29,95,24,10,260,07-01-2022
Nuclear,33,21,47,0,0,100,07-01-2022
"Gas, Naptha & Diesel",15,10,9,0,25,58,07-01-2022
Total,808,1405,885,567,44,3709,07-01-2022
"RES (Wind, Solar, Biomass & Others)",52,80,165,5,0,302,07-01-2022
"Gas, Naptha & Diesel",14,8,9,0,26,57,08-01-2022
Coal,519,1190,518,541,7,2775,08-01-2022
Total,769,1326,853,567,43,3558,08-01-2022
Hydro,107,23,93,22,10,255,08-01-2022
Nuclear,33,21,49,0,0,103,08-01-2022
"RES (Wind, Solar, Biomass & Others)",78,73,147,5,0,303,08-01-2022
Lignite,18,11,38,0,0,66,08-01-2022
"RES (Wind, Solar, Biomass & Others)",88,71,150,5,0,314,09-01-2022
Nuclear,33,22,64,0,0,119,09-01-2022
Hydro,99,22,83,25,10,238,09-01-2022
"Gas, Naptha & Diesel",15,8,9,0,25,57,09-01-2022
Total,762,1281,816,557,43,3458,09-01-2022
Coal,508,1144,474,528,7,2662,09-01-2022
Lignite,18,14,36,0,0,68,09-01-2022
Lignite,18,14,38,0,0,70,10-01-2022
Coal,532,1177,492,552,8,2761,10-01-2022
Hydro,105,32,93,21,9,260,10-01-2022
"Gas, Naptha & Diesel",15,8,9,0,25,56,10-01-2022
"RES (Wind, Solar, Biomass & Others)",92,93,151,4,0,341,10-01-2022
Total,792,1345,849,578,42,3606,10-01-2022
Nuclear,31,21,67,0,0,119,10-01-2022
Hydro,102,28,94,22,10,256,11-01-2022
Nuclear,28,21,68,0,0,118,11-01-2022
"Gas, Naptha & Diesel",16,8,9,0,28,61,11-01-2022
"RES (Wind, Solar, Biomass & Others)",96,137,150,4,0,387,11-01-2022
Total,816,1384,853,559,46,3659,11-01-2022
Coal,552,1176,498,534,8,2768,11-01-2022
Lignite,22,13,33,0,0,69,11-01-2022
Total,822,1383,853,561,46,3665,12-01-2022
Coal,557,1183,512,533,8,2794,12-01-2022
Lignite,25,14,32,0,0,72,12-01-2022
Hydro,98,29,95,23,9,255,12-01-2022
Nuclear,28,21,69,0,0,119,12-01-2022
"Gas, Naptha & Diesel",15,8,9,0,28,61,12-01-2022
"RES (Wind, Solar, Biomass & Others)",99,127,135,4,0,365,12-01-2022
Nuclear,28,21,70,0,0,119,13-01-2022
"Gas, Naptha & Diesel",15,9,9,0,27,60,13-01-2022
Coal,539,1186,511,550,8,2794,13-01-2022
Total,805,1387,857,578,46,3673,13-01-2022
"RES (Wind, Solar, Biomass & Others)",103,125,152,4,0,384,13-01-2022
Hydro,99,31,82,24,10,246,13-01-2022
Lignite,21,14,34,0,0,69,13-01-2022
Coal,545,1110,493,531,8,2688,14-01-2022
Lignite,19,14,32,0,0,65,14-01-2022
Hydro,96,29,84,23,10,241,14-01-2022
Nuclear,28,21,70,0,0,119,14-01-2022
"Gas, Naptha & Diesel",15,10,9,0,27,62,14-01-2022
Total,810,1320,832,559,45,3566,14-01-2022
"RES (Wind, Solar, Biomass & Others)",107,136,145,4,0,392,14-01-2022
Coal,539,1082,475,542,7,2645,15-01-2022
Lignite,21,14,33,0,0,67,15-01-2022
Nuclear,28,21,70,0,0,119,15-01-2022
"Gas, Naptha & Diesel",15,11,9,0,28,63,15-01-2022
Hydro,95,29,79,21,10,234,15-01-2022
"RES (Wind, Solar, Biomass & Others)",111,147,139,4,0,402,15-01-2022
Total,809,1303,805,567,45,3530,15-01-2022
Lignite,20,16,38,0,0,73,16-01-2022
Nuclear,29,21,70,0,0,119,16-01-2022
Hydro,99,26,71,22,9,227,16-01-2022
Total,799,1295,808,549,45,3495,16-01-2022
Coal,527,1099,455,522,7,2610,16-01-2022
"Gas, Naptha & Diesel",15,10,9,0,28,62,16-01-2022
"RES (Wind, Solar, Biomass & Others)",110,123,166,5,0,403,16-01-2022
Hydro,95,33,87,25,9,249,17-01-2022
Nuclear,29,21,70,0,0,119,17-01-2022
Lignite,18,14,44,0,0,76,17-01-2022
"Gas, Naptha & Diesel",15,11,9,0,28,63,17-01-2022
"RES (Wind, Solar, Biomass & Others)",105,98,193,5,0,400,17-01-2022
Total,834,1365,894,575,47,3715,17-01-2022
Coal,572,1189,492,545,10,2808,17-01-2022
Total,860,1391,916,600,46,3812,18-01-2022
"RES (Wind, Solar, Biomass & Others)",105,81,179,5,0,370,18-01-2022
Nuclear,29,21,70,0,0,119,18-01-2022
Hydro,96,39,94,28,9,266,18-01-2022
Lignite,18,13,44,0,0,75,18-01-2022
Coal,598,1225,520,567,9,2919,18-01-2022
"Gas, Naptha & Diesel",15,11,9,0,27,62,18-01-2022
Nuclear,28,21,70,0,0,119,19-01-2022
Coal,626,1245,538,566,10,2984,19-01-2022
Lignite,17,12,46,0,0,75,19-01-2022
Total,878,1412,921,599,47,3858,19-01-2022
"RES (Wind, Solar, Biomass & Others)",99,85,161,5,0,351,19-01-2022
"Gas, Naptha & Diesel",15,11,9,0,28,62,19-01-2022
Hydro,93,39,98,28,10,268,19-01-2022
Total,871,1467,899,605,46,3888,20-01-2022
"RES (Wind, Solar, Biomass & Others)",101,130,149,5,0,385,20-01-2022
"Gas, Naptha & Diesel",15,10,8,0,27,60,20-01-2022
Nuclear,28,21,67,0,0,117,20-01-2022
Hydro,94,33,102,22,10,261,20-01-2022
Lignite,19,12,50,0,0,81,20-01-2022
Coal,614,1261,523,578,9,2984,20-01-2022
Coal,634,1236,523,592,9,2993,21-01-2022
Nuclear,28,21,60,0,0,109,21-01-2022
Hydro,92,36,93,24,10,254,21-01-2022
Total,898,1446,896,620,46,3906,21-01-2022
"RES (Wind, Solar, Biomass & Others)",109,131,160,5,0,404,21-01-2022
"Gas, Naptha & Diesel",15,10,9,0,27,61,21-01-2022
Lignite,21,12,52,0,0,84,21-01-2022
Nuclear,28,21,61,0,0,110,22-01-2022
Hydro,93,26,86,24,10,237,22-01-2022
Lignite,20,12,47,0,0,80,22-01-2022
"Gas, Naptha & Diesel",15,11,9,0,28,62,22-01-2022
"RES (Wind, Solar, Biomass & Others)",74,201,191,5,0,472,22-01-2022
Total,836,1434,874,593,45,3781,22-01-2022
Coal,606,1163,479,564,8,2820,22-01-2022
Coal,578,1153,470,555,7,2763,23-01-2022
Nuclear,29,21,69,0,0,119,23-01-2022
Hydro,93,22,68,22,9,215,23-01-2022
Lignite,23,13,41,0,0,78,23-01-2022
"Gas, Naptha & Diesel",15,11,9,0,29,64,23-01-2022
"RES (Wind, Solar, Biomass & Others)",91,89,205,4,0,389,23-01-2022
Total,829,1308,863,581,46,3627,23-01-2022
Nuclear,28,22,69,0,0,119,24-01-2022
Coal,635,1218,525,580,9,2967,24-01-2022
Total,901,1356,918,607,48,3829,24-01-2022
"RES (Wind, Solar, Biomass & Others)",99,57,175,4,0,335,24-01-2022
"Gas, Naptha & Diesel",15,10,8,0,29,62,24-01-2022
Lignite,28,14,41,0,0,82,24-01-2022
Hydro,96,36,99,23,9,263,24-01-2022
Coal,653,1217,533,592,9,3005,25-01-2022
Lignite,29,15,42,0,0,86,25-01-2022
Hydro,95,42,108,25,9,280,25-01-2022
Nuclear,28,21,70,0,0,119,25-01-2022
"Gas, Naptha & Diesel",15,9,8,0,29,61,25-01-2022
"RES (Wind, Solar, Biomass & Others)",102,73,155,5,0,335,25-01-2022
Total,923,1377,917,622,48,3886,25-01-2022
Total,892,1313,858,610,46,3720,26-01-2022
"RES (Wind, Solar, Biomass & Others)",105,88,134,5,0,333,26-01-2022
"Gas, Naptha & Diesel",15,11,9,0,29,63,26-01-2022
Nuclear,28,21,70,0,0,119,26-01-2022
Hydro,95,32,93,23,9,252,26-01-2022
Lignite,30,14,37,0,0,81,26-01-2022
Coal,620,1146,515,582,8,2871,26-01-2022
Total,909,1364,906,610,47,3836,27-01-2022
Lignite,27,14,40,0,0,82,27-01-2022
"RES (Wind, Solar, Biomass & Others)",107,115,165,5,0,393,27-01-2022
Nuclear,29,21,70,0,0,120,27-01-2022
"Gas, Naptha & Diesel",15,11,8,0,29,62,27-01-2022
Coal,636,1163,534,581,9,2924,27-01-2022
Hydro,95,39,88,24,9,255,27-01-2022
Coal,634,1207,529,591,9,2970,28-01-2022
Lignite,27,15,40,0,0,82,28-01-2022
Hydro,95,36,83,21,9,244,28-01-2022
Nuclear,31,21,69,0,0,122,28-01-2022
"RES (Wind, Solar, Biomass & Others)",111,119,232,5,0,467,28-01-2022
"Gas, Naptha & Diesel",15,10,7,0,28,61,28-01-2022
Total,913,1408,961,617,47,3946,28-01-2022
Total,924,1389,951,598,47,3909,29-01-2022
Coal,648,1226,528,570,10,2982,29-01-2022
Lignite,27,14,43,0,0,84,29-01-2022
Hydro,95,36,104,23,9,267,29-01-2022
Nuclear,28,21,70,0,0,119,29-01-2022
"Gas, Naptha & Diesel",15,12,7,0,28,63,29-01-2022
"RES (Wind, Solar, Biomass & Others)",111,79,200,5,0,395,29-01-2022
Coal,643,1214,522,563,6,2948,30-01-2022
Total,916,1367,893,592,44,3812,30-01-2022
"RES (Wind, Solar, Biomass & Others)",111,77,166,5,0,360,30-01-2022
Lignite,27,12,43,0,0,82,30-01-2022
Nuclear,28,21,70,0,0,119,30-01-2022
"Gas, Naptha & Diesel",15,12,8,0,29,64,30-01-2022
Hydro,91,31,85,24,9,240,30-01-2022
Total,953,1429,935,601,47,3964,31-01-2022
"RES (Wind, Solar, Biomass & Others)",104,95,157,5,0,362,31-01-2022
"Gas, Naptha & Diesel",15,12,9,0,30,66,31-01-2022
Nuclear,28,21,70,0,0,119,31-01-2022
Hydro,100,42,114,26,9,291,31-01-2022
Lignite,22,9,42,0,0,73,31-01-2022
Coal,683,1249,544,569,8,3053,31-01-2022
Coal,699,1282,506,561,10,3058,01-02-2022
Total,975,1440,897,591,48,3951,01-02-2022
Lignite,27,10,41,0,0,78,01-02-2022
Hydro,98,41,120,25,9,292,01-02-2022
Nuclear,28,21,69,0,0,119,01-02-2022
"Gas, Naptha & Diesel",15,13,9,0,29,66,01-02-2022
"RES (Wind, Solar, Biomass & Others)",109,73,152,5,0,339,01-02-2022
"RES (Wind, Solar, Biomass & Others)",128,102,157,5,0,392,02-02-2022
"Gas, Naptha & Diesel",15,12,9,0,29,66,02-02-2022
Nuclear,28,21,70,0,0,119,02-02-2022
Hydro,98,41,110,26,9,283,02-02-2022
Coal,683,1275,556,550,10,3074,02-02-2022
Total,980,1462,945,581,48,4016,02-02-2022
Lignite,27,11,44,0,0,81,02-02-2022
Lignite,27,10,44,0,0,81,03-02-2022
Total,939,1461,919,565,51,3935,03-02-2022
"RES (Wind, Solar, Biomass & Others)",117,151,171,5,0,443,03-02-2022
"Gas, Naptha & Diesel",15,12,9,0,29,65,03-02-2022
Nuclear,29,21,69,0,0,119,03-02-2022
Hydro,94,33,99,25,9,259,03-02-2022
Coal,658,1234,528,536,13,2968,03-02-2022
Total,929,1445,923,604,53,3954,05-02-2022
"Gas, Naptha & Diesel",15,13,9,0,29,65,05-02-2022
Nuclear,33,21,69,0,0,124,05-02-2022
Hydro,101,37,94,27,10,269,05-02-2022
Lignite,24,11,48,0,0,83,05-02-2022
Coal,640,1293,545,572,14,3064,05-02-2022
"RES (Wind, Solar, Biomass & Others)",116,70,158,5,0,350,05-02-2022
Total,913,1388,904,589,56,3849,06-02-2022
Lignite,25,10,46,0,0,82,06-02-2022
"Gas, Naptha & Diesel",15,12,9,0,29,65,06-02-2022
Nuclear,33,21,70,0,0,124,06-02-2022
Coal,618,1234,533,561,13,2959,06-02-2022
Hydro,101,28,79,24,13,244,06-02-2022
"RES (Wind, Solar, Biomass & Others)",121,83,167,5,0,376,06-02-2022
"Gas, Naptha & Diesel",15,14,9,0,30,68,07-02-2022
Nuclear,33,21,70,0,0,124,07-02-2022
Hydro,103,46,96,26,10,281,07-02-2022
Total,919,1455,968,615,54,4011,07-02-2022
Lignite,27,8,45,0,0,81,07-02-2022
Coal,636,1289,582,584,14,3105,07-02-2022
"RES (Wind, Solar, Biomass & Others)",105,77,166,5,0,354,07-02-2022
Lignite,27,10,49,0,0,86,08-02-2022
Hydro,103,48,89,29,10,279,08-02-2022
"Gas, Naptha & Diesel",15,15,10,0,30,70,08-02-2022
"RES (Wind, Solar, Biomass & Others)",107,85,166,5,0,363,08-02-2022
Nuclear,33,21,69,0,0,123,08-02-2022
Total,919,1496,978,619,55,4067,08-02-2022
Coal,634,1316,595,586,14,3145,08-02-2022
"Gas, Naptha & Diesel",15,17,10,0,29,71,09-02-2022
"RES (Wind, Solar, Biomass & Others)",109,99,179,5,0,392,09-02-2022
Coal,617,1290,579,566,14,3066,09-02-2022
Lignite,27,10,49,0,0,86,09-02-2022
Hydro,102,43,90,29,9,274,09-02-2022
Nuclear,33,21,70,0,0,124,09-02-2022
Total,903,1481,976,600,53,4012,09-02-2022
Total,893,1490,972,597,51,4004,10-02-2022
Coal,602,1275,576,566,13,3032,10-02-2022
Lignite,25,10,49,0,0,84,10-02-2022
Hydro,101,31,88,26,9,255,10-02-2022
Nuclear,33,21,69,0,0,123,10-02-2022
"Gas, Naptha & Diesel",13,17,9,0,29,68,10-02-2022
"RES (Wind, Solar, Biomass & Others)",118,137,182,5,0,442,10-02-2022
"RES (Wind, Solar, Biomass & Others)",116,139,197,5,0,458,11-02-2022
Total,894,1488,967,606,51,4005,11-02-2022
Coal,602,1275,556,575,14,3021,11-02-2022
Lignite,26,11,48,0,0,85,11-02-2022
Hydro,102,30,87,26,9,254,11-02-2022
Nuclear,33,21,69,0,0,124,11-02-2022
"Gas, Naptha & Diesel",14,12,9,0,28,63,11-02-2022
Total,914,1432,956,627,48,3977,12-02-2022
Coal,618,1264,561,595,13,3052,12-02-2022
"Gas, Naptha & Diesel",12,10,8,0,26,56,12-02-2022
Nuclear,33,21,69,0,0,124,12-02-2022
Lignite,23,12,45,0,0,79,12-02-2022
"RES (Wind, Solar, Biomass & Others)",121,84,181,5,0,392,12-02-2022
Hydro,107,41,92,27,9,275,12-02-2022
Total,874,1415,912,620,51,3873,13-02-2022
Hydro,104,34,74,27,8,247,13-02-2022
Nuclear,33,21,69,0,0,124,13-02-2022
"Gas, Naptha & Diesel",12,11,9,0,30,62,13-02-2022
"RES (Wind, Solar, Biomass & Others)",121,83,181,5,0,391,13-02-2022
Lignite,22,13,44,0,0,80,13-02-2022
Coal,582,1251,535,587,13,2969,13-02-2022
"Gas, Naptha & Diesel",13,13,10,0,29,65,14-02-2022
Nuclear,33,21,69,0,0,123,14-02-2022
"RES (Wind, Solar, Biomass & Others)",122,92,186,5,0,405,14-02-2022
Hydro,105,40,89,27,8,270,14-02-2022
Total,909,1454,953,615,52,3983,14-02-2022
Lignite,23,14,44,0,0,80,14-02-2022
Coal,613,1273,556,582,14,3039,14-02-2022
Coal,617,1315,559,589,14,3095,15-02-2022
Lignite,24,14,44,0,0,82,15-02-2022
Hydro,108,43,100,26,8,286,15-02-2022
Nuclear,33,21,67,0,0,121,15-02-2022
"Gas, Naptha & Diesel",12,15,9,0,30,67,15-02-2022
"RES (Wind, Solar, Biomass & Others)",122,90,169,5,0,387,15-02-2022
Total,916,1499,950,621,53,4038,15-02-2022
Hydro,109,42,98,28,8,285,16-02-2022
Lignite,25,13,45,0,0,83,16-02-2022
"Gas, Naptha & Diesel",15,16,9,0,30,69,16-02-2022
"RES (Wind, Solar, Biomass & Others)",123,81,168,5,0,378,16-02-2022
Nuclear,33,21,66,0,0,120,16-02-2022
Total,943,1508,954,611,53,4069,16-02-2022
Coal,638,1335,569,578,15,3135,16-02-2022
Total,930,1509,958,606,52,4055,17-02-2022
"RES (Wind, Solar, Biomass & Others)",122,87,180,5,0,394,17-02-2022
"Gas, Naptha & Diesel",15,15,9,0,29,69,17-02-2022
Nuclear,33,21,66,0,0,120,17-02-2022
Lignite,25,14,46,0,0,85,17-02-2022
Coal,625,1328,566,574,15,3106,17-02-2022
Hydro,110,44,92,27,8,282,17-02-2022
"Gas, Naptha & Diesel",15,16,9,0,30,69,18-02-2022
"RES (Wind, Solar, Biomass & Others)",121,119,198,5,0,443,18-02-2022
Coal,622,1324,572,552,15,3085,18-02-2022
Lignite,22,13,45,0,0,80,18-02-2022
Total,926,1539,985,580,53,4083,18-02-2022
Nuclear,33,21,66,0,0,120,18-02-2022
Hydro,113,47,95,23,8,286,18-02-2022
Coal,618,1295,568,555,14,3049,19-02-2022
Lignite,22,14,44,0,0,80,19-02-2022
Hydro,110,51,85,27,8,281,19-02-2022
Nuclear,33,21,66,0,0,119,19-02-2022
"RES (Wind, Solar, Biomass & Others)",124,131,196,5,0,457,19-02-2022
Total,922,1528,969,587,50,4055,19-02-2022
"Gas, Naptha & Diesel",15,16,10,0,27,68,19-02-2022
Total,890,1471,917,593,46,3917,20-02-2022
Coal,578,1261,537,563,13,2953,20-02-2022
Lignite,25,15,43,0,0,83,20-02-2022
Hydro,110,34,84,25,8,262,20-02-2022
Nuclear,33,21,66,0,0,119,20-02-2022
"Gas, Naptha & Diesel",14,15,9,0,25,64,20-02-2022
"RES (Wind, Solar, Biomass & Others)",129,125,178,5,0,437,20-02-2022
Total,916,1511,963,617,49,4056,21-02-2022
Nuclear,33,20,66,0,0,119,21-02-2022
Coal,597,1275,583,585,15,3055,21-02-2022
Lignite,25,15,45,0,0,85,21-02-2022
Hydro,111,59,96,26,9,302,21-02-2022
"Gas, Naptha & Diesel",14,12,9,0,25,60,21-02-2022
"RES (Wind, Solar, Biomass & Others)",135,130,164,5,0,435,21-02-2022
Coal,598,1266,572,607,14,3057,22-02-2022
Hydro,114,56,107,26,9,312,22-02-2022
Total,958,1500,972,638,50,4119,22-02-2022
"RES (Wind, Solar, Biomass & Others)",173,133,175,5,0,486,22-02-2022
"Gas, Naptha & Diesel",15,9,8,0,27,59,22-02-2022
Nuclear,33,20,65,0,0,118,22-02-2022
Lignite,26,15,45,0,0,87,22-02-2022
"RES (Wind, Solar, Biomass & Others)",121,90,224,5,0,441,23-02-2022
"Gas, Naptha & Diesel",16,10,7,0,29,63,23-02-2022
Nuclear,32,30,65,0,0,127,23-02-2022
Hydro,121,57,95,26,9,308,23-02-2022
Lignite,23,15,45,0,0,84,23-02-2022
Coal,618,1266,582,608,15,3089,23-02-2022
Total,932,1468,1019,639,53,4111,23-02-2022
"RES (Wind, Solar, Biomass & Others)",116,84,199,5,0,404,24-02-2022
Coal,645,1292,596,601,15,3150,24-02-2022
Lignite,21,16,44,0,0,81,24-02-2022
Hydro,124,56,103,26,8,318,24-02-2022
Nuclear,32,33,66,0,0,131,24-02-2022
"Gas, Naptha & Diesel",15,10,7,0,29,61,24-02-2022
Total,954,1490,1014,632,53,4144,24-02-2022
Coal,645,1309,575,597,14,3140,25-02-2022
Lignite,24,15,43,0,0,82,25-02-2022
Hydro,124,49,103,26,8,308,25-02-2022
Nuclear,33,33,66,0,0,132,25-02-2022
Total,967,1501,1004,628,51,4151,25-02-2022
"RES (Wind, Solar, Biomass & Others)",126,86,211,5,0,428,25-02-2022
"Gas, Naptha & Diesel",16,10,6,0,29,62,25-02-2022
Total,926,1494,989,624,47,4079,26-02-2022
Nuclear,33,33,66,0,0,131,26-02-2022
Hydro,123,38,87,27,9,284,26-02-2022
Lignite,26,15,44,0,0,85,26-02-2022
Coal,586,1300,564,593,9,3053,26-02-2022
"RES (Wind, Solar, Biomass & Others)",143,94,221,5,0,463,26-02-2022
"Gas, Naptha & Diesel",15,14,7,0,28,64,26-02-2022
Coal,566,1236,543,560,8,2913,27-02-2022
Lignite,27,11,42,0,0,79,27-02-2022
Hydro,125,40,75,24,8,272,27-02-2022
Nuclear,33,33,67,0,0,133,27-02-2022
"Gas, Naptha & Diesel",15,13,8,0,29,65,27-02-2022
"RES (Wind, Solar, Biomass & Others)",157,128,219,5,0,508,27-02-2022
Total,922,1460,955,589,45,3971,27-02-2022
Coal,614,1305,564,579,13,3075,28-02-2022
Lignite,25,12,35,0,0,72,28-02-2022
Hydro,122,38,96,25,8,288,28-02-2022
Nuclear,33,33,69,0,0,135,28-02-2022
"Gas, Naptha & Diesel",15,13,8,0,29,64,28-02-2022
"RES (Wind, Solar, Biomass & Others)",138,122,205,5,0,470,28-02-2022
Total,948,1523,976,609,50,4105,28-02-2022
"Gas, Naptha & Diesel",15,13,9,0,29,66,01-03-2022
Nuclear,33,33,70,0,0,136,01-03-2022
Hydro,123,37,97,24,8,289,01-03-2022
Lignite,25,13,35,0,0,73,01-03-2022
Coal,639,1310,567,592,13,3121,01-03-2022
Total,954,1500,986,621,50,4111,01-03-2022
"RES (Wind, Solar, Biomass & Others)",119,93,208,5,0,427,01-03-2022
Total,958,1502,990,616,53,4119,02-03-2022
Coal,630,1281,547,585,14,3056,02-03-2022
"RES (Wind, Solar, Biomass & Others)",130,114,237,5,0,487,02-03-2022
"Gas, Naptha & Diesel",15,13,9,0,30,67,02-03-2022
Nuclear,33,33,70,0,0,136,02-03-2022
Hydro,126,47,93,26,8,300,02-03-2022
Lignite,24,14,35,0,0,72,02-03-2022
"Gas, Naptha & Diesel",15,14,10,0,30,69,03-03-2022
"RES (Wind, Solar, Biomass & Others)",139,139,243,5,0,527,03-03-2022
Hydro,128,42,89,26,9,294,03-03-2022
Total,965,1522,987,630,53,4156,03-03-2022
Coal,627,1278,542,598,14,3059,03-03-2022
Nuclear,32,33,70,0,0,136,03-03-2022
Lignite,22,15,34,0,0,71,03-03-2022
Total,971,1544,984,639,50,4189,04-03-2022
"RES (Wind, Solar, Biomass & Others)",132,143,213,6,0,494,04-03-2022
"Gas, Naptha & Diesel",15,14,9,0,27,65,04-03-2022
Nuclear,33,33,63,0,0,129,04-03-2022
Hydro,128,51,106,29,9,323,04-03-2022
Coal,640,1289,560,605,15,3108,04-03-2022
Lignite,24,15,32,0,0,71,04-03-2022
Total,969,1529,966,665,53,4181,05-03-2022
"RES (Wind, Solar, Biomass & Others)",128,115,198,5,0,447,05-03-2022
"Gas, Naptha & Diesel",13,14,8,0,28,63,05-03-2022
Nuclear,32,33,60,0,0,126,05-03-2022
Hydro,132,51,104,28,9,324,05-03-2022
Coal,639,1300,565,632,16,3151,05-03-2022
Lignite,25,16,30,0,0,71,05-03-2022
Total,937,1478,935,658,54,4063,06-03-2022
"RES (Wind, Solar, Biomass & Others)",110,95,206,6,0,417,06-03-2022
"Gas, Naptha & Diesel",11,13,9,0,29,63,06-03-2022
Nuclear,31,33,67,0,0,131,06-03-2022
Hydro,129,40,80,26,8,283,06-03-2022
Lignite,25,15,32,0,0,72,06-03-2022
Coal,631,1282,542,626,16,3097,06-03-2022
Coal,640,1314,537,614,15,3120,07-03-2022
Lignite,25,15,33,0,0,74,07-03-2022
Total,971,1525,952,651,51,4151,07-03-2022
Hydro,132,45,100,31,9,317,07-03-2022
Nuclear,28,33,70,0,0,132,07-03-2022
"RES (Wind, Solar, Biomass & Others)",134,104,203,5,0,447,07-03-2022
"Gas, Naptha & Diesel",11,14,9,0,27,61,07-03-2022
Total,996,1543,955,660,51,4205,08-03-2022
"Gas, Naptha & Diesel",11,14,8,0,27,60,08-03-2022
Nuclear,28,33,70,0,0,132,08-03-2022
Hydro,134,50,111,29,9,333,08-03-2022
Lignite,27,15,34,0,0,76,08-03-2022
Coal,650,1323,540,625,15,3153,08-03-2022
"RES (Wind, Solar, Biomass & Others)",145,109,191,5,0,451,08-03-2022
Total,1020,1532,957,670,54,4234,09-03-2022
"RES (Wind, Solar, Biomass & Others)",133,125,187,5,0,451,09-03-2022
"Gas, Naptha & Diesel",12,8,8,0,27,55,09-03-2022
Nuclear,28,33,70,0,0,131,09-03-2022
Hydro,134,46,118,31,10,338,09-03-2022
Lignite,27,15,34,0,0,77,09-03-2022
Coal,687,1305,540,633,17,3182,09-03-2022
"Gas, Naptha & Diesel",11,12,8,0,28,60,10-03-2022
Coal,683,1322,572,632,15,3224,10-03-2022
Total,1009,1537,973,671,54,4244,10-03-2022
Lignite,25,15,37,0,0,77,10-03-2022
Hydro,135,44,114,33,11,337,10-03-2022
Nuclear,28,33,70,0,0,131,10-03-2022
"RES (Wind, Solar, Biomass & Others)",127,111,172,5,0,416,10-03-2022
Nuclear,28,33,70,0,0,131,11-03-2022
Total,1005,1555,999,665,56,4279,11-03-2022
"RES (Wind, Solar, Biomass & Others)",128,100,179,5,0,414,11-03-2022
"Gas, Naptha & Diesel",11,12,9,0,28,60,11-03-2022
Hydro,141,45,111,31,11,340,11-03-2022
Lignite,25,15,38,0,0,78,11-03-2022
Coal,671,1349,591,629,17,3257,11-03-2022
Total,991,1561,980,661,56,4250,12-03-2022
"RES (Wind, Solar, Biomass & Others)",124,90,170,5,0,390,12-03-2022
"Gas, Naptha & Diesel",10,14,8,0,29,61,12-03-2022
Nuclear,32,33,70,0,0,135,12-03-2022
Hydro,146,43,109,32,12,342,12-03-2022
Coal,652,1366,587,624,16,3244,12-03-2022
Lignite,27,16,36,0,0,78,12-03-2022
Total,963,1538,943,664,52,4160,13-03-2022
Lignite,28,16,34,0,0,77,13-03-2022
Hydro,144,39,88,32,11,313,13-03-2022
Nuclear,32,33,71,0,0,135,13-03-2022
"Gas, Naptha & Diesel",8,14,8,0,30,60,13-03-2022
"RES (Wind, Solar, Biomass & Others)",128,86,186,5,0,405,13-03-2022
Coal,623,1350,557,627,11,3169,13-03-2022
Coal,638,1404,588,636,12,3278,14-03-2022
"RES (Wind, Solar, Biomass & Others)",148,90,183,6,0,428,14-03-2022
"Gas, Naptha & Diesel",9,12,9,0,31,60,14-03-2022
Nuclear,32,33,70,0,0,135,14-03-2022
Hydro,158,47,104,33,10,353,14-03-2022
Lignite,31,13,30,0,0,74,14-03-2022
Total,1016,1600,983,676,53,4328,14-03-2022
Total,1038,1663,990,673,53,4418,15-03-2022
Coal,634,1441,607,628,13,3324,15-03-2022
Lignite,31,13,31,0,0,75,15-03-2022
Hydro,174,59,108,40,11,391,15-03-2022
Nuclear,32,33,70,0,0,135,15-03-2022
"RES (Wind, Solar, Biomass & Others)",157,102,165,5,0,429,15-03-2022
"Gas, Naptha & Diesel",10,16,9,0,29,63,15-03-2022
Lignite,31,13,33,0,0,77,16-03-2022
Hydro,184,69,105,39,10,407,16-03-2022
Nuclear,32,33,70,0,0,135,16-03-2022
"Gas, Naptha & Diesel",12,14,8,0,29,62,16-03-2022
"RES (Wind, Solar, Biomass & Others)",151,108,165,5,0,430,16-03-2022
Total,1022,1708,1007,681,53,4471,16-03-2022
Coal,612,1470,626,637,13,3359,16-03-2022
Lignite,28,13,30,0,0,71,17-03-2022
"RES (Wind, Solar, Biomass & Others)",152,121,165,5,0,443,17-03-2022
Total,1048,1685,1008,671,54,4466,17-03-2022
"Gas, Naptha & Diesel",16,14,8,0,31,68,17-03-2022
Nuclear,32,33,70,0,0,135,17-03-2022
Hydro,188,83,117,41,10,438,17-03-2022
Coal,632,1422,619,625,13,3311,17-03-2022
"RES (Wind, Solar, Biomass & Others)",152,130,179,5,0,467,18-03-2022
"Gas, Naptha & Diesel",14,15,8,0,30,67,18-03-2022
Coal,591,1285,570,580,12,3038,18-03-2022
Lignite,28,12,34,0,0,74,18-03-2022
Hydro,190,43,90,42,9,375,18-03-2022
Nuclear,32,33,70,0,0,135,18-03-2022
Total,1006,1518,952,628,51,4155,18-03-2022
Total,1019,1542,962,635,55,4214,19-03-2022
"RES (Wind, Solar, Biomass & Others)",163,139,212,5,0,520,19-03-2022
"Gas, Naptha & Diesel",14,18,9,0,31,72,19-03-2022
Nuclear,32,33,70,0,0,135,19-03-2022
Hydro,195,36,81,44,11,368,19-03-2022
Lignite,28,11,35,0,0,74,19-03-2022
Coal,588,1305,555,585,13,3046,19-03-2022
"RES (Wind, Solar, Biomass & Others)",135,134,218,5,0,493,20-03-2022
"Gas, Naptha & Diesel",14,18,9,0,30,71,20-03-2022
Nuclear,32,33,70,0,0,135,20-03-2022
Hydro,188,36,91,51,11,376,20-03-2022
Lignite,26,12,35,0,0,73,20-03-2022
Total,1000,1579,975,644,53,4251,20-03-2022
Coal,605,1346,551,589,12,3103,20-03-2022
Lignite,26,12,35,0,0,72,21-03-2022
Hydro,177,66,107,60,10,420,21-03-2022
Nuclear,32,33,70,0,0,135,21-03-2022
"Gas, Naptha & Diesel",15,19,9,0,30,73,21-03-2022
"RES (Wind, Solar, Biomass & Others)",130,117,212,5,0,465,21-03-2022
Coal,628,1404,604,605,13,3253,21-03-2022
Total,1008,1650,1036,670,54,4418,21-03-2022
"RES (Wind, Solar, Biomass & Others)",155,113,168,5,0,441,22-03-2022
"Gas, Naptha & Diesel",16,18,9,0,29,72,22-03-2022
Nuclear,32,33,70,0,0,134,22-03-2022
Hydro,170,75,117,49,10,421,22-03-2022
Total,1042,1646,1023,665,53,4430,22-03-2022
Coal,642,1398,625,611,13,3290,22-03-2022
Lignite,28,10,34,0,0,71,22-03-2022
"RES (Wind, Solar, Biomass & Others)",153,123,154,5,0,435,23-03-2022
Total,1035,1668,1034,660,52,4448,23-03-2022
"Gas, Naptha & Diesel",15,17,9,0,28,69,23-03-2022
Nuclear,32,33,70,0,0,134,23-03-2022
Lignite,28,9,36,0,0,73,23-03-2022
Coal,639,1412,660,609,13,3334,23-03-2022
Hydro,168,74,106,46,10,404,23-03-2022
Coal,641,1436,662,618,13,3372,24-03-2022
Total,1018,1659,1033,669,52,4431,24-03-2022
Hydro,165,61,99,45,10,379,24-03-2022
"RES (Wind, Solar, Biomass & Others)",145,103,160,5,0,413,24-03-2022
"Gas, Naptha & Diesel",15,15,9,0,29,68,24-03-2022
Lignite,19,11,35,0,0,65,24-03-2022
Nuclear,32,33,70,0,0,134,24-03-2022
"RES (Wind, Solar, Biomass & Others)",129,84,160,5,0,378,25-03-2022
"Gas, Naptha & Diesel",20,19,8,0,28,76,25-03-2022
Nuclear,32,33,51,0,0,116,25-03-2022
Hydro,160,62,109,54,9,394,25-03-2022
Lignite,19,9,36,0,0,65,25-03-2022
Coal,636,1456,671,608,13,3384,25-03-2022
Total,996,1663,1036,667,51,4413,25-03-2022
Coal,625,1447,674,591,13,3351,26-03-2022
Total,981,1648,1032,653,54,4368,26-03-2022
"RES (Wind, Solar, Biomass & Others)",135,85,156,5,0,381,26-03-2022
"Gas, Naptha & Diesel",24,20,9,0,29,82,26-03-2022
Nuclear,32,33,47,0,0,112,26-03-2022
Lignite,19,9,43,0,0,72,26-03-2022
Hydro,146,53,102,58,12,370,26-03-2022
Total,1017,1601,989,644,53,4304,27-03-2022
Hydro,153,43,89,42,11,337,27-03-2022
Nuclear,32,33,47,0,0,112,27-03-2022
Lignite,20,8,45,0,0,73,27-03-2022
"RES (Wind, Solar, Biomass & Others)",141,113,165,5,0,425,27-03-2022
Coal,652,1388,634,597,12,3283,27-03-2022
"Gas, Naptha & Diesel",19,17,9,0,30,74,27-03-2022
Hydro,159,58,88,43,10,359,28-03-2022
Total,1062,1676,1012,658,52,4461,28-03-2022
Coal,679,1405,659,610,12,3365,28-03-2022
"Gas, Naptha & Diesel",20,18,8,0,30,76,28-03-2022
Nuclear,32,33,47,0,0,112,28-03-2022
Lignite,19,11,45,0,0,76,28-03-2022
"RES (Wind, Solar, Biomass & Others)",153,150,165,5,0,474,28-03-2022
Coal,690,1414,668,599,13,3382,29-03-2022
Hydro,171,64,100,50,11,395,29-03-2022
Nuclear,32,32,47,0,0,111,29-03-2022
"Gas, Naptha & Diesel",24,16,9,0,29,78,29-03-2022
Lignite,18,12,43,0,0,74,29-03-2022
"RES (Wind, Solar, Biomass & Others)",148,166,177,5,0,496,29-03-2022
Total,1082,1704,1043,654,53,4536,29-03-2022
"RES (Wind, Solar, Biomass & Others)",151,124,184,5,0,465,30-03-2022
Coal,701,1446,657,610,13,3427,30-03-2022
Lignite,19,13,43,0,0,75,30-03-2022
Hydro,177,57,99,56,12,401,30-03-2022
Total,1104,1691,1039,671,54,4558,30-03-2022
Nuclear,32,33,47,0,0,111,30-03-2022
"Gas, Naptha & Diesel",22,18,9,0,29,78,30-03-2022
"Gas, Naptha & Diesel",22,18,8,0,30,78,31-03-2022
Coal,711,1440,667,601,16,3435,31-03-2022
Lignite,20,13,42,0,0,75,31-03-2022
Hydro,179,65,97,59,16,417,31-03-2022
Nuclear,32,33,47,0,0,111,31-03-2022
"RES (Wind, Solar, Biomass & Others)",145,111,192,5,0,453,31-03-2022
Total,1109,1681,1053,665,62,4570,31-03-2022
Hydro,172,51,90,57,20,391,01-04-2022
Nuclear,32,33,47,0,0,112,01-04-2022
"Gas, Naptha & Diesel",20,7,8,0,27,62,01-04-2022
Coal,735,1439,663,603,12,3452,01-04-2022
Lignite,18,12,49,0,0,79,01-04-2022
Total,1125,1657,1041,665,59,4547,01-04-2022
"RES (Wind, Solar, Biomass & Others)",147,115,184,5,0,451,01-04-2022
Total,1120,1632,1001,669,67,4489,02-04-2022
"Gas, Naptha & Diesel",21,6,9,0,29,66,02-04-2022
"RES (Wind, Solar, Biomass & Others)",157,104,170,5,0,436,02-04-2022
Hydro,175,49,77,59,23,383,02-04-2022
Nuclear,32,33,46,0,0,111,02-04-2022
Lignite,19,11,49,0,0,80,02-04-2022
Coal,716,1428,650,605,15,3414,02-04-2022
Coal,697,1359,612,604,14,3286,03-04-2022
Nuclear,32,33,47,0,0,111,03-04-2022
"Gas, Naptha & Diesel",21,7,9,0,29,65,03-04-2022
"RES (Wind, Solar, Biomass & Others)",158,94,160,5,0,416,03-04-2022
Total,1103,1550,952,687,60,4352,03-04-2022
Hydro,178,48,76,78,17,396,03-04-2022
Lignite,17,11,50,0,0,78,03-04-2022
Hydro,173,64,98,93,21,448,04-04-2022
"Gas, Naptha & Diesel",22,6,9,0,28,64,04-04-2022
Nuclear,31,33,46,0,0,111,04-04-2022
Coal,727,1416,631,619,15,3408,04-04-2022
Lignite,17,11,50,0,0,79,04-04-2022
Total,1118,1630,996,716,64,4524,04-04-2022
"RES (Wind, Solar, Biomass & Others)",147,99,162,5,0,414,04-04-2022
Total,1126,1668,1005,686,67,4552,05-04-2022
"RES (Wind, Solar, Biomass & Others)",147,99,157,5,0,407,05-04-2022
"Gas, Naptha & Diesel",22,5,8,0,28,63,05-04-2022
Nuclear,31,33,46,0,0,110,05-04-2022
Hydro,177,71,110,82,23,463,05-04-2022
Lignite,17,13,54,0,0,83,05-04-2022
Coal,730,1448,631,599,17,3424,05-04-2022
Lignite,18,13,53,0,0,84,06-04-2022
Coal,740,1446,610,581,17,3394,06-04-2022
Nuclear,32,33,46,0,0,110,06-04-2022
Hydro,187,75,110,63,18,453,06-04-2022
"Gas, Naptha & Diesel",26,6,9,0,28,68,06-04-2022
"RES (Wind, Solar, Biomass & Others)",142,115,165,5,0,428,06-04-2022
Total,1144,1688,993,650,63,4538,06-04-2022
Coal,734,1433,655,581,17,3422,07-04-2022
"Gas, Naptha & Diesel",23,8,9,0,28,68,07-04-2022
Total,1145,1682,1040,652,60,4578,07-04-2022
Nuclear,31,33,46,0,0,110,07-04-2022
Hydro,197,73,110,65,15,459,07-04-2022
"RES (Wind, Solar, Biomass & Others)",140,121,170,5,0,436,07-04-2022
Lignite,20,13,50,0,0,82,07-04-2022
"RES (Wind, Solar, Biomass & Others)",153,143,166,5,0,467,08-04-2022
Total,1167,1686,1039,688,59,4640,08-04-2022
"Gas, Naptha & Diesel",24,9,9,0,28,70,08-04-2022
Nuclear,31,33,47,0,0,111,08-04-2022
Hydro,200,70,103,89,14,475,08-04-2022
Lignite,21,12,46,0,0,80,08-04-2022
Coal,738,1420,668,595,17,3437,08-04-2022
Total,1117,1610,961,686,56,4430,10-04-2022
"RES (Wind, Solar, Biomass & Others)",147,141,149,5,0,443,10-04-2022
Coal,689,1369,622,604,17,3301,10-04-2022
Lignite,22,11,48,0,0,81,10-04-2022
Hydro,200,47,87,77,10,421,10-04-2022
Nuclear,31,33,46,0,0,110,10-04-2022
"Gas, Naptha & Diesel",28,8,9,0,29,74,10-04-2022
Nuclear,31,33,46,0,0,110,11-04-2022
Lignite,19,5,41,0,0,65,11-04-2022
Total,1161,1644,1005,691,58,4558,11-04-2022
"RES (Wind, Solar, Biomass & Others)",159,141,157,5,0,462,11-04-2022
Coal,723,1379,653,611,18,3384,11-04-2022
Hydro,196,77,100,74,11,459,11-04-2022
"Gas, Naptha & Diesel",32,9,9,0,29,79,11-04-2022
Coal,739,1384,660,591,14,3388,12-04-2022
"RES (Wind, Solar, Biomass & Others)",171,152,161,5,0,490,12-04-2022
"Gas, Naptha & Diesel",31,8,9,0,29,77,12-04-2022
Nuclear,26,33,46,0,0,105,12-04-2022
Hydro,206,68,104,67,10,454,12-04-2022
Lignite,20,4,38,0,0,62,12-04-2022
Total,1193,1648,1018,663,53,4575,12-04-2022
Coal,755,1412,642,596,12,3416,13-04-2022
Lignite,20,5,46,0,0,70,13-04-2022
Hydro,207,63,97,64,9,441,13-04-2022
Nuclear,26,33,46,0,0,105,13-04-2022
"RES (Wind, Solar, Biomass & Others)",139,136,173,5,0,454,13-04-2022
Total,1177,1656,1013,665,49,4560,13-04-2022
"Gas, Naptha & Diesel",30,7,9,0,28,74,13-04-2022
Coal,733,1437,620,599,13,3402,14-04-2022
Lignite,19,6,47,0,0,72,14-04-2022
Hydro,193,46,78,64,9,390,14-04-2022
Nuclear,26,33,46,0,0,105,14-04-2022
"Gas, Naptha & Diesel",23,7,9,0,28,67,14-04-2022
"RES (Wind, Solar, Biomass & Others)",143,133,158,5,0,440,14-04-2022
Total,1138,1662,957,668,50,4476,14-04-2022
Hydro,179,36,67,68,11,362,15-04-2022
Nuclear,26,33,46,0,0,104,15-04-2022
Coal,719,1411,607,616,17,3370,15-04-2022
Lignite,20,7,48,0,0,74,15-04-2022
"Gas, Naptha & Diesel",19,7,8,0,29,64,15-04-2022
"RES (Wind, Solar, Biomass & Others)",145,170,168,5,1,489,15-04-2022
Total,1109,1663,944,689,58,4462,15-04-2022
Coal,745,1441,625,622,16,3450,16-04-2022
"Gas, Naptha & Diesel",19,9,9,0,28,64,16-04-2022
Nuclear,26,33,46,0,0,104,16-04-2022
Hydro,170,37,80,64,7,358,16-04-2022
Lignite,20,9,48,0,0,77,16-04-2022
Total,1130,1689,992,691,51,4553,16-04-2022
"RES (Wind, Solar, Biomass & Others)",148,160,186,5,1,500,16-04-2022
Coal,722,1385,581,603,16,3307,17-04-2022
Lignite,20,11,44,0,0,75,17-04-2022
Hydro,167,32,57,60,6,322,17-04-2022
Nuclear,26,33,45,0,0,104,17-04-2022
"Gas, Naptha & Diesel",19,5,9,0,28,61,17-04-2022
"RES (Wind, Solar, Biomass & Others)",160,170,192,5,0,528,17-04-2022
Total,1114,1636,929,668,50,4397,17-04-2022
Coal,764,1438,605,594,18,3418,18-04-2022
Lignite,18,12,44,0,0,74,18-04-2022
Hydro,174,50,83,62,7,377,18-04-2022
Total,1162,1691,980,661,52,4547,18-04-2022
Nuclear,25,33,46,0,0,103,18-04-2022
"Gas, Naptha & Diesel",20,13,7,0,27,67,18-04-2022
"RES (Wind, Solar, Biomass & Others)",160,146,195,5,0,507,18-04-2022
"Gas, Naptha & Diesel",23,17,8,0,27,75,19-04-2022
Nuclear,25,31,46,0,0,102,19-04-2022
Hydro,186,61,92,61,8,407,19-04-2022
Lignite,17,14,45,0,0,76,19-04-2022
Total,1161,1707,1002,667,53,4590,19-04-2022
"RES (Wind, Solar, Biomass & Others)",146,139,188,5,0,478,19-04-2022
Coal,764,1446,624,601,17,3452,19-04-2022
"Gas, Naptha & Diesel",25,18,9,0,28,80,20-04-2022
Nuclear,25,31,46,0,0,102,20-04-2022
Hydro,190,67,94,57,7,415,20-04-2022
"RES (Wind, Solar, Biomass & Others)",146,129,167,5,0,448,20-04-2022
Coal,770,1446,591,607,18,3432,20-04-2022
Lignite,16,14,46,0,0,76,20-04-2022
Total,1172,1705,952,670,53,4552,20-04-2022
Total,1177,1673,980,686,53,4569,21-04-2022
"RES (Wind, Solar, Biomass & Others)",149,123,175,5,1,452,21-04-2022
"Gas, Naptha & Diesel",25,15,14,0,28,82,21-04-2022
Nuclear,25,32,46,0,0,103,21-04-2022
Hydro,188,50,98,56,8,399,21-04-2022
Lignite,14,14,50,0,0,78,21-04-2022
Coal,776,1439,598,625,17,3455,21-04-2022
Coal,763,1460,594,624,17,3457,22-04-2022
Lignite,15,14,46,0,0,75,22-04-2022
"RES (Wind, Solar, Biomass & Others)",136,117,176,5,0,435,22-04-2022
Total,1126,1683,973,685,52,4519,22-04-2022
"Gas, Naptha & Diesel",11,14,17,0,28,71,22-04-2022
Nuclear,22,33,46,0,0,100,22-04-2022
Hydro,179,45,94,56,7,381,22-04-2022
Coal,773,1466,618,607,18,3481,23-04-2022
"RES (Wind, Solar, Biomass & Others)",129,123,149,5,0,407,23-04-2022
Total,1134,1702,977,676,55,4544,23-04-2022
Hydro,174,52,97,64,8,396,23-04-2022
"Gas, Naptha & Diesel",22,14,17,0,29,82,23-04-2022
Nuclear,22,33,46,0,0,100,23-04-2022
Lignite,14,14,50,0,0,78,23-04-2022
Coal,726,1415,606,595,16,3358,24-04-2022
Lignite,14,13,47,0,0,74,24-04-2022
Hydro,167,33,78,57,10,345,24-04-2022
Nuclear,22,33,46,0,0,100,24-04-2022
"Gas, Naptha & Diesel",23,12,15,0,31,81,24-04-2022
"RES (Wind, Solar, Biomass & Others)",138,153,165,5,0,462,24-04-2022
Total,1089,1659,957,657,57,4420,24-04-2022
Hydro,174,33,93,64,8,373,25-04-2022
Coal,746,1453,665,606,17,3487,25-04-2022
Lignite,10,14,44,0,0,68,25-04-2022
"Gas, Naptha & Diesel",25,15,16,0,31,87,25-04-2022
"RES (Wind, Solar, Biomass & Others)",138,165,166,6,0,475,25-04-2022
Total,1115,1712,1031,675,57,4590,25-04-2022
Nuclear,22,33,46,0,0,100,25-04-2022
Total,1113,1713,1065,669,53,4613,26-04-2022
Lignite,11,14,52,0,0,77,26-04-2022
"RES (Wind, Solar, Biomass & Others)",139,147,170,5,1,461,26-04-2022
"Gas, Naptha & Diesel",30,16,16,0,29,90,26-04-2022
Nuclear,22,33,46,0,0,100,26-04-2022
Coal,738,1459,682,597,17,3492,26-04-2022
Hydro,175,45,99,67,7,393,26-04-2022
"RES (Wind, Solar, Biomass & Others)",150,133,160,6,0,449,27-04-2022
Total,1139,1711,1077,665,53,4645,27-04-2022
Coal,743,1457,695,595,17,3507,27-04-2022
Lignite,11,15,53,0,0,79,27-04-2022
Hydro,181,57,107,64,6,416,27-04-2022
Nuclear,21,33,46,0,0,100,27-04-2022
"Gas, Naptha & Diesel",33,17,16,0,29,95,27-04-2022
Lignite,11,16,54,0,0,81,28-04-2022
Hydro,200,56,96,63,8,423,28-04-2022
Nuclear,21,33,46,0,0,100,28-04-2022
"Gas, Naptha & Diesel",33,17,15,0,29,94,28-04-2022
Coal,743,1455,689,577,17,3481,28-04-2022
Total,1176,1723,1085,644,55,4683,28-04-2022
"RES (Wind, Solar, Biomass & Others)",167,145,185,5,1,503,28-04-2022
Lignite,16,16,54,0,0,85,29-04-2022
Total,1197,1736,1066,638,54,4691,29-04-2022
Coal,763,1420,670,575,17,3444,29-04-2022
Hydro,209,57,93,58,7,424,29-04-2022
Nuclear,21,33,46,0,0,100,29-04-2022
"Gas, Naptha & Diesel",37,24,16,0,29,106,29-04-2022
"RES (Wind, Solar, Biomass & Others)",152,187,187,5,1,532,29-04-2022
Total,1200,1696,1092,632,56,4675,30-04-2022
Hydro,206,39,82,54,12,393,30-04-2022
Lignite,21,16,50,0,0,87,30-04-2022
"Gas, Naptha & Diesel",40,23,16,0,28,107,30-04-2022
Coal,768,1370,658,573,15,3384,30-04-2022
"RES (Wind, Solar, Biomass & Others)",140,215,240,4,1,601,30-04-2022
Nuclear,25,33,46,0,0,104,30-04-2022
Nuclear,25,33,46,0,0,104,01-05-2022
Total,1174,1623,1029,618,52,4496,01-05-2022
"RES (Wind, Solar, Biomass & Others)",167,215,260,4,1,647,01-05-2022
"Gas, Naptha & Diesel",36,17,15,0,29,97,01-05-2022
Coal,721,1317,601,560,12,3210,01-05-2022
Hydro,201,26,58,54,10,350,01-05-2022
Lignite,25,15,49,0,0,89,01-05-2022
Coal,742,1374,630,576,16,3338,02-05-2022
Lignite,23,13,44,0,0,80,02-05-2022
Hydro,212,38,67,58,14,388,02-05-2022
Total,1219,1666,1039,639,59,4622,02-05-2022
"RES (Wind, Solar, Biomass & Others)",185,190,244,5,0,624,02-05-2022
"Gas, Naptha & Diesel",32,19,8,0,29,88,02-05-2022
Nuclear,25,33,46,0,0,104,02-05-2022
"Gas, Naptha & Diesel",30,13,8,0,29,79,03-05-2022
Total,1243,1685,986,639,59,4613,03-05-2022
Coal,744,1379,610,581,15,3329,03-05-2022
"RES (Wind, Solar, Biomass & Others)",190,204,198,5,0,597,03-05-2022
Lignite,22,12,44,0,0,77,03-05-2022
Nuclear,25,33,46,0,0,104,03-05-2022
Hydro,232,45,81,54,14,426,03-05-2022
Nuclear,25,33,47,0,0,105,04-05-2022
Coal,714,1414,634,589,17,3369,04-05-2022
Lignite,22,12,47,0,0,81,04-05-2022
Hydro,238,45,66,51,15,415,04-05-2022
Total,1171,1672,984,645,62,4533,04-05-2022
"Gas, Naptha & Diesel",30,14,7,0,29,80,04-05-2022
"RES (Wind, Solar, Biomass & Others)",142,153,182,5,1,483,04-05-2022
"RES (Wind, Solar, Biomass & Others)",137,130,181,5,1,454,05-05-2022
"Gas, Naptha & Diesel",18,12,8,0,29,67,05-05-2022
Lignite,23,13,49,0,0,85,05-05-2022
Coal,690,1379,634,579,17,3300,05-05-2022
Total,1118,1617,983,641,64,4424,05-05-2022
Hydro,226,50,65,57,17,415,05-05-2022
Nuclear,25,33,46,0,0,104,05-05-2022
Coal,731,1428,657,596,17,3429,06-05-2022
Nuclear,25,33,46,0,0,104,06-05-2022
"Gas, Naptha & Diesel",20,11,8,0,29,67,06-05-2022
"RES (Wind, Solar, Biomass & Others)",138,131,195,5,1,470,06-05-2022
Total,1150,1657,1021,653,60,4540,06-05-2022
Hydro,216,39,69,52,13,388,06-05-2022
Lignite,21,15,47,0,0,82,06-05-2022
Hydro,219,35,63,60,13,390,07-05-2022
"RES (Wind, Solar, Biomass & Others)",152,148,195,5,1,501,07-05-2022
Total,1179,1662,1020,673,59,4592,07-05-2022
"Gas, Naptha & Diesel",21,10,8,0,30,69,07-05-2022
Nuclear,25,33,46,0,0,104,07-05-2022
Lignite,22,16,51,0,0,89,07-05-2022
Coal,739,1420,658,608,15,3440,07-05-2022
Total,1185,1610,973,650,58,4477,08-05-2022
"RES (Wind, Solar, Biomass & Others)",175,148,208,6,1,538,08-05-2022
Coal,719,1372,612,589,14,3307,08-05-2022
Lignite,19,16,46,0,0,81,08-05-2022
Hydro,225,29,53,55,13,375,08-05-2022
"Gas, Naptha & Diesel",22,12,8,0,30,72,08-05-2022
Nuclear,25,33,46,0,0,104,08-05-2022
Total,1198,1641,1042,661,60,4602,09-05-2022
"RES (Wind, Solar, Biomass & Others)",169,154,277,6,1,607,09-05-2022
Nuclear,25,33,46,0,0,104,09-05-2022
Hydro,228,31,63,53,14,390,09-05-2022
Lignite,17,16,49,0,0,82,09-05-2022
Coal,734,1390,599,603,15,3341,09-05-2022
"Gas, Naptha & Diesel",25,17,9,0,29,79,09-05-2022
"RES (Wind, Solar, Biomass & Others)",159,149,307,5,1,621,10-05-2022
Lignite,18,16,53,0,0,86,10-05-2022
Coal,741,1386,567,580,15,3289,10-05-2022
Total,1213,1636,1045,640,56,4591,10-05-2022
Nuclear,24,33,46,0,0,103,10-05-2022
Hydro,246,34,64,56,11,411,10-05-2022
"Gas, Naptha & Diesel",26,18,8,0,29,82,10-05-2022
Hydro,260,44,57,56,14,430,11-05-2022
Lignite,18,16,51,0,0,85,11-05-2022
"Gas, Naptha & Diesel",24,17,9,0,29,79,11-05-2022
"RES (Wind, Solar, Biomass & Others)",146,145,314,5,1,610,11-05-2022
Total,1218,1646,1053,633,59,4610,11-05-2022
Coal,748,1391,577,572,15,3305,11-05-2022
Nuclear,21,33,46,0,0,100,11-05-2022
Lignite,21,16,49,0,0,85,12-05-2022
Total,1246,1666,1035,627,61,4635,12-05-2022
"RES (Wind, Solar, Biomass & Others)",159,201,313,4,1,678,12-05-2022
"Gas, Naptha & Diesel",22,20,9,0,29,80,12-05-2022
Nuclear,21,33,46,0,0,100,12-05-2022
Hydro,293,31,52,62,19,458,12-05-2022
Coal,731,1365,566,560,12,3235,12-05-2022
Coal,703,1341,582,575,12,3214,13-05-2022
Hydro,302,40,65,66,21,494,13-05-2022
Nuclear,24,33,46,0,0,103,13-05-2022
"Gas, Naptha & Diesel",23,16,9,0,24,71,13-05-2022
"RES (Wind, Solar, Biomass & Others)",162,215,265,5,0,647,13-05-2022
Total,1237,1659,1012,646,58,4612,13-05-2022
Lignite,23,15,45,0,0,83,13-05-2022
Coal,714,1322,571,583,11,3201,14-05-2022
Hydro,307,37,69,81,28,523,14-05-2022
Nuclear,24,33,46,0,0,103,14-05-2022
"Gas, Naptha & Diesel",22,11,9,0,28,70,14-05-2022
"RES (Wind, Solar, Biomass & Others)",168,215,287,5,0,675,14-05-2022
Total,1258,1633,1024,669,67,4651,14-05-2022
Lignite,23,15,41,0,0,79,14-05-2022
Hydro,308,35,61,70,23,496,15-05-2022
Coal,705,1277,548,571,12,3113,15-05-2022
Lignite,22,13,39,0,0,75,15-05-2022
Total,1278,1564,944,647,65,4499,15-05-2022
Nuclear,25,33,46,0,0,103,15-05-2022
"Gas, Naptha & Diesel",23,5,8,0,30,66,15-05-2022
"RES (Wind, Solar, Biomass & Others)",196,201,241,6,0,645,15-05-2022
Total,1286,1624,927,685,70,4593,16-05-2022
"Gas, Naptha & Diesel",22,4,8,0,29,64,16-05-2022
Nuclear,25,33,46,0,0,104,16-05-2022
Hydro,307,45,70,87,27,536,16-05-2022
Lignite,25,14,57,0,0,95,16-05-2022
Coal,721,1329,548,594,13,3206,16-05-2022
"RES (Wind, Solar, Biomass & Others)",186,200,198,5,0,589,16-05-2022
"Gas, Naptha & Diesel",25,6,9,0,29,69,17-05-2022
Total,1253,1666,961,690,78,4647,17-05-2022
"RES (Wind, Solar, Biomass & Others)",153,199,187,6,0,545,17-05-2022
Nuclear,25,33,46,0,0,103,17-05-2022
Coal,735,1363,582,595,16,3291,17-05-2022
Lignite,25,13,60,0,0,98,17-05-2022
Hydro,289,52,77,89,33,541,17-05-2022
Total,1233,1658,940,678,78,4587,18-05-2022
Lignite,25,12,60,0,0,97,18-05-2022
Hydro,263,56,76,87,33,515,18-05-2022
Coal,760,1397,619,585,16,3378,18-05-2022
Nuclear,25,33,46,0,0,103,18-05-2022
"Gas, Naptha & Diesel",24,15,8,0,28,76,18-05-2022
"RES (Wind, Solar, Biomass & Others)",135,145,131,5,1,417,18-05-2022
Lignite,23,12,70,0,0,105,19-05-2022
Coal,763,1396,604,563,18,3343,19-05-2022
"Gas, Naptha & Diesel",26,17,8,0,29,80,19-05-2022
Nuclear,25,31,46,0,0,102,19-05-2022
Hydro,250,50,68,69,26,462,19-05-2022
"RES (Wind, Solar, Biomass & Others)",147,144,213,5,0,510,19-05-2022
Total,1233,1650,1009,637,73,4602,19-05-2022
"Gas, Naptha & Diesel",28,20,9,0,29,86,20-05-2022
"RES (Wind, Solar, Biomass & Others)",179,232,269,5,0,685,20-05-2022
Total,1245,1624,1029,636,75,4608,20-05-2022
Nuclear,24,32,46,0,0,102,20-05-2022
Lignite,22,11,64,0,0,98,20-05-2022
Coal,736,1302,577,564,15,3195,20-05-2022
Hydro,255,27,64,66,30,443,20-05-2022
Total,1143,1586,992,595,74,4390,21-05-2022
"RES (Wind, Solar, Biomass & Others)",183,312,318,5,0,819,21-05-2022
"Gas, Naptha & Diesel",22,9,9,0,28,69,21-05-2022
Nuclear,24,33,46,0,0,103,21-05-2022
Hydro,248,25,65,71,35,444,21-05-2022
Lignite,20,10,53,0,0,83,21-05-2022
Coal,646,1196,501,518,11,2872,21-05-2022
Hydro,229,22,61,73,34,421,22-05-2022
"RES (Wind, Solar, Biomass & Others)",181,321,382,5,1,890,22-05-2022
Total,1078,1487,964,569,74,4172,22-05-2022
Nuclear,24,33,46,0,0,103,22-05-2022
Lignite,18,10,50,0,0,78,22-05-2022
"Gas, Naptha & Diesel",17,3,6,0,29,55,22-05-2022
Coal,608,1099,419,490,10,2626,22-05-2022
Coal,511,1125,450,508,10,2604,23-05-2022
Hydro,213,31,78,71,34,427,23-05-2022
"RES (Wind, Solar, Biomass & Others)",154,293,365,5,1,818,23-05-2022
"Gas, Naptha & Diesel",15,3,5,0,27,50,23-05-2022
Lignite,17,13,52,0,0,81,23-05-2022
Total,935,1497,994,584,72,4082,23-05-2022
Nuclear,24,33,43,0,0,100,23-05-2022
Coal,545,1193,534,556,12,2840,24-05-2022
Lignite,18,14,60,0,0,91,24-05-2022
Nuclear,25,33,40,0,0,97,24-05-2022
"Gas, Naptha & Diesel",15,3,6,0,23,47,24-05-2022
"RES (Wind, Solar, Biomass & Others)",131,216,304,5,1,657,24-05-2022
Total,942,1511,1029,626,63,4172,24-05-2022
Hydro,209,53,86,65,27,440,24-05-2022
Coal,638,1274,603,594,17,3126,25-05-2022
Hydro,206,58,95,63,24,445,25-05-2022
Nuclear,23,33,40,0,0,96,25-05-2022
Total,1041,1540,1051,663,65,4360,25-05-2022
"RES (Wind, Solar, Biomass & Others)",141,157,245,6,0,548,25-05-2022
"Gas, Naptha & Diesel",16,5,7,0,24,52,25-05-2022
Lignite,17,14,62,0,0,93,25-05-2022
Hydro,191,39,74,65,24,394,26-05-2022
Nuclear,24,33,40,0,0,97,26-05-2022
"Gas, Naptha & Diesel",15,6,7,0,23,52,26-05-2022
Coal,673,1292,578,591,14,3148,26-05-2022
Total,1096,1608,1044,662,62,4472,26-05-2022
"RES (Wind, Solar, Biomass & Others)",176,227,282,6,1,691,26-05-2022
Lignite,16,12,63,0,0,91,26-05-2022
Lignite,14,12,70,0,0,96,27-05-2022
Coal,679,1267,538,576,13,3073,27-05-2022
Total,1133,1637,1061,646,58,4534,27-05-2022
"Gas, Naptha & Diesel",20,6,8,0,22,56,27-05-2022
Hydro,203,37,71,64,22,398,27-05-2022
"RES (Wind, Solar, Biomass & Others)",192,283,333,5,1,815,27-05-2022
Nuclear,24,33,40,0,0,97,27-05-2022
Coal,678,1244,538,580,14,3054,28-05-2022
Total,1150,1623,1066,643,61,4543,28-05-2022
Lignite,19,11,69,0,0,99,28-05-2022
"Gas, Naptha & Diesel",19,6,9,0,24,58,28-05-2022
Nuclear,24,33,40,0,0,97,28-05-2022
Hydro,230,49,89,58,23,449,28-05-2022
"RES (Wind, Solar, Biomass & Others)",180,280,321,5,1,787,28-05-2022
Total,1146,1581,1017,628,61,4433,29-05-2022
"RES (Wind, Solar, Biomass & Others)",187,272,316,5,1,781,29-05-2022
Nuclear,24,33,40,0,0,97,29-05-2022
Hydro,235,39,80,55,23,432,29-05-2022
Lignite,21,13,69,0,0,103,29-05-2022
Coal,660,1222,503,567,14,2966,29-05-2022
"Gas, Naptha & Diesel",18,3,9,0,24,54,29-05-2022
Nuclear,24,33,44,0,0,100,30-05-2022
"Gas, Naptha & Diesel",17,3,8,0,25,53,30-05-2022
Total,1194,1638,1082,664,61,4639,30-05-2022
"RES (Wind, Solar, Biomass & Others)",173,249,308,5,1,736,30-05-2022
Hydro,242,51,82,58,20,452,30-05-2022
Lignite,20,12,70,0,0,102,30-05-2022
Coal,718,1290,570,601,16,3195,30-05-2022
Nuclear,24,33,55,0,0,112,31-05-2022
"Gas, Naptha & Diesel",22,4,9,0,24,59,31-05-2022
Lignite,22,15,72,0,0,109,31-05-2022
Total,1204,1653,1119,686,61,4723,31-05-2022
"RES (Wind, Solar, Biomass & Others)",165,217,311,5,0,698,31-05-2022
Hydro,249,57,75,70,23,473,31-05-2022
Coal,722,1328,598,611,15,3273,31-05-2022
"Gas, Naptha & Diesel",23,3,8,0,24,58,01-06-2022
Nuclear,24,33,57,0,0,114,01-06-2022
Hydro,253,31,71,74,23,452,01-06-2022
Lignite,23,15,73,0,0,111,01-06-2022
"RES (Wind, Solar, Biomass & Others)",153,205,333,5,0,695,01-06-2022
Coal,719,1333,587,604,15,3258,01-06-2022
Total,1195,1620,1129,682,63,4689,01-06-2022
Coal,744,1365,581,607,16,3314,02-06-2022
"RES (Wind, Solar, Biomass & Others)",141,219,338,5,0,704,02-06-2022
Total,1209,1662,1139,688,62,4761,02-06-2022
Lignite,25,15,75,0,0,115,02-06-2022
Hydro,252,25,74,76,22,450,02-06-2022
Nuclear,24,33,62,0,0,119,02-06-2022
"Gas, Naptha & Diesel",22,6,8,0,23,59,02-06-2022
"Gas, Naptha & Diesel",26,7,9,0,23,64,03-06-2022
Lignite,23,14,75,0,0,113,03-06-2022
Hydro,255,41,81,84,26,487,03-06-2022
Nuclear,24,33,63,0,0,119,03-06-2022
"RES (Wind, Solar, Biomass & Others)",151,240,306,5,0,703,03-06-2022
Coal,759,1342,589,590,16,3296,03-06-2022
Total,1238,1677,1123,679,65,4782,03-06-2022
Coal,761,1381,583,590,17,3332,04-06-2022
Hydro,251,39,89,85,29,493,04-06-2022
Lignite,21,16,69,0,0,106,04-06-2022
Total,1245,1690,1093,680,68,4775,04-06-2022
"Gas, Naptha & Diesel",23,7,8,0,22,61,04-06-2022
"RES (Wind, Solar, Biomass & Others)",168,214,280,5,1,667,04-06-2022
Nuclear,21,33,63,0,0,116,04-06-2022
Coal,724,1351,574,565,16,3230,05-06-2022
Hydro,267,38,69,80,29,483,05-06-2022
Total,1214,1628,1100,650,68,4660,05-06-2022
"RES (Wind, Solar, Biomass & Others)",164,198,326,5,0,694,05-06-2022
"Gas, Naptha & Diesel",21,3,8,0,23,56,05-06-2022
Nuclear,20,25,63,0,0,108,05-06-2022
Lignite,17,14,58,0,0,89,05-06-2022
Total,1257,1659,1017,702,65,4699,06-06-2022
"RES (Wind, Solar, Biomass & Others)",173,198,224,6,0,601,06-06-2022
"Gas, Naptha & Diesel",26,10,8,0,23,68,06-06-2022
Lignite,17,11,45,0,0,72,06-06-2022
Hydro,277,31,77,90,24,500,06-06-2022
Coal,751,1384,597,606,17,3355,06-06-2022
Nuclear,12,23,66,0,0,102,06-06-2022
"RES (Wind, Solar, Biomass & Others)",193,206,302,5,1,706,07-06-2022
Total,1307,1659,1088,708,62,4824,07-06-2022
Hydro,301,27,68,90,26,512,07-06-2022
"Gas, Naptha & Diesel",28,30,8,0,19,86,07-06-2022
Nuclear,13,23,67,0,0,104,07-06-2022
Lignite,17,10,51,0,0,78,07-06-2022
Coal,755,1364,592,613,16,3339,07-06-2022
Coal,751,1342,568,603,15,3279,08-06-2022
Lignite,21,10,51,0,0,81,08-06-2022
Hydro,309,29,62,102,27,529,08-06-2022
Nuclear,14,32,67,0,0,114,08-06-2022
"Gas, Naptha & Diesel",35,36,8,0,19,98,08-06-2022
"RES (Wind, Solar, Biomass & Others)",194,225,347,5,0,771,08-06-2022
Total,1324,1674,1104,709,61,4871,08-06-2022
Nuclear,14,34,67,0,0,115,09-06-2022
Hydro,311,31,70,112,30,554,09-06-2022
"RES (Wind, Solar, Biomass & Others)",204,213,343,5,0,766,09-06-2022
Total,1322,1658,1101,711,68,4861,09-06-2022
"Gas, Naptha & Diesel",35,36,9,0,22,102,09-06-2022
Coal,733,1334,559,594,15,3235,09-06-2022
Lignite,26,10,52,0,0,88,09-06-2022
"RES (Wind, Solar, Biomass & Others)",193,172,344,6,0,716,10-06-2022
"Gas, Naptha & Diesel",35,36,10,0,23,103,10-06-2022
Nuclear,13,34,67,0,0,115,10-06-2022
Hydro,301,26,65,113,32,536,10-06-2022
Lignite,31,13,54,0,0,98,10-06-2022
Coal,733,1383,578,590,14,3298,10-06-2022
Total,1306,1663,1119,709,69,4866,10-06-2022
Coal,734,1366,577,578,14,3269,11-06-2022
Hydro,293,24,62,106,34,518,11-06-2022
Lignite,28,14,56,0,0,97,11-06-2022
"Gas, Naptha & Diesel",33,27,10,0,20,90,11-06-2022
"RES (Wind, Solar, Biomass & Others)",191,168,340,5,1,705,11-06-2022
Total,1292,1631,1111,689,68,4792,11-06-2022
Nuclear,13,33,68,0,0,114,11-06-2022
Coal,728,1315,550,581,14,3188,12-06-2022
Lignite,28,14,61,0,0,102,12-06-2022
Hydro,293,24,61,103,36,516,12-06-2022
"Gas, Naptha & Diesel",20,6,10,0,23,60,12-06-2022
"RES (Wind, Solar, Biomass & Others)",174,114,311,6,0,605,12-06-2022
Nuclear,13,33,67,0,0,114,12-06-2022
Total,1257,1507,1059,689,73,4585,12-06-2022
"RES (Wind, Solar, Biomass & Others)",132,92,274,6,0,503,13-06-2022
Coal,760,1432,583,595,18,3387,13-06-2022
Lignite,31,14,64,0,0,109,13-06-2022
Hydro,302,29,67,97,34,529,13-06-2022
Nuclear,15,33,67,0,0,116,13-06-2022
"Gas, Naptha & Diesel",30,10,10,0,23,73,13-06-2022
Total,1271,1609,1064,697,76,4717,13-06-2022
Coal,753,1457,602,604,18,3434,14-06-2022
Lignite,28,14,66,0,0,108,14-06-2022
Hydro,308,30,60,97,31,526,14-06-2022
Nuclear,17,33,67,0,0,118,14-06-2022
"Gas, Naptha & Diesel",42,28,9,0,23,103,14-06-2022
"RES (Wind, Solar, Biomass & Others)",124,110,271,6,0,511,14-06-2022
Total,1273,1672,1075,706,72,4799,14-06-2022
Hydro,328,29,59,108,34,559,15-06-2022
Total,1345,1674,970,701,74,4765,15-06-2022
"RES (Wind, Solar, Biomass & Others)",178,159,214,6,0,556,15-06-2022
"Gas, Naptha & Diesel",37,25,9,0,23,94,15-06-2022
Nuclear,19,33,67,0,0,119,15-06-2022
Lignite,25,14,63,0,0,102,15-06-2022
Coal,758,1414,559,588,16,3334,15-06-2022
Hydro,328,34,45,104,34,544,16-06-2022
Nuclear,19,33,67,0,0,119,16-06-2022
"Gas, Naptha & Diesel",36,22,9,0,23,91,16-06-2022
"RES (Wind, Solar, Biomass & Others)",196,179,219,4,0,598,16-06-2022
Coal,718,1347,549,595,14,3223,16-06-2022
Lignite,22,15,64,0,0,101,16-06-2022
Total,1319,1629,954,703,71,4676,16-06-2022
Coal,689,1308,543,598,16,3154,17-06-2022
Total,1258,1556,913,699,74,4501,17-06-2022
"RES (Wind, Solar, Biomass & Others)",199,159,184,5,0,546,17-06-2022
"Gas, Naptha & Diesel",31,8,10,0,23,71,17-06-2022
Nuclear,19,33,67,0,0,119,17-06-2022
Hydro,299,34,49,97,35,513,17-06-2022
Lignite,22,15,61,0,0,98,17-06-2022
Nuclear,20,33,67,0,0,120,18-06-2022
Hydro,275,31,44,102,35,488,18-06-2022
Lignite,26,15,61,0,0,101,18-06-2022
Coal,697,1274,522,598,17,3108,18-06-2022
"RES (Wind, Solar, Biomass & Others)",143,156,194,4,0,497,18-06-2022
"Gas, Naptha & Diesel",21,4,10,0,23,57,18-06-2022
Total,1183,1513,897,705,75,4370,18-06-2022
Lignite,28,14,58,0,0,99,19-06-2022
Coal,656,1168,476,566,14,2880,19-06-2022
"RES (Wind, Solar, Biomass & Others)",138,166,250,6,0,561,19-06-2022
Total,1130,1411,894,684,73,4191,19-06-2022
"Gas, Naptha & Diesel",20,4,9,0,24,57,19-06-2022
Hydro,267,27,34,112,35,474,19-06-2022
Nuclear,20,33,67,0,0,120,19-06-2022
"RES (Wind, Solar, Biomass & Others)",151,234,285,5,1,676,20-06-2022
Lignite,28,14,62,0,0,105,20-06-2022
Coal,684,1127,486,562,12,2871,20-06-2022
Total,1154,1438,946,675,71,4284,20-06-2022
"Gas, Naptha & Diesel",17,4,9,0,23,52,20-06-2022
Nuclear,20,33,63,0,0,115,20-06-2022
Hydro,253,27,41,109,35,465,20-06-2022
Hydro,247,32,45,120,36,480,21-06-2022
Nuclear,20,33,62,0,0,115,21-06-2022
Coal,686,1154,467,549,14,2870,21-06-2022
"Gas, Naptha & Diesel",21,3,9,0,23,56,21-06-2022
"RES (Wind, Solar, Biomass & Others)",119,220,315,5,1,660,21-06-2022
Total,1120,1457,959,675,73,4284,21-06-2022
Lignite,28,15,61,0,0,103,21-06-2022
"Gas, Naptha & Diesel",21,3,8,0,24,56,22-06-2022
Coal,757,1217,501,595,17,3088,22-06-2022
"RES (Wind, Solar, Biomass & Others)",130,104,287,5,2,528,22-06-2022
Hydro,224,36,55,121,33,469,22-06-2022
Nuclear,21,33,62,0,0,116,22-06-2022
Lignite,30,15,62,0,0,107,22-06-2022
Total,1183,1409,974,721,77,4363,22-06-2022
Hydro,233,32,52,116,31,464,23-06-2022
Total,1252,1446,1010,728,75,4511,23-06-2022
Lignite,31,16,66,0,0,113,23-06-2022
Nuclear,24,33,63,0,0,119,23-06-2022
"Gas, Naptha & Diesel",21,4,8,0,24,57,23-06-2022
"RES (Wind, Solar, Biomass & Others)",138,101,290,6,2,537,23-06-2022
Coal,804,1261,530,606,18,3219,23-06-2022
Hydro,240,29,51,114,32,466,24-06-2022
Lignite,31,15,68,0,0,114,24-06-2022
"Gas, Naptha & Diesel",23,6,10,0,24,62,24-06-2022
"RES (Wind, Solar, Biomass & Others)",128,118,359,4,0,609,24-06-2022
Total,1246,1459,1063,730,73,4571,24-06-2022
Coal,801,1259,512,612,17,3200,24-06-2022
Nuclear,24,33,63,0,0,120,24-06-2022
Lignite,28,13,66,0,0,108,25-06-2022
Hydro,258,30,48,113,31,481,25-06-2022
Nuclear,24,33,67,0,0,124,25-06-2022
"Gas, Naptha & Diesel",23,5,10,0,25,63,25-06-2022
"RES (Wind, Solar, Biomass & Others)",134,145,341,4,1,626,25-06-2022
Total,1277,1471,1031,707,74,4560,25-06-2022
Coal,810,1244,499,590,17,3160,25-06-2022
Hydro,288,27,45,94,31,485,26-06-2022
Lignite,27,13,65,0,0,104,26-06-2022
Coal,799,1243,446,591,16,3095,26-06-2022
"Gas, Naptha & Diesel",21,3,10,0,24,58,26-06-2022
Nuclear,28,33,67,0,0,128,26-06-2022
"RES (Wind, Solar, Biomass & Others)",149,138,378,5,1,670,26-06-2022
Total,1313,1456,1011,690,72,4541,26-06-2022
Lignite,28,13,68,0,0,109,27-06-2022
Coal,813,1301,494,603,17,3229,27-06-2022
Total,1360,1510,1040,721,74,4705,27-06-2022
"RES (Wind, Solar, Biomass & Others)",140,127,342,5,1,615,27-06-2022
"Gas, Naptha & Diesel",26,7,9,0,25,67,27-06-2022
Nuclear,28,33,67,0,0,129,27-06-2022
Hydro,324,29,60,113,32,558,27-06-2022
Coal,803,1327,535,588,17,3271,28-06-2022
Hydro,340,30,63,114,33,581,28-06-2022
Lignite,30,13,67,0,0,110,28-06-2022
"Gas, Naptha & Diesel",36,9,9,0,24,78,28-06-2022
"RES (Wind, Solar, Biomass & Others)",169,151,310,5,0,635,28-06-2022
Nuclear,29,33,67,0,0,129,28-06-2022
Total,1407,1562,1051,708,74,4802,28-06-2022
"RES (Wind, Solar, Biomass & Others)",193,195,330,5,0,723,29-06-2022
Coal,754,1269,529,562,16,3130,29-06-2022
Lignite,30,14,101,0,0,144,29-06-2022
Hydro,344,29,53,117,36,578,29-06-2022
Nuclear,28,33,67,0,0,128,29-06-2022
"Gas, Naptha & Diesel",31,7,10,0,23,71,29-06-2022
Total,1381,1546,1089,684,75,4775,29-06-2022
Hydro,336,25,47,120,35,563,30-06-2022
Coal,644,1152,498,526,13,2834,30-06-2022
Lignite,29,14,65,0,0,108,30-06-2022
Nuclear,29,33,67,0,0,129,30-06-2022
"Gas, Naptha & Diesel",21,7,9,0,23,59,30-06-2022
Total,1244,1422,1024,651,72,4411,30-06-2022
"RES (Wind, Solar, Biomass & Others)",184,191,338,5,0,718,30-06-2022
Lignite,28,12,65,0,0,105,01-07-2022
Hydro,343,20,47,118,34,561,01-07-2022
Nuclear,30,33,67,0,0,130,01-07-2022
"Gas, Naptha & Diesel",15,6,9,0,22,53,01-07-2022
"RES (Wind, Solar, Biomass & Others)",113,196,363,6,1,679,01-07-2022
Coal,627,1131,491,541,13,2802,01-07-2022
Total,1155,1399,1042,664,70,4329,01-07-2022
Hydro,357,24,55,121,35,592,02-07-2022
Lignite,28,12,62,0,0,101,02-07-2022
Coal,687,1105,498,570,16,2875,02-07-2022
Total,1208,1320,1042,696,75,4341,02-07-2022
"Gas, Naptha & Diesel",16,5,8,0,23,52,02-07-2022
Nuclear,29,33,67,0,0,130,02-07-2022
"RES (Wind, Solar, Biomass & Others)",92,141,353,5,1,591,02-07-2022
Coal,670,1084,450,546,16,2765,03-07-2022
Total,1189,1292,977,669,73,4201,03-07-2022
"RES (Wind, Solar, Biomass & Others)",91,138,343,4,1,577,03-07-2022
"Gas, Naptha & Diesel",16,4,9,0,24,52,03-07-2022
Nuclear,29,33,67,0,0,130,03-07-2022
Hydro,357,21,53,119,33,583,03-07-2022
Lignite,26,12,55,0,0,93,03-07-2022
Lignite,28,11,58,0,0,97,04-07-2022
Hydro,361,24,71,122,32,611,04-07-2022
Nuclear,29,33,67,0,0,129,04-07-2022
"Gas, Naptha & Diesel",17,6,9,0,24,56,04-07-2022
"RES (Wind, Solar, Biomass & Others)",111,113,355,5,1,584,04-07-2022
Coal,734,1161,486,582,17,2979,04-07-2022
Total,1279,1349,1046,710,73,4456,04-07-2022
Coal,765,1181,478,575,17,3015,05-07-2022
Lignite,29,10,53,0,0,92,05-07-2022
Hydro,363,28,80,120,32,623,05-07-2022
Nuclear,29,33,67,0,0,129,05-07-2022
Total,1334,1387,1050,699,73,4543,05-07-2022
"Gas, Naptha & Diesel",20,8,9,0,23,60,05-07-2022
"RES (Wind, Solar, Biomass & Others)",128,127,362,5,1,623,05-07-2022
Coal,762,1178,479,563,14,2994,06-07-2022
Lignite,30,9,55,0,0,94,06-07-2022
Hydro,363,35,92,116,31,637,06-07-2022
Nuclear,29,33,68,0,0,130,06-07-2022
"Gas, Naptha & Diesel",24,8,9,0,24,65,06-07-2022
"RES (Wind, Solar, Biomass & Others)",99,100,310,5,0,514,06-07-2022
Total,1307,1362,1011,684,69,4433,06-07-2022
"RES (Wind, Solar, Biomass & Others)",118,148,338,5,1,609,07-07-2022
Nuclear,29,33,67,0,0,129,07-07-2022
"Gas, Naptha & Diesel",26,6,8,0,24,64,07-07-2022
Hydro,354,28,91,111,30,614,07-07-2022
Lignite,28,10,60,0,0,98,07-07-2022
Coal,765,1185,470,580,14,3014,07-07-2022
Total,1321,1410,1034,695,69,4529,07-07-2022
Coal,763,1176,431,595,17,2982,08-07-2022
Hydro,353,25,87,109,30,604,08-07-2022
Lignite,28,10,60,0,0,98,08-07-2022
"Gas, Naptha & Diesel",21,3,9,0,28,61,08-07-2022
"RES (Wind, Solar, Biomass & Others)",128,180,354,5,0,667,08-07-2022
Total,1322,1427,1009,709,76,4543,08-07-2022
Nuclear,29,33,68,0,0,130,08-07-2022
Total,1277,1359,964,665,74,4339,09-07-2022
Coal,718,1095,383,551,14,2761,09-07-2022
Lignite,27,7,57,0,0,91,09-07-2022
Hydro,349,22,87,110,29,597,09-07-2022
Nuclear,29,33,68,0,0,130,09-07-2022
"Gas, Naptha & Diesel",21,2,9,0,29,61,09-07-2022
"RES (Wind, Solar, Biomass & Others)",133,198,362,5,1,699,09-07-2022
Lignite,25,7,52,0,0,84,10-07-2022
"Gas, Naptha & Diesel",21,2,9,0,30,62,10-07-2022
Nuclear,29,33,68,0,0,130,10-07-2022
Hydro,344,20,80,106,30,581,10-07-2022
Coal,665,1003,325,516,14,2523,10-07-2022
"RES (Wind, Solar, Biomass & Others)",115,221,360,5,1,702,10-07-2022
Total,1200,1286,894,627,75,4081,10-07-2022
"RES (Wind, Solar, Biomass & Others)",131,208,371,4,1,715,11-07-2022
Lignite,26,5,56,0,0,87,11-07-2022
Hydro,365,23,89,108,32,616,11-07-2022
Nuclear,29,26,68,0,0,123,11-07-2022
"Gas, Naptha & Diesel",20,3,9,0,29,61,11-07-2022
Total,1288,1312,938,666,75,4280,11-07-2022
Coal,716,1047,346,554,14,2676,11-07-2022
Nuclear,29,8,68,0,0,105,12-07-2022
Lignite,24,4,56,0,0,85,12-07-2022
Hydro,373,29,100,109,33,644,12-07-2022
Coal,730,1051,341,557,15,2695,12-07-2022
"RES (Wind, Solar, Biomass & Others)",139,214,398,4,1,756,12-07-2022
Total,1316,1310,971,670,78,4345,12-07-2022
"Gas, Naptha & Diesel",20,3,8,0,29,60,12-07-2022
"RES (Wind, Solar, Biomass & Others)",135,180,377,5,1,698,13-07-2022
"Gas, Naptha & Diesel",21,4,9,0,29,63,13-07-2022
Nuclear,29,12,68,0,0,109,13-07-2022
Hydro,359,31,113,116,32,651,13-07-2022
Lignite,27,5,55,0,0,86,13-07-2022
Coal,747,1060,340,570,16,2733,13-07-2022
Total,1319,1292,961,690,78,4340,13-07-2022
"RES (Wind, Solar, Biomass & Others)",131,126,407,4,1,670,14-07-2022
"Gas, Naptha & Diesel",17,3,8,0,28,56,14-07-2022
Lignite,27,5,55,0,0,87,14-07-2022
Total,1271,1236,998,681,77,4263,14-07-2022
Nuclear,29,21,67,0,0,116,14-07-2022
Hydro,365,39,117,122,32,675,14-07-2022
Coal,702,1042,344,555,15,2658,14-07-2022
"Gas, Naptha & Diesel",15,3,9,0,29,55,15-07-2022
Nuclear,29,20,61,0,0,111,15-07-2022
Hydro,365,47,131,116,31,691,15-07-2022
"RES (Wind, Solar, Biomass & Others)",123,135,395,5,1,659,15-07-2022
Total,1257,1271,1039,646,75,4289,15-07-2022
Coal,698,1061,385,525,14,2682,15-07-2022
Lignite,27,6,59,0,0,91,15-07-2022
Nuclear,29,20,58,0,0,108,16-07-2022
"Gas, Naptha & Diesel",15,3,8,0,28,54,16-07-2022
Lignite,27,8,59,0,0,94,16-07-2022
Coal,710,1062,389,532,14,2707,16-07-2022
Hydro,367,62,140,103,30,702,16-07-2022
"RES (Wind, Solar, Biomass & Others)",137,181,362,4,1,685,16-07-2022
Total,1287,1336,1015,639,72,4350,16-07-2022
"RES (Wind, Solar, Biomass & Others)",112,188,292,4,1,597,17-07-2022
Total,1230,1302,911,614,70,4127,17-07-2022
Coal,682,1032,356,499,14,2583,17-07-2022
Hydro,366,51,141,111,28,697,17-07-2022
Nuclear,29,21,58,0,0,107,17-07-2022
"Gas, Naptha & Diesel",16,3,9,0,28,55,17-07-2022
Lignite,26,8,55,0,0,88,17-07-2022
Nuclear,29,30,62,0,0,121,18-07-2022
Hydro,360,61,148,112,26,706,18-07-2022
Lignite,24,8,60,0,0,93,18-07-2022
Total,1297,1333,949,685,73,4336,18-07-2022
Coal,777,1078,407,568,17,2848,18-07-2022
"RES (Wind, Solar, Biomass & Others)",90,152,263,5,1,511,18-07-2022
"Gas, Naptha & Diesel",16,3,9,0,30,58,18-07-2022
Hydro,367,84,138,118,27,734,19-07-2022
Nuclear,29,32,68,0,0,129,19-07-2022
Coal,747,1043,459,548,15,2810,19-07-2022
"RES (Wind, Solar, Biomass & Others)",126,158,271,5,0,561,19-07-2022
Total,1375,1385,1005,701,73,4540,19-07-2022
Coal,810,1099,456,578,17,2960,19-07-2022
Lignite,23,9,64,0,0,96,19-07-2022
Hydro,319,86,126,121,32,683,19-07-2022
Nuclear,29,36,67,0,0,132,19-07-2022
"Gas, Naptha & Diesel",16,3,9,0,29,57,19-07-2022
Lignite,24,8,63,0,0,95,19-07-2022
"Gas, Naptha & Diesel",19,5,9,0,29,61,19-07-2022
Total,1325,1364,971,673,76,4409,19-07-2022
"RES (Wind, Solar, Biomass & Others)",191,188,246,4,1,630,19-07-2022
Total,1239,1328,947,631,78,4224,21-07-2022
"RES (Wind, Solar, Biomass & Others)",174,197,241,4,0,617,21-07-2022
"Gas, Naptha & Diesel",16,3,9,0,28,57,21-07-2022
Nuclear,29,40,68,0,0,137,21-07-2022
Hydro,340,106,131,129,36,742,21-07-2022
Coal,656,971,437,498,14,2576,21-07-2022
Lignite,24,10,61,0,0,95,21-07-2022
Total,1226,1337,955,664,78,4260,22-07-2022
"RES (Wind, Solar, Biomass & Others)",125,169,222,4,1,522,22-07-2022
"Gas, Naptha & Diesel",16,3,9,0,29,57,22-07-2022
Nuclear,29,40,67,0,0,137,22-07-2022
Hydro,337,102,148,128,33,748,22-07-2022
Lignite,25,12,62,0,0,100,22-07-2022
Coal,693,1010,446,532,15,2696,22-07-2022
Coal,696,997,411,524,15,2643,23-07-2022
"RES (Wind, Solar, Biomass & Others)",101,175,282,5,1,562,23-07-2022
Hydro,332,96,141,129,32,731,23-07-2022
Nuclear,29,40,68,0,0,137,23-07-2022
"Gas, Naptha & Diesel",16,3,9,0,29,57,23-07-2022
Total,1202,1323,969,658,78,4229,23-07-2022
Lignite,27,12,59,0,0,98,23-07-2022
"RES (Wind, Solar, Biomass & Others)",125,207,278,4,1,616,24-07-2022
Nuclear,29,40,49,0,0,118,24-07-2022
Hydro,344,92,145,128,34,743,24-07-2022
Lignite,27,10,57,0,0,94,24-07-2022
Coal,677,899,368,498,13,2454,24-07-2022
"Gas, Naptha & Diesel",16,3,9,0,29,57,24-07-2022
Total,1219,1252,906,630,76,4082,24-07-2022
Nuclear,27,40,46,0,0,113,25-07-2022
Hydro,353,102,155,128,34,773,25-07-2022
Lignite,27,9,67,0,0,103,25-07-2022
Coal,699,959,427,540,14,2639,25-07-2022
"RES (Wind, Solar, Biomass & Others)",124,191,240,5,1,560,25-07-2022
"Gas, Naptha & Diesel",18,17,9,0,29,74,25-07-2022
Total,1250,1318,944,672,78,4262,25-07-2022
Total,1290,1318,894,720,83,4305,26-07-2022
"RES (Wind, Solar, Biomass & Others)",95,123,151,5,0,374,26-07-2022
"Gas, Naptha & Diesel",19,5,9,0,30,64,26-07-2022
Nuclear,25,40,46,0,0,111,26-07-2022
Hydro,367,108,164,133,35,807,26-07-2022
Lignite,26,10,59,0,0,94,26-07-2022
Coal,759,1032,464,582,18,2855,26-07-2022
Coal,790,1030,476,597,17,2910,27-07-2022
Lignite,25,9,55,0,0,89,27-07-2022
Hydro,365,113,160,133,35,804,27-07-2022
Nuclear,25,39,46,0,0,111,27-07-2022
"Gas, Naptha & Diesel",19,5,9,0,30,63,27-07-2022
"RES (Wind, Solar, Biomass & Others)",95,123,150,5,1,374,27-07-2022
Total,1318,1319,896,734,82,4349,27-07-2022
"RES (Wind, Solar, Biomass & Others)",124,111,172,5,1,412,28-07-2022
Coal,771,1019,480,590,17,2876,28-07-2022
Lignite,26,11,56,0,0,92,28-07-2022
Hydro,360,113,155,133,35,797,28-07-2022
Nuclear,28,32,47,0,0,107,28-07-2022
"Gas, Naptha & Diesel",20,5,8,0,30,63,28-07-2022
Total,1328,1291,918,728,82,4347,28-07-2022
Coal,768,1048,506,594,17,2932,29-07-2022
Hydro,299,111,137,135,34,716,29-07-2022
Nuclear,29,33,47,0,0,109,29-07-2022
Total,1298,1327,925,734,81,4364,29-07-2022
"RES (Wind, Solar, Biomass & Others)",155,119,168,5,1,448,29-07-2022
Lignite,27,11,59,0,0,97,29-07-2022
"Gas, Naptha & Diesel",19,5,9,0,30,63,29-07-2022
Coal,688,1036,484,569,15,2791,30-07-2022
Total,1271,1340,911,709,79,4309,30-07-2022
"RES (Wind, Solar, Biomass & Others)",156,150,182,5,0,493,30-07-2022
"Gas, Naptha & Diesel",16,2,10,0,30,58,30-07-2022
Nuclear,29,33,47,0,0,109,30-07-2022
Hydro,356,107,126,135,33,758,30-07-2022
Lignite,26,11,62,0,0,100,30-07-2022
Coal,640,967,454,532,12,2605,31-07-2022
Lignite,26,11,57,0,0,94,31-07-2022
Nuclear,29,33,46,0,0,108,31-07-2022
"Gas, Naptha & Diesel",16,3,10,0,30,58,31-07-2022
"RES (Wind, Solar, Biomass & Others)",172,183,180,4,0,539,31-07-2022
Hydro,339,94,126,129,35,724,31-07-2022
Total,1222,1291,872,665,78,4128,31-07-2022
"RES (Wind, Solar, Biomass & Others)",142,184,226,5,0,557,01-08-2022
"Gas, Naptha & Diesel",16,4,9,0,30,59,01-08-2022
Nuclear,29,33,47,0,0,109,01-08-2022
Hydro,343,97,131,125,41,736,01-08-2022
Total,1246,1355,928,677,81,4287,01-08-2022
Lignite,30,10,60,0,0,100,01-08-2022
Coal,686,1028,454,547,10,2725,01-08-2022
"RES (Wind, Solar, Biomass & Others)",147,129,268,4,1,550,02-08-2022
"Gas, Naptha & Diesel",18,8,9,0,30,66,02-08-2022
Total,1319,1361,977,701,79,4437,02-08-2022
Coal,740,1098,438,564,11,2851,02-08-2022
Nuclear,29,33,47,0,0,109,02-08-2022
Lignite,31,11,61,0,0,103,02-08-2022
Hydro,353,82,154,132,38,759,02-08-2022
Total,1357,1364,982,701,81,4484,03-08-2022
"Gas, Naptha & Diesel",19,6,9,0,30,63,03-08-2022
"RES (Wind, Solar, Biomass & Others)",132,75,235,5,1,447,03-08-2022
Hydro,355,90,157,123,37,761,03-08-2022
Coal,790,1148,472,573,14,2997,03-08-2022
Lignite,31,12,63,0,0,106,03-08-2022
Nuclear,29,33,47,0,0,109,03-08-2022
Nuclear,29,33,47,0,0,109,04-08-2022
"Gas, Naptha & Diesel",18,8,8,0,31,65,04-08-2022
"RES (Wind, Solar, Biomass & Others)",115,58,234,5,1,413,04-08-2022
Lignite,34,11,58,0,0,103,04-08-2022
Total,1332,1328,987,696,85,4427,04-08-2022
Hydro,364,79,148,126,36,754,04-08-2022
Coal,772,1139,491,564,17,2983,04-08-2022
Total,1274,1296,1039,702,82,4392,05-08-2022
"RES (Wind, Solar, Biomass & Others)",113,63,337,5,1,519,05-08-2022
"Gas, Naptha & Diesel",17,7,9,0,30,63,05-08-2022
Nuclear,30,33,47,0,0,109,05-08-2022
Hydro,345,73,146,137,35,737,05-08-2022
Lignite,32,11,60,0,0,103,05-08-2022
Coal,737,1109,440,560,16,2862,05-08-2022
"RES (Wind, Solar, Biomass & Others)",119,87,370,4,1,581,06-08-2022
Total,1264,1291,1028,696,80,4359,06-08-2022
Hydro,369,68,151,131,34,754,06-08-2022
Coal,698,1089,395,561,15,2759,06-08-2022
Lignite,32,11,57,0,0,99,06-08-2022
"Gas, Naptha & Diesel",16,4,9,0,29,58,06-08-2022
Nuclear,29,32,47,0,0,109,06-08-2022
Nuclear,29,32,47,0,0,108,07-08-2022
Hydro,371,66,152,135,31,756,07-08-2022
Lignite,33,11,55,0,0,100,07-08-2022
"Gas, Naptha & Diesel",16,6,9,0,31,61,07-08-2022
Coal,634,1021,349,527,14,2545,07-08-2022
"RES (Wind, Solar, Biomass & Others)",108,91,369,4,1,573,07-08-2022
Total,1191,1227,981,667,77,4143,07-08-2022
Nuclear,24,36,47,0,0,107,08-08-2022
Coal,702,1037,351,549,15,2654,08-08-2022
Lignite,31,11,55,0,0,96,08-08-2022
Hydro,368,68,171,129,34,769,08-08-2022
"Gas, Naptha & Diesel",16,7,8,0,30,61,08-08-2022
"RES (Wind, Solar, Biomass & Others)",116,97,370,4,1,588,08-08-2022
Total,1256,1255,1002,682,80,4275,08-08-2022
Nuclear,24,39,47,0,0,111,09-08-2022
Hydro,355,66,173,131,32,757,09-08-2022
Total,1310,1252,1017,672,76,4327,09-08-2022
Coal,741,1007,363,537,15,2663,09-08-2022
"Gas, Naptha & Diesel",15,3,8,0,29,56,09-08-2022
Lignite,27,10,48,0,0,85,09-08-2022
"RES (Wind, Solar, Biomass & Others)",146,126,378,4,1,655,09-08-2022
"RES (Wind, Solar, Biomass & Others)",154,146,402,4,0,707,10-08-2022
Hydro,342,78,179,132,31,762,10-08-2022
"Gas, Naptha & Diesel",16,6,8,0,28,58,10-08-2022
Nuclear,25,39,47,0,0,111,10-08-2022
Lignite,17,11,44,0,0,72,10-08-2022
Total,1309,1254,1050,676,74,4364,10-08-2022
Coal,755,974,370,541,15,2654,10-08-2022
"Gas, Naptha & Diesel",16,2,7,0,29,54,11-08-2022
Nuclear,25,40,47,0,0,112,11-08-2022
Lignite,24,10,43,0,0,77,11-08-2022
Hydro,357,78,175,132,33,775,11-08-2022
Total,1252,1155,1064,635,76,4181,11-08-2022
"RES (Wind, Solar, Biomass & Others)",154,153,408,4,1,720,11-08-2022
Coal,677,872,383,500,13,2444,11-08-2022
Coal,749,890,404,519,14,2576,12-08-2022
Nuclear,25,40,47,0,0,112,12-08-2022
"Gas, Naptha & Diesel",19,2,7,0,30,57,12-08-2022
"RES (Wind, Solar, Biomass & Others)",133,192,383,4,1,712,12-08-2022
Total,1313,1216,1071,655,76,4331,12-08-2022
Lignite,26,10,48,0,0,84,12-08-2022
Hydro,362,82,183,131,32,790,12-08-2022
Lignite,25,9,51,0,0,85,13-08-2022
Nuclear,25,40,47,0,0,112,13-08-2022
"Gas, Naptha & Diesel",16,2,9,0,30,56,13-08-2022
"RES (Wind, Solar, Biomass & Others)",97,234,319,4,0,655,13-08-2022
Total,1337,1285,1046,677,77,4423,13-08-2022
Coal,774,913,432,545,16,2679,13-08-2022
Hydro,400,87,189,128,32,836,13-08-2022
Nuclear,26,40,47,0,0,113,14-08-2022
Total,1305,1232,948,633,75,4193,14-08-2022
"RES (Wind, Solar, Biomass & Others)",143,239,269,4,0,655,14-08-2022
"Gas, Naptha & Diesel",16,4,9,0,29,57,14-08-2022
Coal,699,861,390,504,14,2467,14-08-2022
Hydro,399,78,187,125,32,821,14-08-2022
Lignite,23,10,46,0,0,80,14-08-2022
"Gas, Naptha & Diesel",15,5,8,0,29,58,15-08-2022
"RES (Wind, Solar, Biomass & Others)",105,173,235,4,0,517,15-08-2022
Total,1175,1120,897,597,75,3864,15-08-2022
Nuclear,29,40,47,0,0,116,15-08-2022
Hydro,369,79,173,132,32,785,15-08-2022
Lignite,23,11,49,0,0,83,15-08-2022
Coal,634,812,386,461,13,2305,15-08-2022
Total,1252,1200,966,652,76,4146,16-08-2022
"RES (Wind, Solar, Biomass & Others)",145,158,227,5,1,536,16-08-2022
"Gas, Naptha & Diesel",16,3,7,0,29,55,16-08-2022
Nuclear,30,40,47,0,0,117,16-08-2022
Hydro,370,85,178,134,31,799,16-08-2022
Lignite,27,11,57,0,0,95,16-08-2022
Coal,664,903,450,513,15,2544,16-08-2022
Hydro,398,76,183,138,30,824,17-08-2022
Nuclear,30,40,44,0,0,114,17-08-2022
"Gas, Naptha & Diesel",18,5,8,0,29,60,17-08-2022
"RES (Wind, Solar, Biomass & Others)",106,227,251,5,1,590,17-08-2022
Total,1317,1310,1025,693,76,4420,17-08-2022
Lignite,30,8,58,0,0,97,17-08-2022
Coal,735,953,481,550,16,2735,17-08-2022
Total,1407,1309,1061,694,76,4548,18-08-2022
Coal,766,956,510,558,16,2806,18-08-2022
"RES (Wind, Solar, Biomass & Others)",164,221,261,5,1,652,18-08-2022
"Gas, Naptha & Diesel",18,6,8,0,29,61,18-08-2022
Nuclear,30,40,42,0,0,112,18-08-2022
Hydro,408,78,182,131,31,829,18-08-2022
Lignite,21,8,59,0,0,88,18-08-2022
Total,1433,1271,1078,689,77,4548,19-08-2022
"RES (Wind, Solar, Biomass & Others)",170,191,281,4,1,646,19-08-2022
Coal,787,940,510,558,16,2811,19-08-2022
Hydro,407,83,177,127,31,825,19-08-2022
Lignite,21,9,58,0,0,88,19-08-2022
"Gas, Naptha & Diesel",18,9,8,0,29,64,19-08-2022
Nuclear,30,40,44,0,0,113,19-08-2022
Coal,754,941,491,507,14,2708,20-08-2022
Total,1373,1233,1048,647,72,4373,20-08-2022
"RES (Wind, Solar, Biomass & Others)",143,156,284,4,1,588,20-08-2022
"Gas, Naptha & Diesel",16,8,8,0,29,61,20-08-2022
Lignite,31,9,43,0,0,82,20-08-2022
Hydro,400,83,176,136,29,824,20-08-2022
Nuclear,30,36,45,0,0,111,20-08-2022
"Gas, Naptha & Diesel",15,8,8,0,29,61,21-08-2022
Nuclear,30,32,45,0,0,107,21-08-2022
Hydro,410,81,161,134,29,816,21-08-2022
Total,1330,1225,1038,636,73,4302,21-08-2022
Lignite,31,7,52,0,0,90,21-08-2022
Coal,705,914,446,498,14,2576,21-08-2022
"RES (Wind, Solar, Biomass & Others)",139,181,327,4,1,652,21-08-2022
Lignite,29,5,52,0,0,86,22-08-2022
Hydro,411,83,166,142,31,834,22-08-2022
Nuclear,28,32,42,0,0,103,22-08-2022
"Gas, Naptha & Diesel",16,6,8,0,29,59,22-08-2022
"RES (Wind, Solar, Biomass & Others)",136,217,371,5,1,730,22-08-2022
Coal,759,983,437,500,15,2693,22-08-2022
Total,1379,1327,1076,647,75,4504,22-08-2022
Coal,778,1018,469,511,16,2793,23-08-2022
Total,1317,1379,1126,657,75,4554,23-08-2022
"RES (Wind, Solar, Biomass & Others)",129,239,367,5,1,742,23-08-2022
"Gas, Naptha & Diesel",16,5,8,0,29,58,23-08-2022
Nuclear,30,32,47,0,0,109,23-08-2022
Hydro,335,82,182,140,30,769,23-08-2022
Lignite,29,2,54,0,0,84,23-08-2022
Nuclear,30,33,47,0,0,110,24-08-2022
Total,1309,1397,1082,666,77,4532,24-08-2022
"RES (Wind, Solar, Biomass & Others)",124,227,285,5,1,642,24-08-2022
"Gas, Naptha & Diesel",17,7,7,0,29,60,24-08-2022
Hydro,390,82,181,134,31,818,24-08-2022
Lignite,29,1,52,0,0,82,24-08-2022
Coal,719,1046,511,527,17,2820,24-08-2022
Coal,736,1069,519,531,17,2872,25-08-2022
Nuclear,30,35,47,0,0,112,25-08-2022
"Gas, Naptha & Diesel",19,8,7,0,28,62,25-08-2022
Lignite,26,1,56,0,0,83,25-08-2022
Total,1297,1352,1050,676,75,4449,25-08-2022
Hydro,392,91,188,139,29,840,25-08-2022
"RES (Wind, Solar, Biomass & Others)",152,148,233,5,1,480,25-08-2022
"RES (Wind, Solar, Biomass & Others)",139,113,193,5,1,450,26-08-2022
Nuclear,30,39,47,0,0,117,26-08-2022
"Gas, Naptha & Diesel",19,7,6,0,29,62,26-08-2022
Coal,804,1125,523,558,18,3027,26-08-2022
Lignite,25,2,56,0,0,84,26-08-2022
Hydro,391,101,189,140,27,849,26-08-2022
Total,1410,1387,1014,702,75,4588,26-08-2022
Total,1382,1381,1015,706,75,4558,27-08-2022
Lignite,25,3,55,0,0,83,27-08-2022
"Gas, Naptha & Diesel",18,6,7,0,28,59,27-08-2022
"RES (Wind, Solar, Biomass & Others)",148,111,225,5,0,490,27-08-2022
Hydro,386,94,175,132,29,816,27-08-2022
Coal,771,1127,506,570,17,2990,27-08-2022
Nuclear,33,40,47,0,0,120,27-08-2022
Hydro,378,94,175,125,30,802,28-08-2022
Lignite,28,6,55,0,0,89,28-08-2022
Coal,741,1119,480,554,16,2909,28-08-2022
Total,1341,1379,957,683,74,4435,28-08-2022
"RES (Wind, Solar, Biomass & Others)",145,117,198,4,0,465,28-08-2022
Nuclear,33,40,43,0,0,116,28-08-2022
"Gas, Naptha & Diesel",16,2,7,0,29,54,28-08-2022
Hydro,371,135,188,151,33,879,29-08-2022
Total,1361,1420,975,727,79,4562,29-08-2022
Nuclear,33,40,42,0,0,115,29-08-2022
Coal,775,1167,532,570,17,3062,29-08-2022
Lignite,28,8,55,0,0,90,29-08-2022
"RES (Wind, Solar, Biomass & Others)",136,66,150,5,1,357,29-08-2022
"Gas, Naptha & Diesel",19,5,7,0,28,60,29-08-2022
"RES (Wind, Solar, Biomass & Others)",130,59,157,5,1,352,30-08-2022
Total,1378,1459,1014,736,78,4664,30-08-2022
"Gas, Naptha & Diesel",20,7,7,0,26,59,30-08-2022
Coal,781,1218,568,578,18,3163,30-08-2022
Hydro,380,128,186,152,34,880,30-08-2022
Lignite,34,7,53,0,0,94,30-08-2022
Nuclear,33,40,43,0,0,116,30-08-2022
Coal,774,1207,553,561,17,3112,31-08-2022
Lignite,30,8,54,0,0,92,31-08-2022
Total,1381,1446,1003,721,78,4628,31-08-2022
"RES (Wind, Solar, Biomass & Others)",148,67,176,5,1,396,31-08-2022
"Gas, Naptha & Diesel",19,4,7,0,29,60,31-08-2022
Hydro,377,121,167,155,31,850,31-08-2022
Nuclear,32,40,46,0,0,119,31-08-2022
Coal,769,1204,557,551,17,3098,01-09-2022
"Gas, Naptha & Diesel",20,4,7,0,29,60,01-09-2022
Nuclear,32,40,47,0,0,119,01-09-2022
Hydro,378,107,181,149,33,848,01-09-2022
Lignite,31,5,53,0,0,89,01-09-2022
Total,1392,1425,1059,705,79,4659,01-09-2022
"RES (Wind, Solar, Biomass & Others)",161,64,214,5,0.5,444,01-09-2022
Lignite,31,5,53,0,0,90,02-09-2022
Hydro,375,115,182,151,30,852,02-09-2022
Nuclear,33,40,47,0,0,120,02-09-2022
"Gas, Naptha & Diesel",20,5,7,0,29,61,02-09-2022
"RES (Wind, Solar, Biomass & Others)",158,62,182,5,1,408,02-09-2022
Total,1384,1462,1039,725,77,4683,02-09-2022
Coal,768,1235,567,569,17,3155,02-09-2022
Coal,778,1236,568,577,15,3174,03-09-2022
Hydro,366,111,182,151,31,841,03-09-2022
"Gas, Naptha & Diesel",19,8,7,0,29,63,03-09-2022
Nuclear,33,40,47,0,0,119,03-09-2022
Total,1419,1488,1059,733,76,4774,03-09-2022
"RES (Wind, Solar, Biomass & Others)",191,89,202,5,1,487,03-09-2022
Lignite,31,5,52,0,0,88,03-09-2022
Coal,747,1136,516,532,14,2946,04-09-2022
Lignite,27,6,49,0,0,82,04-09-2022
Hydro,366,103,171,150,35,826,04-09-2022
Nuclear,33,40,47,0,0,119,04-09-2022
"Gas, Naptha & Diesel",16,5,8,0,29,58,04-09-2022
"RES (Wind, Solar, Biomass & Others)",199,172,198,5,1,574,04-09-2022
Total,1388,1462,988,687,79,4605,04-09-2022
Lignite,25,7,54,0,0,86,05-09-2022
Nuclear,33,40,42,0,0,114,05-09-2022
Hydro,364,105,174,141,37,821,05-09-2022
Total,1388,1494,1019,724,83,4709,05-09-2022
Coal,782,1191,547,579,17,3117,05-09-2022
"Gas, Naptha & Diesel",18,6,8,0,28,60,05-09-2022
"RES (Wind, Solar, Biomass & Others)",166,144,195,5,1,510,05-09-2022
Lignite,25,8,51,0,0,84,06-09-2022
Hydro,357,110,172,131,36,805,06-09-2022
"Gas, Naptha & Diesel",20,6,8,0,29,62,06-09-2022
Nuclear,33,40,42,0,0,115,06-09-2022
Coal,814,1228,571,595,17,3225,06-09-2022
"RES (Wind, Solar, Biomass & Others)",139,82,262,5,1,488,06-09-2022
Total,1387,1474,1104,730,83,4778,06-09-2022
Total,1400,1473,1077,760,80,4789,07-09-2022
"RES (Wind, Solar, Biomass & Others)",140,72,269,5,1,487,07-09-2022
"Gas, Naptha & Diesel",20,5,7,0,28,60,07-09-2022
Hydro,353,111,169,146,34,813,07-09-2022
Lignite,25,10,39,0,0,74,07-09-2022
Coal,829,1235,550,609,17,3240,07-09-2022
Nuclear,33,41,42,0,0,115,07-09-2022
"Gas, Naptha & Diesel",19,5,7,0,29,60,08-09-2022
Coal,818,1216,534,603,17,3189,08-09-2022
Lignite,25,9,41,0,0,75,08-09-2022
Hydro,360,110,174,148,35,825,08-09-2022
Nuclear,33,40,42,0,0,115,08-09-2022
"RES (Wind, Solar, Biomass & Others)",140,93,242,2,1,477,08-09-2022
Total,1396,1472,1040,752,81,4742,08-09-2022
Coal,804,1194,498,599,17,3113,09-09-2022
Lignite,25,8,44,0,0,77,09-09-2022
Hydro,363,102,177,154,33,819,09-09-2022
"Gas, Naptha & Diesel",20,4,8,0,29,60,09-09-2022
"RES (Wind, Solar, Biomass & Others)",135,85,288,5,1,513,09-09-2022
Total,1368,1434,1057,758,80,4697,09-09-2022
Nuclear,32,40,42,0,0,114,09-09-2022
Hydro,362,102,171,152,32,819,10-09-2022
"Gas, Naptha & Diesel",19,4,8,0,29,60,10-09-2022
Nuclear,33,38,42,0,0,113,10-09-2022
"RES (Wind, Solar, Biomass & Others)",128,70,319,4,1,522,10-09-2022
Total,1375,1413,1027,746,79,4639,10-09-2022
Lignite,31,7,43,0,0,82,10-09-2022
Coal,802,1191,444,590,17,3043,10-09-2022
Coal,754,1098,377,522,14,2765,11-09-2022
Lignite,30,7,50,0,0,87,11-09-2022
Hydro,347,102,153,151,31,785,11-09-2022
Nuclear,33,40,38,0,0,110,11-09-2022
"RES (Wind, Solar, Biomass & Others)",137,81,344,4,1,567,11-09-2022
Total,1318,1329,970,678,75,4370,11-09-2022
"Gas, Naptha & Diesel",17,3,8,0,29,56,11-09-2022
"Gas, Naptha & Diesel",18,3,9,0,29,58,12-09-2022
Nuclear,28,40,42,0,0,110,12-09-2022
Hydro,357,111,177,152,29,826,12-09-2022
Lignite,30,7,54,0,0,91,12-09-2022
Coal,761,1063,391,530,15,2760,12-09-2022
"RES (Wind, Solar, Biomass & Others)",121,96,372,5,1,595,12-09-2022
Total,1316,1319,1045,686,74,4440,12-09-2022
Coal,743,1022,437,538,14,2754,13-09-2022
Lignite,28,8,54,0,0,91,13-09-2022
Hydro,364,110,180,150,30,824,13-09-2022
Nuclear,21,40,42,0,0,103,13-09-2022
"Gas, Naptha & Diesel",18,3,9,0,29,58,13-09-2022
"RES (Wind, Solar, Biomass & Others)",139,106,314,4,1,564,13-09-2022
Total,1313,1289,1036,692,73,4394,13-09-2022
Total,1287,1275,1024,721,74,4383,14-09-2022
"RES (Wind, Solar, Biomass & Others)",127,127,271,5,1,531,14-09-2022
"Gas, Naptha & Diesel",18,3,9,0,28,58,14-09-2022
Nuclear,18,40,42,0,0,101,14-09-2022
Hydro,359,110,181,157,31,840,14-09-2022
Lignite,28,7,57,0,0,92,14-09-2022
Coal,736,987,464,559,15,2761,14-09-2022
Lignite,30,9,54,0,0,94,15-09-2022
Total,1216,1269,1017,695,74,4271,15-09-2022
"Gas, Naptha & Diesel",18,2,8,0,29,57,15-09-2022
Nuclear,19,32,42,0,0,93,15-09-2022
Coal,672,949,447,544,14,2625,15-09-2022
Hydro,348,107,178,146,30,810,15-09-2022
"RES (Wind, Solar, Biomass & Others)",129,169,288,5,1,591,15-09-2022
Coal,631,908,435,514,12,2499,16-09-2022
Hydro,348,112,178,148,30,816,16-09-2022
Lignite,30,8,54,0,0,93,16-09-2022
"RES (Wind, Solar, Biomass & Others)",170,211,279,5,1,666,16-09-2022
Total,1214,1274,997,667,71,4223,16-09-2022
"Gas, Naptha & Diesel",16,2,8,0,29,55,16-09-2022
Nuclear,19,33,42,0,0,93,16-09-2022
Nuclear,19,33,42,0,0,94,17-09-2022
Coal,641,957,427,510,13,2548,17-09-2022
Lignite,27,7,55,0,0,89,17-09-2022
"RES (Wind, Solar, Biomass & Others)",180,153,285,5,1,624,17-09-2022
Total,1229,1267,1003,666,72,4237,17-09-2022
Hydro,347,114,185,151,31,828,17-09-2022
"Gas, Naptha & Diesel",16,2,8,0,28,55,17-09-2022
Total,1242,1244,998,668,73,4225,18-09-2022
Lignite,28,8,59,0,0,94,18-09-2022
Hydro,342,115,179,148,31,815,18-09-2022
Nuclear,19,33,42,0,0,94,18-09-2022
"Gas, Naptha & Diesel",16,2,8,0,29,55,18-09-2022
"RES (Wind, Solar, Biomass & Others)",148,100,286,5,1,539,18-09-2022
Coal,689,987,424,516,13,2628,18-09-2022
"RES (Wind, Solar, Biomass & Others)",160,123,290,4,1,578,19-09-2022
Nuclear,22,33,42,0,0,97,19-09-2022
Hydro,318,117,181,150,30,796,19-09-2022
Coal,758,1041,457,543,14,2814,19-09-2022
Total,1292,1324,1044,711,71,4443,19-09-2022
Lignite,21,5,54,0,0,80,19-09-2022
"Gas, Naptha & Diesel",16,2,9,0,29,56,19-09-2022
Nuclear,24,32,42,0,0,99,19-09-2022
Lignite,22,7,47,0,0,76,19-09-2022
"Gas, Naptha & Diesel",19,4,9,0,28,60,19-09-2022
Coal,757,1049,481,562,13,2862,19-09-2022
Total,1300,1309,1046,698,74,4426,19-09-2022
"RES (Wind, Solar, Biomass & Others)",161,106,310,5,1,583,19-09-2022
Hydro,315,112,168,145,29,768,19-09-2022
Total,1251,1327,1061,695,70,4404,21-09-2022
Coal,709,1048,491,549,13,2809,21-09-2022
Lignite,21,4,58,0,0,83,21-09-2022
Hydro,330,107,176,142,28,782,21-09-2022
Nuclear,24,33,42,0,0,100,21-09-2022
"Gas, Naptha & Diesel",16,2,9,0,29,56,21-09-2022
"RES (Wind, Solar, Biomass & Others)",150,133,285,5,0,574,21-09-2022
Coal,642,1019,476,523,12,2672,22-09-2022
Lignite,22,5,48,0,0,75,22-09-2022
Hydro,342,107,172,140,29,790,22-09-2022
Nuclear,29,40,42,0,0,110,22-09-2022
"Gas, Naptha & Diesel",17,2,8,0,29,56,22-09-2022
"RES (Wind, Solar, Biomass & Others)",136,172,317,5,1,630,22-09-2022
Total,1188,1344,1064,667,71,4333,22-09-2022
Total,1129,1345,1066,663,72,4276,23-09-2022
"RES (Wind, Solar, Biomass & Others)",135,200,320,5,1,660,23-09-2022
"Gas, Naptha & Diesel",15,2,8,0,29,53,23-09-2022
Nuclear,30,40,51,0,0,120,23-09-2022
Hydro,349,107,179,140,32,806,23-09-2022
Lignite,22,9,40,0,0,71,23-09-2022
Coal,579,988,469,518,11,2565,23-09-2022
Coal,546,988,470,508,12,2525,24-09-2022
Total,1080,1349,1030,651,74,4184,24-09-2022
"RES (Wind, Solar, Biomass & Others)",141,199,290,5,1,636,24-09-2022
"Gas, Naptha & Diesel",12,2,7,0,28,49,24-09-2022
Hydro,328,108,178,138,33,784,24-09-2022
Lignite,23,12,42,0,0,78,24-09-2022
Nuclear,29,40,43,0,0,112,24-09-2022
"RES (Wind, Solar, Biomass & Others)",151,133,229,5,0,518,25-09-2022
Lignite,25,13,48,0,0,86,25-09-2022
"Gas, Naptha & Diesel",12,2,8,0,29,51,25-09-2022
Nuclear,28,40,46,0,0,114,25-09-2022
Hydro,298,105,180,138,33,755,25-09-2022
Total,1041,1302,983,644,74,4045,25-09-2022
Coal,527,1010,472,501,12,2521,25-09-2022
Total,1128,1358,989,701,77,4253,26-09-2022
Lignite,28,13,55,0,0,96,26-09-2022
Nuclear,25,40,56,0,0,121,26-09-2022
Coal,598,1118,511,556,14,2798,26-09-2022
"RES (Wind, Solar, Biomass & Others)",129,77,179,5,1,391,26-09-2022
Hydro,334,106,180,141,33,792,26-09-2022
"Gas, Naptha & Diesel",15,4,8,0,29,56,26-09-2022
Total,1177,1365,1016,691,71,4320,27-09-2022
"RES (Wind, Solar, Biomass & Others)",139,79,201,5,1,425,27-09-2022
"Gas, Naptha & Diesel",14,4,9,0,28,55,27-09-2022
Nuclear,25,40,59,0,0,124,27-09-2022
Hydro,335,107,171,141,29,783,27-09-2022
Lignite,28,13,56,0,0,97,27-09-2022
Coal,636,1122,520,544,13,2836,27-09-2022
"RES (Wind, Solar, Biomass & Others)",142,85,243,5,1,476,28-09-2022
"Gas, Naptha & Diesel",14,4,9,0,29,57,28-09-2022
Total,1204,1384,1038,702,71,4400,28-09-2022
Hydro,316,104,153,134,27,735,28-09-2022
Lignite,28,13,52,0,0,93,28-09-2022
Coal,680,1138,521,563,14,2915,28-09-2022
Nuclear,25,40,60,0,0,125,28-09-2022
"RES (Wind, Solar, Biomass & Others)",141,93,230,5,1,470,29-09-2022
Total,1192,1381,1030,717,69,4390,29-09-2022
"Gas, Naptha & Diesel",14,4,8,0,28,54,29-09-2022
Hydro,296,102,156,135,27,715,29-09-2022
Nuclear,25,40,48,0,0,113,29-09-2022
Coal,692,1133,529,578,14,2946,29-09-2022
Lignite,25,9,59,0,0,93,29-09-2022
Total,1187,1386,1032,721,71,4397,30-09-2022
"RES (Wind, Solar, Biomass & Others)",144,104,250,5,1,503,30-09-2022
"Gas, Naptha & Diesel",14,3,9,0,29,54,30-09-2022
Hydro,288,98,139,132,29,686,30-09-2022
Nuclear,25,40,63,0,0,128,30-09-2022
Lignite,25,9,60,0,0,93,30-09-2022
Coal,692,1132,512,584,13,2932,30-09-2022
Coal,708,1079,452,577,13,2829,01-10-2022
Lignite,23,7,51,0,0,81,01-10-2022
Total,1198,1347,990,710,71,4316,01-10-2022
"RES (Wind, Solar, Biomass & Others)",159,118,280,5,1,563,01-10-2022
"Gas, Naptha & Diesel",13,2,9,0,29,53,01-10-2022
Hydro,271,101,134,127,28,661,01-10-2022
Nuclear,25,40,64,0,0,129,01-10-2022
Coal,680,1037,393,551,11,2672,02-10-2022
"Gas, Naptha & Diesel",13,2,8,0,30,52,02-10-2022
Nuclear,26,40,64,0,0,130,02-10-2022
Lignite,21,7,49,0,0,77,02-10-2022
Total,1166,1298,938,680,67,4149,02-10-2022
Hydro,267,98,132,123,26,646,02-10-2022
"RES (Wind, Solar, Biomass & Others)",160,114,292,6,1,572,02-10-2022
Total,1197,1337,1117,717,67,4435,03-10-2022
"RES (Wind, Solar, Biomass & Others)",146,99,267,4,0,517,03-10-2022
Lignite,22,10,46,0,0,78,03-10-2022
Hydro,252,104,166,126,25,673,03-10-2022
Coal,735,1081,563,587,13,2978,03-10-2022
"Gas, Naptha & Diesel",14,3,11,0,29,56,03-10-2022
Nuclear,29,40,64,0,0,133,03-10-2022
Lignite,22,11,47,0,0,80,04-10-2022
Hydro,245,102,157,132,25,661,04-10-2022
Total,1133,1347,961,727,69,4238,04-10-2022
Coal,687,1084,455,592,13,2831,04-10-2022
Nuclear,30,40,64,0,0,134,04-10-2022
"Gas, Naptha & Diesel",12,2,8,0,30,51,04-10-2022
"RES (Wind, Solar, Biomass & Others)",137,109,230,4,1,480,04-10-2022
"RES (Wind, Solar, Biomass & Others)",133,119,210,5,1,467,05-10-2022
Coal,681,1032,422,559,12,2706,05-10-2022
Lignite,23,12,45,0,0,80,05-10-2022
Hydro,234,96,155,143,31,659,05-10-2022
Nuclear,30,40,64,0,0,134,05-10-2022
"Gas, Naptha & Diesel",12,2,7,0,30,50,05-10-2022
Total,1113,1301,902,706,73,4094,05-10-2022
"Gas, Naptha & Diesel",11,2,7,0,31,50,06-10-2022
Coal,656,1063,434,558,12,2723,06-10-2022
Lignite,25,13,50,0,0,87,06-10-2022
Hydro,233,102,151,143,34,663,06-10-2022
Total,1084,1324,922,705,77,4109,06-10-2022
Nuclear,30,40,64,0,0,134,06-10-2022
"RES (Wind, Solar, Biomass & Others)",130,104,216,4,1,455,06-10-2022
Nuclear,30,40,64,0,0,135,07-10-2022
Hydro,227,103,151,139,33,653,07-10-2022
Lignite,25,13,54,0,0,92,07-10-2022
Coal,648,1052,433,564,12,2708,07-10-2022
Total,1072,1305,914,708,76,4074,07-10-2022
"Gas, Naptha & Diesel",6,3,6,0,30,43,07-10-2022
"RES (Wind, Solar, Biomass & Others)",137,94,206,5,1,444,07-10-2022
Total,1031,1305,879,697,74,3985,08-10-2022
Coal,612,1056,407,561,12,2648,08-10-2022
Lignite,24,15,53,0,0,92,08-10-2022
Hydro,226,104,165,131,32,658,08-10-2022
Nuclear,30,40,64,0,0,134,08-10-2022
"Gas, Naptha & Diesel",5,3,6,0,29,43,08-10-2022
"RES (Wind, Solar, Biomass & Others)",134,87,184,5,1,410,08-10-2022
"RES (Wind, Solar, Biomass & Others)",129,71,113,5,0,319,09-10-2022
Total,988,1262,813,681,75,3819,09-10-2022
Nuclear,30,40,64,0,0,134,09-10-2022
Hydro,223,105,165,136,34,662,09-10-2022
Lignite,24,10,49,0,0,82,09-10-2022
Coal,578,1035,415,540,11,2579,09-10-2022
"Gas, Naptha & Diesel",4,2,6,0,30,42,09-10-2022
"RES (Wind, Solar, Biomass & Others)",123,64,144,5,0,336,11-10-2022
Nuclear,30,36,68,0,0,134,11-10-2022
Total,993,1264,882,678,77,3894,11-10-2022
Hydro,224,112,152,132,36,656,11-10-2022
Lignite,25,12,41,0,0,77,11-10-2022
Coal,583,1039,470,542,12,2647,11-10-2022
"Gas, Naptha & Diesel",7,3,6,0,28,44,11-10-2022
Lignite,25,12,45,0,0,82,12-10-2022
Coal,596,1030,461,553,12,2651,12-10-2022
Nuclear,30,35,67,0,0,133,12-10-2022
"Gas, Naptha & Diesel",7,4,6,0,28,45,12-10-2022
"RES (Wind, Solar, Biomass & Others)",130,65,137,5,0,337,12-10-2022
Total,1027,1254,875,698,76,3930,12-10-2022
Hydro,238,108,158,141,35,681,12-10-2022
"RES (Wind, Solar, Biomass & Others)",130,90,141,5,1,367,13-10-2022
Coal,600,1039,460,559,9,2667,13-10-2022
Lignite,26,14,41,0,0,81,13-10-2022
Hydro,224,105,151,145,33,658,13-10-2022
Nuclear,30,35,69,0,0,134,13-10-2022
Total,1018,1286,868,709,72,3953,13-10-2022
"Gas, Naptha & Diesel",7,3,6,0,29,46,13-10-2022
Hydro,213,101,134,144,32,624,14-10-2022
Nuclear,31,36,69,0,0,135,14-10-2022
"Gas, Naptha & Diesel",7,3,7,0,29,46,14-10-2022
Coal,597,1021,456,560,9,2644,14-10-2022
Total,1005,1277,873,710,71,3937,14-10-2022
"RES (Wind, Solar, Biomass & Others)",132,102,167,5,1,407,14-10-2022
Lignite,25,14,41,0,0,81,14-10-2022
Coal,611,996,437,559,12,2616,15-10-2022
Lignite,25,16,41,0,0,81,15-10-2022
Hydro,207,97,145,129,30,608,15-10-2022
"RES (Wind, Solar, Biomass & Others)",134,115,149,6,1,405,15-10-2022
Nuclear,31,36,69,0,0,135,15-10-2022
Total,1012,1262,847,694,66,3882,15-10-2022
"Gas, Naptha & Diesel",5,2,6,0,24,37,15-10-2022
Nuclear,31,36,69,0,0,136,16-10-2022
Total,962,1238,808,669,62,3740,16-10-2022
"Gas, Naptha & Diesel",5,3,6,0,23,36,16-10-2022
"RES (Wind, Solar, Biomass & Others)",129,104,146,6,1,385,16-10-2022
Lignite,25,16,37,0,0,77,16-10-2022
Hydro,200,95,147,120,26,587,16-10-2022
Coal,573,986,404,543,12,2519,16-10-2022
Lignite,25,16,34,0,0,75,17-10-2022
Total,989,1286,852,695,67,3889,17-10-2022
"RES (Wind, Solar, Biomass & Others)",125,88,152,5,1,371,17-10-2022
"Gas, Naptha & Diesel",8,5,6,0,30,47,17-10-2022
Nuclear,31,36,61,0,0,127,17-10-2022
Coal,612,1047,442,570,13,2684,17-10-2022
Hydro,189,95,157,120,24,585,17-10-2022
Coal,631,1059,459,569,13,2731,18-10-2022
Lignite,24,17,45,0,0,86,18-10-2022
Hydro,180,82,152,121,22,557,18-10-2022
Nuclear,31,36,60,0,0,126,18-10-2022
Total,1000,1272,912,695,66,3945,18-10-2022
"RES (Wind, Solar, Biomass & Others)",127,75,190,5,1,397,18-10-2022
"Gas, Naptha & Diesel",8,4,7,0,30,49,18-10-2022
Coal,631,1059,471,565,12,2739,19-10-2022
"RES (Wind, Solar, Biomass & Others)",137,78,184,5,1,404,19-10-2022
"Gas, Naptha & Diesel",13,4,7,0,30,53,19-10-2022
Nuclear,31,36,61,0,0,127,19-10-2022
Hydro,175,92,154,114,22,557,19-10-2022
Lignite,21,16,50,0,0,87,19-10-2022
Total,1006,1286,927,685,65,3968,19-10-2022
Total,1009,1312,917,661,64,3963,20-10-2022
"RES (Wind, Solar, Biomass & Others)",141,73,166,5,1,386,20-10-2022
Coal,631,1089,469,544,12,2745,20-10-2022
Hydro,169,95,159,112,22,557,20-10-2022
Lignite,22,16,48,0,0,86,20-10-2022
Nuclear,31,36,68,0,0,134,20-10-2022
"Gas, Naptha & Diesel",14,4,7,0,29,55,20-10-2022
Coal,641,1050,484,545,12,2732,21-10-2022
Lignite,26,14,44,0,0,84,21-10-2022
"RES (Wind, Solar, Biomass & Others)",127,108,160,5,1,402,21-10-2022
"Gas, Naptha & Diesel",12,2,7,0,30,50,21-10-2022
Total,1012,1296,913,654,64,3940,21-10-2022
Nuclear,31,38,70,0,0,139,21-10-2022
Hydro,176,83,148,104,21,532,21-10-2022
Lignite,28,14,56,0,0,98,22-10-2022
Coal,622,1006,463,545,12,2647,22-10-2022
Hydro,176,54,138,98,20,486,22-10-2022
Total,997,1243,913,648,62,3864,22-10-2022
"RES (Wind, Solar, Biomass & Others)",129,127,182,6,1,445,22-10-2022
Nuclear,31,40,69,0,0,140,22-10-2022
"Gas, Naptha & Diesel",12,2,6,0,30,49,22-10-2022
"Gas, Naptha & Diesel",12,2,6,0,30,50,23-10-2022
"RES (Wind, Solar, Biomass & Others)",122,92,206,6,1,427,23-10-2022
Lignite,28,14,54,0,0,96,23-10-2022
Total,939,1145,873,631,61,3648,23-10-2022
Coal,568,944,398,530,11,2452,23-10-2022
Hydro,178,51,143,95,20,487,23-10-2022
Nuclear,31,41,66,0,0,137,23-10-2022
Total,882,1037,806,570,57,3351,24-10-2022
Coal,514,860,346,468,10,2198,24-10-2022
Hydro,175,43,142,96,20,475,24-10-2022
Nuclear,31,41,66,0,0,137,24-10-2022
"Gas, Naptha & Diesel",12,2,7,0,27,47,24-10-2022
"RES (Wind, Solar, Biomass & Others)",124,80,193,6,0,402,24-10-2022
Lignite,27,11,53,0,0,91,24-10-2022
Coal,470,832,340,428,9,2079,25-10-2022
Total,845,1042,798,531,63,3279,25-10-2022
"RES (Wind, Solar, Biomass & Others)",136,115,194,6,0,451,25-10-2022
Lignite,26,10,51,0,0,87,25-10-2022
Hydro,170,42,138,97,31,479,25-10-2022
Nuclear,31,41,68,0,0,140,25-10-2022
"Gas, Naptha & Diesel",12,2,7,0,23,43,25-10-2022
"RES (Wind, Solar, Biomass & Others)",133,90,191,6,0,420,26-10-2022
"Gas, Naptha & Diesel",14,4,6,0,28,52,26-10-2022
Nuclear,31,41,70,0,0,141,26-10-2022
Hydro,166,32,148,94,34,474,26-10-2022
Total,888,1070,882,567,70,3478,26-10-2022
Coal,519,894,409,468,8,2298,26-10-2022
Lignite,26,10,57,0,0,93,26-10-2022
Coal,570,971,457,503,13,2513,27-10-2022
Total,935,1149,925,599,78,3686,27-10-2022
Lignite,24,10,59,0,0,93,27-10-2022
Hydro,164,44,158,91,36,492,27-10-2022
Nuclear,30,39,70,0,0,140,27-10-2022
"Gas, Naptha & Diesel",16,4,5,0,28,53,27-10-2022
"RES (Wind, Solar, Biomass & Others)",132,81,177,5,1,395,27-10-2022
Coal,608,1007,474,539,13,2640,28-10-2022
Lignite,23,11,58,0,0,92,28-10-2022
Hydro,163,42,158,83,36,482,28-10-2022
Nuclear,26,36,70,0,0,132,28-10-2022
"Gas, Naptha & Diesel",15,4,5,0,23,46,28-10-2022
"RES (Wind, Solar, Biomass & Others)",124,84,171,5,1,385,28-10-2022
Total,958,1184,935,627,74,3777,28-10-2022
Total,945,1219,926,619,69,3778,29-10-2022
"RES (Wind, Solar, Biomass & Others)",115,100,193,5,1,415,29-10-2022
"Gas, Naptha & Diesel",14,3,4,0,23,44,29-10-2022
Nuclear,26,36,70,0,0,132,29-10-2022
Hydro,160,36,154,78,33,461,29-10-2022
Lignite,24,12,56,0,0,92,29-10-2022
Coal,606,1032,448,536,13,2635,29-10-2022
Coal,591,1019,416,513,8,2547,30-10-2022
Lignite,25,13,47,0,0,85,30-10-2022
Nuclear,26,40,66,0,0,132,30-10-2022
"Gas, Naptha & Diesel",12,2,4,0,24,41,30-10-2022
"RES (Wind, Solar, Biomass & Others)",119,113,164,6,1,402,30-10-2022
Total,924,1214,813,591,62,3604,30-10-2022
Hydro,151,29,116,73,29,397,30-10-2022
"RES (Wind, Solar, Biomass & Others)",122,101,198,5,1,427,31-10-2022
Total,963,1255,941,592,61,3813,31-10-2022
"Gas, Naptha & Diesel",15,4,5,0,24,48,31-10-2022
Coal,618,1061,474,514,10,2677,31-10-2022
Lignite,31,13,53,0,0,96,31-10-2022
Hydro,152,37,141,73,27,429,31-10-2022
Nuclear,26,41,70,0,0,137,31-10-2022
Hydro,150,31,154,72,23,430,01-11-2022
Lignite,34,13,56,0,0,103,01-11-2022
Nuclear,26,41,70,0,0,137,01-11-2022
Total,979,1275,891,626,63,3833,01-11-2022
"RES (Wind, Solar, Biomass & Others)",129,85,128,5,1,348,01-11-2022
"Gas, Naptha & Diesel",14,10,3,0,24,50,01-11-2022
Coal,626,1096,480,548,14,2765,01-11-2022
Nuclear,26,40,70,0,0,136,02-11-2022
"RES (Wind, Solar, Biomass & Others)",118,86,133,5,1,342,02-11-2022
"Gas, Naptha & Diesel",14,5,3,0,25,45,02-11-2022
Total,959,1302,892,643,63,3859,02-11-2022
Coal,616,1125,476,564,15,2794,02-11-2022
Lignite,33,12,51,0,0,96,02-11-2022
Hydro,152,36,159,74,23,444,02-11-2022
Nuclear,26,40,70,0,0,136,03-11-2022
Hydro,147,34,150,69,22,423,03-11-2022
Lignite,30,10,46,0,0,87,03-11-2022
Coal,623,1144,477,568,15,2827,03-11-2022
"Gas, Naptha & Diesel",15,0,4,0,24,42,03-11-2022
Total,978,1318,887,642,62,3887,03-11-2022
"RES (Wind, Solar, Biomass & Others)",137,90,139,5,1,371,03-11-2022
Nuclear,26,40,62,0,0,128,04-11-2022
Total,971,1329,918,636,62,3916,04-11-2022
"RES (Wind, Solar, Biomass & Others)",139,83,177,5,1,405,04-11-2022
"Gas, Naptha & Diesel",15,5,4,0,24,48,04-11-2022
Hydro,143,46,146,71,22,428,04-11-2022
Lignite,28,10,48,0,0,85,04-11-2022
Coal,619,1146,481,560,15,2822,04-11-2022
Coal,614,1153,476,561,10,2814,05-11-2022
Hydro,141,50,153,70,21,436,05-11-2022
Nuclear,26,40,60,0,0,126,05-11-2022
"Gas, Naptha & Diesel",14,2,4,0,24,43,05-11-2022
"RES (Wind, Solar, Biomass & Others)",155,80,188,5,1,430,05-11-2022
Total,974,1333,926,636,56,3924,05-11-2022
Lignite,24,8,45,0,0,76,05-11-2022
Hydro,140,44,134,64,21,403,06-11-2022
Coal,589,1153,449,562,10,2765,06-11-2022
Lignite,20,7,41,0,0,68,06-11-2022
Nuclear,26,40,60,0,0,126,06-11-2022
"Gas, Naptha & Diesel",12,3,4,0,25,44,06-11-2022
"RES (Wind, Solar, Biomass & Others)",122,75,172,5,1,376,06-11-2022
Total,909,1323,861,631,58,3782,06-11-2022
Total,856,1383,920,651,61,3871,07-11-2022
Nuclear,26,29,60,0,0,115,07-11-2022
"RES (Wind, Solar, Biomass & Others)",47,82,200,5,1,335,07-11-2022
Hydro,137,52,136,68,19,411,07-11-2022
Lignite,21,8,40,0,0,69,07-11-2022
Coal,609,1212,478,578,11,2890,07-11-2022
"Gas, Naptha & Diesel",16,0,5,0,31,51,07-11-2022
Nuclear,26,28,69,0,0,123,08-11-2022
Hydro,142,51,131,63,20,406,08-11-2022
"Gas, Naptha & Diesel",16,5,5,0,30,56,08-11-2022
"RES (Wind, Solar, Biomass & Others)",96,86,192,5,1,380,08-11-2022
Coal,626,1251,488,575,12,2952,08-11-2022
Lignite,22,8,41,0,0,70,08-11-2022
Total,926,1429,925,643,63,3939,08-11-2022
"Gas, Naptha & Diesel",16,4,5,0,30,56,09-11-2022
Coal,625,1265,497,575,11,2973,09-11-2022
Lignite,24,10,43,0,0,77,09-11-2022
Hydro,146,43,118,61,19,386,09-11-2022
"RES (Wind, Solar, Biomass & Others)",107,92,190,5,1,395,09-11-2022
Total,943,1443,923,641,61,4011,09-11-2022
Nuclear,26,28,70,0,0,124,09-11-2022
"RES (Wind, Solar, Biomass & Others)",114,112,188,5,1,420,10-11-2022
Total,965,1445,909,628,57,4005,10-11-2022
"Gas, Naptha & Diesel",15,3,5,0,29,53,10-11-2022
Nuclear,26,28,71,0,0,125,10-11-2022
Hydro,146,39,115,57,18,375,10-11-2022
Lignite,28,14,52,0,0,94,10-11-2022
Coal,636,1249,478,566,9,2938,10-11-2022
Coal,651,1216,482,557,10,2916,11-11-2022
Lignite,31,13,44,0,0,88,11-11-2022
Total,981,1442,870,616,59,3968,11-11-2022
"RES (Wind, Solar, Biomass & Others)",114,145,166,5,1,431,11-11-2022
Hydro,145,36,101,54,18,355,11-11-2022
Nuclear,26,28,71,0,0,124,11-11-2022
"Gas, Naptha & Diesel",14,5,6,0,30,55,11-11-2022
Hydro,142,31,98,63,17,351,12-11-2022
Nuclear,24,35,70,0,0,128,12-11-2022
"RES (Wind, Solar, Biomass & Others)",115,121,162,5,1,404,12-11-2022
"Gas, Naptha & Diesel",11,3,6,0,31,50,12-11-2022
Coal,598,1210,455,544,7,2814,12-11-2022
Lignite,26,15,42,0,0,83,12-11-2022
Total,915,1415,832,612,56,3830,12-11-2022
Hydro,139,27,75,56,17,313,13-11-2022
Nuclear,26,36,71,0,0,133,13-11-2022
"Gas, Naptha & Diesel",12,2,5,0,31,50,13-11-2022
"RES (Wind, Solar, Biomass & Others)",125,86,170,5,1,388,13-11-2022
Total,941,1351,787,592,53,3724,13-11-2022
Lignite,30,15,40,0,0,85,13-11-2022
Coal,609,1186,425,531,4,2755,13-11-2022
Nuclear,26,36,70,0,0,132,14-11-2022
Hydro,141,39,114,54,17,364,14-11-2022
Lignite,29,16,43,0,0,87,14-11-2022
"Gas, Naptha & Diesel",16,5,4,0,31,55,14-11-2022
"RES (Wind, Solar, Biomass & Others)",140,78,154,5,1,379,14-11-2022
Total,981,1397,840,610,54,3882,14-11-2022
Coal,629,1225,454,551,5,2864,14-11-2022
Lignite,31,16,42,0,0,88,15-11-2022
Total,982,1423,870,627,54,3956,15-11-2022
"RES (Wind, Solar, Biomass & Others)",124,80,161,5,1,370,15-11-2022
Nuclear,26,36,70,0,0,132,15-11-2022
Coal,646,1239,476,569,6,2937,15-11-2022
"Gas, Naptha & Diesel",16,5,3,0,31,55,15-11-2022
Hydro,140,47,117,53,16,373,15-11-2022
Hydro,141,36,112,48,16,352,16-11-2022
Coal,658,1242,486,579,11,2975,16-11-2022
Nuclear,26,36,70,0,0,132,16-11-2022
"Gas, Naptha & Diesel",15,4,3,0,30,53,16-11-2022
Lignite,29,15,42,0,0,85,16-11-2022
"RES (Wind, Solar, Biomass & Others)",118,94,171,5,1,389,16-11-2022
Total,986,1426,883,633,58,3987,16-11-2022
Hydro,139,32,106,49,16,342,17-11-2022
Coal,649,1249,473,585,11,2968,17-11-2022
Nuclear,26,36,70,0,0,132,17-11-2022
Lignite,31,15,43,0,0,89,17-11-2022
"RES (Wind, Solar, Biomass & Others)",124,95,184,5,1,409,17-11-2022
Total,981,1429,882,639,58,3989,17-11-2022
"Gas, Naptha & Diesel",12,2,5,0,30,49,17-11-2022
Total,979,1428,883,627,58,3974,18-11-2022
"RES (Wind, Solar, Biomass & Others)",129,81,184,5,1,400,18-11-2022
Hydro,170,34,103,45,16,367,18-11-2022
Coal,611,1258,477,577,11,2933,18-11-2022
Lignite,31,15,45,0,0,91,18-11-2022
Nuclear,25,36,70,0,0,132,18-11-2022
"Gas, Naptha & Diesel",13,5,3,0,30,51,18-11-2022
"Gas, Naptha & Diesel",12,2,2,0,30,46,19-11-2022
Total,979,1411,872,615,56,3935,19-11-2022
Nuclear,26,36,71,0,0,133,19-11-2022
Hydro,133,30,88,42,15,308,19-11-2022
Lignite,28,14,45,0,0,88,19-11-2022
Coal,654,1240,479,568,10,2952,19-11-2022
"RES (Wind, Solar, Biomass & Others)",126,89,188,5,1,409,19-11-2022
"RES (Wind, Solar, Biomass & Others)",129,95,177,5,1,406,20-11-2022
Nuclear,26,36,71,0,0,133,20-11-2022
Hydro,132,26,68,38,14,279,20-11-2022
Total,948,1365,824,590,55,3782,20-11-2022
Coal,623,1192,460,547,10,2832,20-11-2022
"Gas, Naptha & Diesel",12,2,4,0,30,48,20-11-2022
Lignite,26,14,44,0,0,83,20-11-2022
"Gas, Naptha & Diesel",14,5,5,0,31,56,21-11-2022
Nuclear,26,36,71,0,0,133,21-11-2022
Lignite,27,13,44,0,0,84,21-11-2022
Coal,624,1244,495,569,10,2942,21-11-2022
"RES (Wind, Solar, Biomass & Others)",137,105,138,5,1,385,21-11-2022
Total,962,1434,853,613,57,3919,21-11-2022
Hydro,132,31,102,39,15,319,21-11-2022
Lignite,28,12,45,0,0,85,22-11-2022
Hydro,138,35,104,41,15,331,22-11-2022
Nuclear,26,36,69,0,0,131,22-11-2022
"Gas, Naptha & Diesel",15,7,4,0,29,55,22-11-2022
Coal,644,1271,503,576,11,3006,22-11-2022
"RES (Wind, Solar, Biomass & Others)",127,91,140,5,1,363,22-11-2022
Total,978,1452,863,622,56,3971,22-11-2022
"Gas, Naptha & Diesel",16,8,6,0,30,59,23-11-2022
Nuclear,26,35,53,0,0,115,23-11-2022
Hydro,136,36,94,41,14,322,23-11-2022
"RES (Wind, Solar, Biomass & Others)",128,92,163,5,1,389,23-11-2022
Coal,660,1255,506,567,11,2999,23-11-2022
Total,997,1438,865,613,56,3969,23-11-2022
Lignite,31,11,43,0,0,85,23-11-2022
Coal,647,1290,511,568,11,3028,24-11-2022
Total,983,1472,881,614,56,4005,24-11-2022
"RES (Wind, Solar, Biomass & Others)",131,90,167,6,1,395,24-11-2022
"Gas, Naptha & Diesel",13,7,6,0,30,55,24-11-2022
Nuclear,26,31,66,0,0,123,24-11-2022
Hydro,137,41,86,40,14,318,24-11-2022
Lignite,28,12,45,0,0,86,24-11-2022
Coal,652,1294,508,576,11,3041,25-11-2022
Lignite,27,11,49,0,0,88,25-11-2022
Hydro,131,33,90,38,14,305,25-11-2022
Nuclear,26,32,65,0,0,123,25-11-2022
"Gas, Naptha & Diesel",14,7,6,0,30,57,25-11-2022
"RES (Wind, Solar, Biomass & Others)",130,108,181,6,1,425,25-11-2022
Total,980,1486,899,619,56,4040,25-11-2022
Coal,664,1293,508,564,10,3039,26-11-2022
Total,989,1487,884,606,55,4021,26-11-2022
"RES (Wind, Solar, Biomass & Others)",129,94,166,5,1,394,26-11-2022
Nuclear,26,35,65,0,0,127,26-11-2022
Hydro,131,45,90,37,15,317,26-11-2022
Lignite,26,13,50,0,0,89,26-11-2022
"Gas, Naptha & Diesel",13,7,5,0,30,55,26-11-2022
"RES (Wind, Solar, Biomass & Others)",128,71,153,5,1,357,27-11-2022
"Gas, Naptha & Diesel",11,5,5,0,31,53,27-11-2022
Nuclear,26,36,65,0,0,127,27-11-2022
Hydro,133,26,72,37,14,282,27-11-2022
Lignite,28,15,49,0,0,92,27-11-2022
Coal,659,1247,492,562,10,2970,27-11-2022
Total,985,1400,836,605,55,3880,27-11-2022
Coal,671,1292,511,566,11,3051,28-11-2022
Lignite,31,15,37,0,0,82,28-11-2022
Total,1006,1463,863,608,56,3996,28-11-2022
"RES (Wind, Solar, Biomass & Others)",132,78,144,5,1,361,28-11-2022
"Gas, Naptha & Diesel",11,6,6,0,31,53,28-11-2022
Nuclear,26,36,59,0,0,121,28-11-2022
Hydro,134,37,107,37,14,329,28-11-2022
Total,1013,1493,861,598,56,4021,29-11-2022
"Gas, Naptha & Diesel",11,5,5,0,31,53,29-11-2022
Nuclear,26,36,65,0,0,127,29-11-2022
Hydro,131,41,85,36,13,307,29-11-2022
Lignite,32,11,34,0,0,77,29-11-2022
"RES (Wind, Solar, Biomass & Others)",132,109,158,5,1,405,29-11-2022
Coal,680,1291,514,557,11,3052,29-11-2022
Hydro,134,42,90,36,14,315,30-11-2022
"Gas, Naptha & Diesel",11,5,4,0,30,51,30-11-2022
Nuclear,26,36,50,0,0,112,30-11-2022
Coal,663,1300,515,542,11,3030,30-11-2022
Lignite,33,11,37,0,0,81,30-11-2022
Total,1000,1530,892,582,55,4059,30-11-2022
"RES (Wind, Solar, Biomass & Others)",133,137,196,5,1,471,30-11-2022
Lignite,34,11,40,0,0,85,01-12-2022
Hydro,132,33,101,36,13,315,01-12-2022
Nuclear,26,36,43,0,0,105,01-12-2022
"Gas, Naptha & Diesel",14,9,5,0,29,57,01-12-2022
"RES (Wind, Solar, Biomass & Others)",128,144,172,2,1,446,01-12-2022
Total,1003,1516,881,577,53,4030,01-12-2022
Coal,669,1284,519,539,10,3021,01-12-2022
Total,1017,1506,892,586,52,4052,02-12-2022
"RES (Wind, Solar, Biomass & Others)",124,81,159,2,1,367,02-12-2022
"Gas, Naptha & Diesel",15,2,5,0,29,51,02-12-2022
Nuclear,26,36,62,0,0,125,02-12-2022
Hydro,133,35,113,36,12,331,02-12-2022
Lignite,33,11,42,0,0,85,02-12-2022
Coal,685,1341,511,548,10,3094,02-12-2022
Total,1005,1494,896,598,52,4044,03-12-2022
"Gas, Naptha & Diesel",16,9,6,0,28,59,03-12-2022
"RES (Wind, Solar, Biomass & Others)",121,77,187,2,1,389,03-12-2022
Hydro,135,40,82,35,12,305,03-12-2022
Lignite,31,12,51,0,0,94,03-12-2022
Coal,675,1321,503,561,10,3070,03-12-2022
Nuclear,26,36,66,0,0,128,03-12-2022
Total,979,1450,854,584,52,3919,04-12-2022
"RES (Wind, Solar, Biomass & Others)",127,98,202,2,1,430,04-12-2022
"Gas, Naptha & Diesel",12,5,5,0,30,52,04-12-2022
Nuclear,26,36,65,0,0,127,04-12-2022
Hydro,140,30,57,34,12,272,04-12-2022
Lignite,26,12,51,0,0,89,04-12-2022
Coal,649,1268,473,548,10,2948,04-12-2022
Hydro,132,37,75,31,12,287,05-12-2022
Lignite,33,13,50,0,0,96,05-12-2022
Nuclear,26,36,65,0,0,127,05-12-2022
Coal,658,1265,498,573,10,3005,05-12-2022
"RES (Wind, Solar, Biomass & Others)",125,129,201,2,1,458,05-12-2022
Total,988,1487,895,606,52,4028,05-12-2022
"Gas, Naptha & Diesel",14,7,5,0,30,56,05-12-2022
Total,1006,1515,899,627,54,4100,06-12-2022
Coal,671,1265,525,589,10,3059,06-12-2022
Lignite,33,14,50,0,0,97,06-12-2022
Hydro,127,47,74,33,13,295,06-12-2022
Nuclear,26,29,65,0,0,120,06-12-2022
"Gas, Naptha & Diesel",14,7,5,0,30,56,06-12-2022
"RES (Wind, Solar, Biomass & Others)",135,153,180,5,1,474,06-12-2022
"Gas, Naptha & Diesel",16,9,5,0,30,61,07-12-2022
Nuclear,26,19,65,0,0,110,07-12-2022
Hydro,128,47,85,34,13,306,07-12-2022
Lignite,30,14,48,0,0,93,07-12-2022
Coal,692,1286,530,585,10,3103,07-12-2022
"RES (Wind, Solar, Biomass & Others)",131,138,126,5,1,399,07-12-2022
Total,1023,1513,859,624,53,4072,07-12-2022
Total,1017,1481,866,617,53,4034,08-12-2022
"RES (Wind, Solar, Biomass & Others)",126,121,152,5,1,404,08-12-2022
"Gas, Naptha & Diesel",16,6,6,0,30,57,08-12-2022
Nuclear,26,16,65,0,0,107,08-12-2022
Hydro,130,38,80,32,12,292,08-12-2022
Lignite,28,15,48,0,0,91,08-12-2022
Coal,691,1287,515,580,10,3083,08-12-2022
Lignite,0,14,43,0,0,57,09-12-2022
Coal,538,1270,484,578,10,2879,09-12-2022
Nuclear,26,16,65,0,0,107,09-12-2022
"RES (Wind, Solar, Biomass & Others)",104,131,158,2,1,395,09-12-2022
Hydro,126,31,81,32,12,281,09-12-2022
Total,802,1467,835,611,51,3767,09-12-2022
"Gas, Naptha & Diesel",9,6,6,0,28,49,09-12-2022
Total,1007,1434,808,590,50,3890,10-12-2022
"RES (Wind, Solar, Biomass & Others)",142,131,190,1,1,465,10-12-2022
"Gas, Naptha & Diesel",12,5,5,0,30,52,10-12-2022
Nuclear,26,20,65,0,0,111,10-12-2022
Hydro,130,34,71,30,12,277,10-12-2022
Coal,672,1231,442,559,8,2912,10-12-2022
Lignite,25,13,34,0,0,72,10-12-2022
Hydro,130,29,52,29,11,252,11-12-2022
Nuclear,26,21,65,0,0,113,11-12-2022
"Gas, Naptha & Diesel",12,3,6,0,30,50,11-12-2022
"RES (Wind, Solar, Biomass & Others)",167,136,155,2,1,461,11-12-2022
Total,1013,1403,748,569,46,3779,11-12-2022
Coal,653,1198,441,537,4,2834,11-12-2022
Lignite,27,14,29,0,0,70,11-12-2022
Total,1027,1466,798,578,47,3915,12-12-2022
"Gas, Naptha & Diesel",14,2,6,0,29,51,12-12-2022
Nuclear,26,21,65,0,0,112,12-12-2022
Hydro,125,35,68,29,11,268,12-12-2022
Lignite,27,15,25,0,0,67,12-12-2022
Coal,675,1255,494,547,5,2976,12-12-2022
"RES (Wind, Solar, Biomass & Others)",160,138,140,2,1,441,12-12-2022
Coal,689,1250,505,534,5,2983,13-12-2022
Total,1058,1489,820,565,44,3975,13-12-2022
"RES (Wind, Solar, Biomass & Others)",173,165,148,2,1,489,13-12-2022
"Gas, Naptha & Diesel",13,7,5,0,26,51,13-12-2022
Nuclear,26,21,65,0,0,112,13-12-2022
Hydro,132,31,72,29,11,275,13-12-2022
Lignite,24,15,25,0,0,64,13-12-2022
Total,1046,1513,848,579,43,4028,14-12-2022
"RES (Wind, Solar, Biomass & Others)",158,171,157,5,1,490,14-12-2022
Coal,699,1267,521,546,5,3037,14-12-2022
Hydro,129,34,78,28,11,282,14-12-2022
Lignite,19,13,22,0,0,55,14-12-2022
Nuclear,26,21,65,0,0,112,14-12-2022
"Gas, Naptha & Diesel",15,6,5,0,26,52,14-12-2022
Total,1027,1483,873,596,52,4031,15-12-2022
"RES (Wind, Solar, Biomass & Others)",136,121,181,5,1,444,15-12-2022
"Gas, Naptha & Diesel",15,6,5,0,30,56,15-12-2022
Nuclear,26,21,59,0,0,105,15-12-2022
Hydro,127,40,78,31,12,288,15-12-2022
Coal,707,1282,525,561,10,3085,15-12-2022
Lignite,15,13,25,0,0,53,15-12-2022
"RES (Wind, Solar, Biomass & Others)",135,89,180,5,1,411,16-12-2022
Coal,721,1300,544,578,9,3152,16-12-2022
Lignite,21,12,26,0,0,59,16-12-2022
Total,1048,1481,900,615,51,4095,16-12-2022
Nuclear,26,26,58,0,0,110,16-12-2022
"Gas, Naptha & Diesel",16,6,5,0,30,58,16-12-2022
Hydro,129,47,87,32,11,305,16-12-2022
Total,1063,1472,860,629,51,4076,17-12-2022
"RES (Wind, Solar, Biomass & Others)",133,88,173,5,1,399,17-12-2022
"Gas, Naptha & Diesel",15,5,5,0,30,56,17-12-2022
Hydro,140,41,90,31,10,313,17-12-2022
Lignite,22,11,26,0,0,58,17-12-2022
Coal,727,1295,501,593,10,3126,17-12-2022
Nuclear,26,33,65,0,0,124,17-12-2022
Lignite,22,10,33,0,0,65,18-12-2022
Total,1026,1448,858,613,49,3994,18-12-2022
"RES (Wind, Solar, Biomass & Others)",138,98,186,5,1,427,18-12-2022
"Gas, Naptha & Diesel",12,3,5,0,29,49,18-12-2022
Nuclear,26,33,65,0,0,125,18-12-2022
Hydro,130,29,68,29,11,267,18-12-2022
Coal,698,1274,500,579,9,3061,18-12-2022
"RES (Wind, Solar, Biomass & Others)",120,88,180,2,1,391,19-12-2022
"Gas, Naptha & Diesel",11,2,6,0,30,49,19-12-2022
Nuclear,26,37,70,0,0,133,19-12-2022
Hydro,131,37,89,31,11,298,19-12-2022
Lignite,22,10,40,0,0,72,19-12-2022
Coal,718,1389,571,615,11,3304,19-12-2022
Total,1027,1563,956,648,52,4247,19-12-2022
Coal,706,1425,571,623,15,3339,20-12-2022
Lignite,27,12,38,0,0,77,20-12-2022
Hydro,129,45,98,30,11,312,20-12-2022
Nuclear,26,37,70,0,0,133,20-12-2022
"RES (Wind, Solar, Biomass & Others)",112,89,189,2,1,393,20-12-2022
Total,1015,1612,971,655,56,4309,20-12-2022
"Gas, Naptha & Diesel",15,5,5,0,30,56,20-12-2022
Coal,752,1426,546,618,15,3356,21-12-2022
Lignite,28,11,39,0,0,78,21-12-2022
Hydro,126,44,97,29,11,308,21-12-2022
Nuclear,26,37,70,0,0,133,21-12-2022
Total,1086,1635,949,649,50,4369,21-12-2022
"RES (Wind, Solar, Biomass & Others)",139,111,191,2,1,443,21-12-2022
"Gas, Naptha & Diesel",15,6,6,0,24,51,21-12-2022
Hydro,125,45,103,30,11,314,22-12-2022
Coal,747,1453,558,603,15,3376,22-12-2022
Lignite,31,11,32,0,0,74,22-12-2022
Nuclear,25,37,70,0,0,132,22-12-2022
"Gas, Naptha & Diesel",14,4,6,0,28,52,22-12-2022
"RES (Wind, Solar, Biomass & Others)",143,130,182,2,1,458,22-12-2022
Total,1086,1681,950,635,54,4406,22-12-2022
Coal,752,1466,548,624,16,3406,23-12-2022
Lignite,31,12,24,0,0,67,23-12-2022
Nuclear,21,37,70,0,0,128,23-12-2022
"Gas, Naptha & Diesel",15,5,6,0,30,56,23-12-2022
"RES (Wind, Solar, Biomass & Others)",136,110,171,5,1,422,23-12-2022
Total,1080,1671,922,662,57,4391,23-12-2022
Hydro,126,41,102,33,11,312,23-12-2022
Coal,746,1426,573,628,15,3387,24-12-2022
Hydro,123,38,100,32,11,304,24-12-2022
Nuclear,21,37,70,0,0,128,24-12-2022
"Gas, Naptha & Diesel",14,4,6,0,29,52,24-12-2022
"RES (Wind, Solar, Biomass & Others)",136,113,166,5,1,421,24-12-2022
Lignite,31,12,24,0,0,67,24-12-2022
Total,1071,1630,939,665,56,4360,24-12-2022
Coal,711,1390,541,610,14,3266,25-12-2022
Hydro,119,34,83,30,10,277,25-12-2022
Nuclear,21,37,70,0,0,128,25-12-2022
Lignite,28,12,24,0,0,64,25-12-2022
"RES (Wind, Solar, Biomass & Others)",138,135,129,6,1,410,25-12-2022
Total,1032,1613,853,646,56,4200,25-12-2022
"Gas, Naptha & Diesel",14,4,6,0,31,55,25-12-2022
Nuclear,21,37,71,0,0,129,26-12-2022
"Gas, Naptha & Diesel",15,7,6,0,31,59,26-12-2022
Hydro,122,47,90,29,11,298,26-12-2022
Coal,722,1396,548,621,15,3303,26-12-2022
Lignite,28,12,24,0,0,64,26-12-2022
Total,1053,1643,895,653,56,4300,26-12-2022
"RES (Wind, Solar, Biomass & Others)",145,143,156,2,0,447,26-12-2022
Nuclear,21,37,70,0,0,128,27-12-2022
Hydro,122,46,89,29,10,297,27-12-2022
Lignite,26,13,25,0,0,64,27-12-2022
Coal,741,1430,576,629,15,3391,27-12-2022
"Gas, Naptha & Diesel",15,10,6,0,29,59,27-12-2022
"RES (Wind, Solar, Biomass & Others)",143,131,165,2,0,441,27-12-2022
Total,1068,1667,932,660,54,4381,27-12-2022
Nuclear,21,37,70,0,0,128,28-12-2022
Lignite,26,13,24,0,0,64,28-12-2022
Coal,770,1439,585,641,16,3451,28-12-2022
Total,1086,1656,958,673,56,4430,28-12-2022
"RES (Wind, Solar, Biomass & Others)",133,106,169,2,0,410,28-12-2022
"Gas, Naptha & Diesel",14,9,6,0,29,58,28-12-2022
Hydro,122,52,104,30,11,319,28-12-2022
Coal,766,1486,583,651,16,3501,29-12-2022
Lignite,27,12,25,0,0,63,29-12-2022
Hydro,121,47,110,30,11,298,29-12-2022
Nuclear,15,37,70,0,0,122,29-12-2022
"Gas, Naptha & Diesel",15,11,4,0,29,58,29-12-2022
"RES (Wind, Solar, Biomass & Others)",125,73,170,3,0,372,29-12-2022
Total,1069,1667,938,684,56,4414,29-12-2022
Coal,770,1464,578,660,15,3487,30-12-2022
Lignite,25,10,25,0,0,59,30-12-2022
Hydro,118,44,106,29,11,308,30-12-2022
Total,1085,1688,952,691,57,4473,30-12-2022
"Gas, Naptha & Diesel",14,11,5,0,30,61,30-12-2022
"RES (Wind, Solar, Biomass & Others)",133,122,172,2,1,429,30-12-2022
Nuclear,26,37,65,0,0,128,30-12-2022
Hydro,106,36,94,28,11,276,31-12-2022
Nuclear,25,37,66,0,0,128,31-12-2022
"Gas, Naptha & Diesel",14,9,6,0,29,58,31-12-2022
"RES (Wind, Solar, Biomass & Others)",137,154,159,3,1,453,31-12-2022
Total,1100,1656,932,683,55,4426,31-12-2022
Lignite,22,11,31,0,0,64,31-12-2022
Coal,796,1409,575,652,15,3448,31-12-2022
"RES (Wind, Solar, Biomass & Others)",131,108,165,5,1,409,01-01-2023
"Gas, Naptha & Diesel",13,4,6,0,30,53,01-01-2023
Nuclear,22,37,75,0,0,134,01-01-2023
Hydro,108,27,73,26,10,244,01-01-2023
Lignite,24,13,35,0,0,72,01-01-2023
Coal,777,1328,546,631,13,3296,01-01-2023
Total,1075,1515,900,662,54,4207,01-01-2023
Coal,805,1369,578,621,16,3388,02-01-2023
Total,1114,1549,967,654,56,4341,02-01-2023
"RES (Wind, Solar, Biomass & Others)",136,85,189,5,1,417,02-01-2023
"Gas, Naptha & Diesel",13,6,6,0,30,55,02-01-2023
Nuclear,22,37,76,0,0,134,02-01-2023
Hydro,111,37,83,28,10,268,02-01-2023
Lignite,28,15,36,0,0,78,02-01-2023
"Gas, Naptha & Diesel",13,9,5,0,30,57,03-01-2023
Total,1127,1648,978,658,56,4467,03-01-2023
"RES (Wind, Solar, Biomass & Others)",143,153,185,2,0,483,03-01-2023
Coal,805,1392,584,631,15,3426,03-01-2023
Hydro,116,43,92,26,10,287,03-01-2023
Nuclear,22,37,76,0,0,135,03-01-2023
Lignite,28,14,36,0,0,78,03-01-2023
"Gas, Naptha & Diesel",15,10,6,0,30,61,04-01-2023
Coal,781,1325,577,633,15,3330,04-01-2023
Lignite,31,13,35,0,0,79,04-01-2023
Hydro,112,44,86,27,10,278,04-01-2023
Nuclear,22,37,76,0,0,135,04-01-2023
"RES (Wind, Solar, Biomass & Others)",161,210,208,2,0,582,04-01-2023
Total,1121,1640,988,661,55,4466,04-01-2023
Hydro,114,41,98,31,9,293,05-01-2023
Lignite,31,13,37,0,0,80,05-01-2023
Nuclear,22,37,69,0,0,128,05-01-2023
"RES (Wind, Solar, Biomass & Others)",167,205,206,2,1,581,05-01-2023
Coal,764,1380,563,625,15,3347,05-01-2023
"Gas, Naptha & Diesel",13,5,5,0,30,54,05-01-2023
Total,1111,1682,978,657,55,4482,05-01-2023
"Gas, Naptha & Diesel",15,7,5,0,30,57,06-01-2023
Nuclear,22,37,61,0,0,120,06-01-2023
Total,1108,1683,980,672,56,4500,06-01-2023
Coal,757,1421,573,638,16,3406,06-01-2023
"RES (Wind, Solar, Biomass & Others)",170,163,200,2,1,537,06-01-2023
Hydro,113,42,101,32,9,296,06-01-2023
Lignite,31,13,40,0,0,84,06-01-2023
Hydro,111,48,104,31,10,304,07-01-2023
Coal,773,1474,585,665,16,3513,07-01-2023
Total,1098,1712,979,699,57,4545,07-01-2023
Lignite,31,13,38,0,0,81,07-01-2023
"Gas, Naptha & Diesel",18,13,5,0,30,67,07-01-2023
Nuclear,23,37,52,0,0,112,07-01-2023
"RES (Wind, Solar, Biomass & Others)",142,128,195,3,1,469,07-01-2023
Nuclear,27,37,52,0,0,116,08-01-2023
Coal,793,1385,575,638,16,3407,08-01-2023
Lignite,32,15,46,0,0,93,08-01-2023
Hydro,109,38,76,40,9,272,08-01-2023
Total,1113,1583,943,681,56,4375,08-01-2023
"RES (Wind, Solar, Biomass & Others)",141,98,188,3,1,430,08-01-2023
"Gas, Naptha & Diesel",13,10,5,0,31,58,08-01-2023
Hydro,109,52,97,34,10,302,09-01-2023
Lignite,32,15,50,0,0,96,09-01-2023
"Gas, Naptha & Diesel",17,11,5,0,31,64,09-01-2023
"RES (Wind, Solar, Biomass & Others)",114,90,193,6,1,403,09-01-2023
Nuclear,26,37,52,0,0,115,09-01-2023
Total,1111,1636,998,669,56,4470,09-01-2023
Coal,814,1431,602,628,15,3490,09-01-2023
Coal,803,1468,582,616,16,3485,10-01-2023
Lignite,31,13,52,0,0,96,10-01-2023
Hydro,113,51,102,34,9,309,10-01-2023
Nuclear,26,37,60,0,0,123,10-01-2023
"Gas, Naptha & Diesel",18,14,5,0,25,62,10-01-2023
"RES (Wind, Solar, Biomass & Others)",139,98,205,6,1,447,10-01-2023
Total,1130,1680,1006,655,51,4523,10-01-2023
Lignite,31,12,52,0,0,95,11-01-2023
Hydro,113,45,101,34,11,304,11-01-2023
Nuclear,26,37,71,0,0,134,11-01-2023
"RES (Wind, Solar, Biomass & Others)",150,117,187,4,0,458,11-01-2023
Total,1140,1716,990,672,47,4565,11-01-2023
"Gas, Naptha & Diesel",21,14,5,0,20,60,11-01-2023
Coal,799,1490,574,634,16,3514,11-01-2023
Hydro,110,39,104,33,10,296,12-01-2023
"Gas, Naptha & Diesel",25,14,5,0,29,74,12-01-2023
"RES (Wind, Solar, Biomass & Others)",134,154,182,3,1,474,12-01-2023
Lignite,34,11,51,0,0,96,12-01-2023
Coal,758,1495,570,641,16,3481,12-01-2023
Total,1087,1749,980,677,56,4549,12-01-2023
Nuclear,26,36,67,0,0,129,12-01-2023
Total,1060,1724,985,682,55,4506,13-01-2023
"RES (Wind, Solar, Biomass & Others)",119,109,176,2,1,406,13-01-2023
Coal,763,1512,581,646,16,3519,13-01-2023
"Gas, Naptha & Diesel",20,15,5,0,29,69,13-01-2023
Nuclear,26,37,69,0,0,132,13-01-2023
Hydro,111,40,105,33,9,299,13-01-2023
Lignite,21,12,48,0,0,81,13-01-2023
Total,1090,1587,940,672,53,4342,14-01-2023
Nuclear,27,37,66,0,0,129,14-01-2023
"Gas, Naptha & Diesel",18,7,5,0,29,58,14-01-2023
"RES (Wind, Solar, Biomass & Others)",148,130,179,2,0,460,14-01-2023
Coal,755,1363,553,633,15,3319,14-01-2023
Hydro,109,39,83,36,9,277,14-01-2023
Lignite,34,12,53,0,0,99,14-01-2023
Total,1062,1523,889,655,50,4179,15-01-2023
"RES (Wind, Solar, Biomass & Others)",153,136,180,2,1,473,15-01-2023
"Gas, Naptha & Diesel",15,6,5,0,29,56,15-01-2023
Nuclear,27,37,66,0,0,130,15-01-2023
Hydro,109,34,67,28,7,246,15-01-2023
Lignite,32,12,54,0,0,98,15-01-2023
Coal,727,1297,516,625,12,3177,15-01-2023
Hydro,109,45,78,29,9,271,16-01-2023
Nuclear,27,37,72,0,0,136,16-01-2023
"Gas, Naptha & Diesel",17,7,6,0,30,59,16-01-2023
"RES (Wind, Solar, Biomass & Others)",158,109,184,5,0,456,16-01-2023
Total,1105,1566,938,661,54,4324,16-01-2023
Coal,763,1357,546,628,14,3308,16-01-2023
Lignite,31,11,52,0,0,94,16-01-2023
Total,1124,1605,984,684,54,4451,17-01-2023
"RES (Wind, Solar, Biomass & Others)",158,138,194,5,1,495,17-01-2023
Hydro,109,54,82,28,9,282,17-01-2023
Nuclear,26,37,76,0,0,140,17-01-2023
Lignite,31,9,49,0,0,90,17-01-2023
Coal,783,1360,577,652,15,3387,17-01-2023
"Gas, Naptha & Diesel",17,6,6,0,29,58,17-01-2023
Coal,793,1388,600,664,15,3461,18-01-2023
Lignite,32,9,49,0,0,90,18-01-2023
Nuclear,26,37,76,0,0,139,18-01-2023
"Gas, Naptha & Diesel",15,6,5,0,29,54,18-01-2023
"RES (Wind, Solar, Biomass & Others)",164,136,213,5,1,519,18-01-2023
Total,1136,1628,1026,698,54,4542,18-01-2023
Hydro,106,52,83,29,9,280,18-01-2023
Coal,783,1394,598,662,11,3446,19-01-2023
Total,1124,1631,1036,693,50,4534,19-01-2023
"RES (Wind, Solar, Biomass & Others)",166,131,223,3,1,525,19-01-2023
"Gas, Naptha & Diesel",12,6,6,0,29,53,19-01-2023
Nuclear,26,37,76,0,0,140,19-01-2023
Lignite,31,10,50,0,0,90,19-01-2023
Hydro,105,54,83,29,9,280,19-01-2023
Hydro,109,61,94,30,9,304,20-01-2023
Lignite,32,12,46,0,0,90,20-01-2023
"Gas, Naptha & Diesel",15,8,5,0,31,59,20-01-2023
"RES (Wind, Solar, Biomass & Others)",158,139,202,3,1,502,20-01-2023
Total,1117,1672,1030,690,52,4560,20-01-2023
Nuclear,26,37,76,0,0,140,20-01-2023
Coal,778,1414,606,657,11,3466,20-01-2023
Total,1105,1660,1014,679,51,4509,21-01-2023
Nuclear,26,37,76,0,0,140,21-01-2023
Hydro,104,60,90,32,9,295,21-01-2023
Lignite,30,13,45,0,0,87,21-01-2023
Coal,772,1397,615,645,10,3439,21-01-2023
"RES (Wind, Solar, Biomass & Others)",157,145,182,2,1,488,21-01-2023
"Gas, Naptha & Diesel",16,9,5,0,31,61,21-01-2023
Coal,754,1354,575,649,13,3345,22-01-2023
Total,1070,1592,972,678,53,4366,22-01-2023
"RES (Wind, Solar, Biomass & Others)",145,135,199,2,1,482,22-01-2023
"Gas, Naptha & Diesel",12,6,5,0,31,54,22-01-2023
Hydro,107,47,67,27,9,255,22-01-2023
Nuclear,26,37,77,0,0,140,22-01-2023
Lignite,28,14,50,0,0,92,22-01-2023
Lignite,27,21,50,0,0,98,23-01-2023
"Gas, Naptha & Diesel",14,10,5,0,31,59,23-01-2023
Coal,738,1381,587,662,15,3383,23-01-2023
Hydro,106,39,82,29,9,265,23-01-2023
Nuclear,26,37,77,0,0,140,23-01-2023
Total,1072,1656,988,693,55,4465,23-01-2023
"RES (Wind, Solar, Biomass & Others)",161,168,188,2,1,519,23-01-2023
Coal,749,1394,621,662,15,3441,24-01-2023
"Gas, Naptha & Diesel",13,3,5,0,31,52,24-01-2023
"RES (Wind, Solar, Biomass & Others)",148,142,161,2,1,454,24-01-2023
Total,1071,1633,1005,695,54,4458,24-01-2023
Lignite,30,22,48,0,0,100,24-01-2023
Hydro,106,35,93,31,7,271,24-01-2023
Nuclear,26,37,76,0,0,140,24-01-2023
Coal,729,1356,607,667,14,3374,25-01-2023
Hydro,114,36,75,30,8,263,25-01-2023
"Gas, Naptha & Diesel",12,2,5,0,31,51,25-01-2023
"RES (Wind, Solar, Biomass & Others)",151,140,213,6,1,510,25-01-2023
Lignite,31,22,49,0,0,101,25-01-2023
Total,1063,1586,1024,703,55,4431,25-01-2023
Nuclear,26,29,76,0,0,132,25-01-2023
Lignite,30,20,51,0,0,101,26-01-2023
Total,1031,1494,960,640,54,4179,26-01-2023
"RES (Wind, Solar, Biomass & Others)",176,211,201,5,1,594,26-01-2023
"Gas, Naptha & Diesel",12,4,5,0,31,52,26-01-2023
Coal,677,1206,570,605,14,3072,26-01-2023
Hydro,110,29,56,30,8,233,26-01-2023
Nuclear,26,24,76,0,0,127,26-01-2023
Total,1091,1577,995,627,53,4343,27-01-2023
"Gas, Naptha & Diesel",13,3,6,0,31,53,27-01-2023
Nuclear,26,30,76,0,0,132,27-01-2023
Hydro,110,30,72,27,8,247,27-01-2023
Lignite,29,21,49,0,0,99,27-01-2023
Coal,727,1267,575,596,13,3178,27-01-2023
"RES (Wind, Solar, Biomass & Others)",185,227,217,3,1,633,27-01-2023
Total,1114,1555,1018,663,56,4405,28-01-2023
"RES (Wind, Solar, Biomass & Others)",179,163,218,4,1,565,28-01-2023
"Gas, Naptha & Diesel",15,3,7,0,32,57,28-01-2023
Nuclear,26,36,76,0,0,138,28-01-2023
Hydro,110,31,78,31,9,258,28-01-2023
Lignite,30,22,50,0,0,102,28-01-2023
Coal,753,1300,589,628,14,3284,28-01-2023
Total,1009,1520,999,664,55,4246,29-01-2023
"RES (Wind, Solar, Biomass & Others)",128,133,225,3,1,490,29-01-2023
Lignite,30,21,56,0,0,108,29-01-2023
Coal,696,1298,574,633,14,3215,29-01-2023
"Gas, Naptha & Diesel",15,3,7,0,32,57,29-01-2023
Nuclear,26,36,76,0,0,139,29-01-2023
Hydro,112,28,61,28,8,237,29-01-2023
Coal,687,1318,606,636,15,3262,30-01-2023
Total,1002,1528,1001,669,55,4256,30-01-2023
"RES (Wind, Solar, Biomass & Others)",139,113,161,3,1,417,30-01-2023
"Gas, Naptha & Diesel",18,7,7,0,31,63,30-01-2023
Nuclear,26,37,76,0,0,139,30-01-2023
Lignite,18,21,57,0,0,97,30-01-2023
Hydro,114,31,94,31,8,278,30-01-2023
Total,1043,1619,1001,664,55,4382,31-01-2023
"RES (Wind, Solar, Biomass & Others)",162,203,170,5,1,540,31-01-2023
Coal,689,1317,600,628,14,3248,31-01-2023
Lignite,32,23,55,0,0,109,31-01-2023
Hydro,116,32,97,31,9,284,31-01-2023
Nuclear,26,37,75,0,0,138,31-01-2023
"Gas, Naptha & Diesel",18,8,6,0,32,63,31-01-2023
"RES (Wind, Solar, Biomass & Others)",173,215,168,5,0,561,01-02-2023
Lignite,33,21,61,0,0,115,01-02-2023
Coal,700,1308,600,616,15,3238,01-02-2023
"Gas, Naptha & Diesel",12,9,6,0,32,59,01-02-2023
Nuclear,26,37,67,0,0,131,01-02-2023
Hydro,116,34,82,31,7,270,01-02-2023
Total,1060,1623,984,652,55,4374,01-02-2023
"RES (Wind, Solar, Biomass & Others)",158,154,199,7,1,518,02-02-2023
Total,1064,1651,1018,667,56,4457,02-02-2023
Nuclear,26,37,76,0,0,139,02-02-2023
Hydro,119,31,76,31,8,265,02-02-2023
Lignite,34,21,61,0,0,115,02-02-2023
Coal,716,1397,601,629,15,3359,02-02-2023
"Gas, Naptha & Diesel",12,11,6,0,32,61,02-02-2023
Coal,730,1366,625,653,16,3390,03-02-2023
Lignite,33,21,62,0,0,116,03-02-2023
Hydro,120,37,74,32,8,271,03-02-2023
"Gas, Naptha & Diesel",12,17,6,0,31,66,03-02-2023
"RES (Wind, Solar, Biomass & Others)",165,109,197,7,1,479,03-02-2023
Total,1087,1588,1040,692,55,4461,03-02-2023
Nuclear,26,37,76,0,0,139,03-02-2023
Total,1062,1603,1024,686,57,4432,04-02-2023
Lignite,31,21,58,0,0,110,04-02-2023
Hydro,126,41,75,32,9,282,04-02-2023
Nuclear,26,37,76,0,0,139,04-02-2023
"Gas, Naptha & Diesel",12,16,7,0,32,66,04-02-2023
"RES (Wind, Solar, Biomass & Others)",155,95,179,4,1,434,04-02-2023
Coal,711,1394,628,651,16,3400,04-02-2023
Total,1035,1557,984,706,56,4337,05-02-2023
"RES (Wind, Solar, Biomass & Others)",170,102,195,4,1,471,05-02-2023
"Gas, Naptha & Diesel",12,6,7,0,31,56,05-02-2023
Nuclear,26,37,76,0,0,139,05-02-2023
Hydro,124,40,61,29,9,263,05-02-2023
Lignite,29,21,53,0,0,102,05-02-2023
Coal,674,1351,592,673,15,3305,05-02-2023
Coal,694,1379,634,678,16,3400,06-02-2023
Lignite,30,20,52,0,0,102,06-02-2023
Hydro,126,49,82,31,9,296,06-02-2023
Nuclear,26,37,76,0,0,139,06-02-2023
"RES (Wind, Solar, Biomass & Others)",168,120,176,3,1,467,06-02-2023
Total,1056,1615,1027,711,56,4465,06-02-2023
"Gas, Naptha & Diesel",12,11,7,0,31,61,06-02-2023
Coal,734,1402,634,689,16,3474,07-02-2023
Nuclear,26,37,76,0,0,139,07-02-2023
"Gas, Naptha & Diesel",11,19,7,0,31,69,07-02-2023
"RES (Wind, Solar, Biomass & Others)",161,102,162,3,1,429,07-02-2023
Total,1094,1633,1025,720,57,4529,07-02-2023
Lignite,30,20,50,0,0,99,07-02-2023
Hydro,132,54,96,29,9,319,07-02-2023
Total,1106,1647,1050,727,55,4584,08-02-2023
Nuclear,26,37,76,0,0,139,08-02-2023
Hydro,129,61,98,31,7,326,08-02-2023
Lignite,28,21,49,0,0,97,08-02-2023
Coal,745,1419,642,692,17,3514,08-02-2023
"Gas, Naptha & Diesel",12,16,7,0,31,66,08-02-2023
"RES (Wind, Solar, Biomass & Others)",166,93,177,5,0,442,08-02-2023
Hydro,129,65,92,27,9,323,09-02-2023
Total,1111,1667,1055,718,57,4608,09-02-2023
"RES (Wind, Solar, Biomass & Others)",179,108,181,5,0,473,09-02-2023
"Gas, Naptha & Diesel",12,18,7,0,30,67,09-02-2023
Nuclear,26,37,76,0,0,139,09-02-2023
Lignite,28,20,57,0,0,106,09-02-2023
Coal,737,1419,642,686,17,3500,09-02-2023
"RES (Wind, Solar, Biomass & Others)",174,153,187,7,1,522,10-02-2023
Total,1098,1653,1051,723,57,4583,10-02-2023
"Gas, Naptha & Diesel",12,18,6,0,31,66,10-02-2023
Nuclear,26,37,76,0,0,139,10-02-2023
Hydro,125,52,88,28,9,301,10-02-2023
Lignite,29,21,60,0,0,110,10-02-2023
Coal,733,1372,634,689,17,3444,10-02-2023
Coal,732,1374,641,696,14,3457,11-02-2023
Hydro,130,66,91,31,9,326,11-02-2023
Lignite,27,23,60,0,0,109,11-02-2023
Nuclear,26,37,76,0,0,139,11-02-2023
"RES (Wind, Solar, Biomass & Others)",152,123,186,7,0,468,11-02-2023
Total,1078,1639,1059,734,54,4565,11-02-2023
"Gas, Naptha & Diesel",12,15,6,0,31,64,11-02-2023
Total,1051,1589,1014,731,50,4435,12-02-2023
"RES (Wind, Solar, Biomass & Others)",185,171,195,7,1,559,12-02-2023
"Gas, Naptha & Diesel",12,6,6,0,31,55,12-02-2023
Nuclear,26,37,76,0,0,139,12-02-2023
Hydro,122,55,60,31,8,276,12-02-2023
Lignite,28,21,59,0,0,108,12-02-2023
Coal,679,1300,617,693,10,3298,12-02-2023
Coal,689,1310,614,686,12,3311,13-02-2023
Hydro,122,58,77,30,8,294,13-02-2023
Lignite,29,19,63,0,0,111,13-02-2023
Nuclear,26,37,76,0,0,139,13-02-2023
Total,1050,1603,1061,723,52,4489,13-02-2023
"RES (Wind, Solar, Biomass & Others)",172,169,225,6,1,573,13-02-2023
"Gas, Naptha & Diesel",12,10,6,0,31,60,13-02-2023
Coal,714,1391,640,698,17,3461,14-02-2023
Hydro,126,71,91,32,9,329,14-02-2023
Lignite,31,18,64,0,0,113,14-02-2023
Nuclear,26,37,76,0,0,139,14-02-2023
"Gas, Naptha & Diesel",12,18,6,0,31,67,14-02-2023
"RES (Wind, Solar, Biomass & Others)",151,102,204,3,1,461,14-02-2023
Total,1061,1637,1082,733,58,4571,14-02-2023
Lignite,31,18,61,0,0,110,15-02-2023
Hydro,132,80,94,31,9,345,15-02-2023
Nuclear,26,37,76,0,0,139,15-02-2023
Coal,742,1403,666,680,17,3508,15-02-2023
"RES (Wind, Solar, Biomass & Others)",157,96,197,3,1,453,15-02-2023
Total,1101,1652,1100,713,52,4618,15-02-2023
"Gas, Naptha & Diesel",13,18,6,0,26,63,15-02-2023
Total,1093,1686,1115,699,58,4650,16-02-2023
"RES (Wind, Solar, Biomass & Others)",140,106,224,5,1,476,16-02-2023
"Gas, Naptha & Diesel",17,17,6,0,31,71,16-02-2023
Nuclear,26,37,76,0,0,139,16-02-2023
Hydro,135,76,91,30,8,340,16-02-2023
Lignite,31,18,63,0,0,112,16-02-2023
Coal,744,1432,655,664,17,3512,16-02-2023
Hydro,142,77,90,29,8,346,17-02-2023
Lignite,31,17,63,0,0,112,17-02-2023
Nuclear,26,37,76,0,0,139,17-02-2023
Coal,746,1436,660,686,18,3545,17-02-2023
"RES (Wind, Solar, Biomass & Others)",154,112,206,5,1,478,17-02-2023
Total,1121,1696,1102,720,58,4698,17-02-2023
"Gas, Naptha & Diesel",23,18,6,0,31,78,17-02-2023
"RES (Wind, Solar, Biomass & Others)",156,115,178,5,1,455,18-02-2023
"Gas, Naptha & Diesel",18,16,7,0,32,73,18-02-2023
Nuclear,20,37,76,0,0,133,18-02-2023
Hydro,143,74,88,28,8,340,18-02-2023
Total,1112,1703,1073,701,54,4643,18-02-2023
Coal,743,1444,659,669,14,3529,18-02-2023
Lignite,31,17,64,0,0,112,18-02-2023
"Gas, Naptha & Diesel",15,14,7,0,31,67,19-02-2023
Nuclear,20,37,76,0,0,133,19-02-2023
Hydro,145,68,70,29,7,318,19-02-2023
Lignite,31,15,65,0,0,110,19-02-2023
Coal,709,1417,637,645,12,3420,19-02-2023
"RES (Wind, Solar, Biomass & Others)",168,97,190,6,1,463,19-02-2023
Total,1089,1648,1044,681,50,4511,19-02-2023
"RES (Wind, Solar, Biomass & Others)",189,129,185,3,1,508,20-02-2023
Total,1111,1717,1064,702,54,4647,20-02-2023
"Gas, Naptha & Diesel",14,16,7,0,32,69,20-02-2023
Nuclear,20,37,76,0,0,133,20-02-2023
Hydro,144,66,94,30,8,342,20-02-2023
Lignite,30,14,64,0,0,108,20-02-2023
Coal,713,1455,637,669,14,3487,20-02-2023
Lignite,30,14,64,0,0,108,21-02-2023
Hydro,141,77,105,33,8,364,21-02-2023
Nuclear,20,37,71,0,0,128,21-02-2023
Coal,713,1449,649,686,17,3513,21-02-2023
"RES (Wind, Solar, Biomass & Others)",158,145,184,5,0,492,21-02-2023
Total,1077,1739,1079,724,57,4677,21-02-2023
"Gas, Naptha & Diesel",15,18,6,0,32,71,21-02-2023
Coal,727,1439,684,704,16,3570,22-02-2023
Total,1078,1721,1118,736,56,4709,22-02-2023
"RES (Wind, Solar, Biomass & Others)",147,127,202,3,0,479,22-02-2023
"Gas, Naptha & Diesel",15,24,6,0,31,77,22-02-2023
Nuclear,20,37,71,0,0,128,22-02-2023
Hydro,136,81,89,30,8,343,22-02-2023
Lignite,33,14,65,0,0,112,22-02-2023
Coal,710,1461,703,691,17,3581,23-02-2023
Lignite,31,14,66,0,0,111,23-02-2023
Hydro,137,71,80,29,10,327,23-02-2023
"Gas, Naptha & Diesel",15,14,6,0,31,66,23-02-2023
"RES (Wind, Solar, Biomass & Others)",158,107,211,3,0,479,23-02-2023
Total,1071,1703,1137,722,58,4692,23-02-2023
Nuclear,20,37,71,0,0,128,23-02-2023
Nuclear,20,36,65,0,0,122,24-02-2023
Coal,714,1493,706,681,18,3613,24-02-2023
Lignite,28,13,69,0,0,110,24-02-2023
Hydro,138,81,90,31,9,348,24-02-2023
"Gas, Naptha & Diesel",13,15,6,0,31,65,24-02-2023
"RES (Wind, Solar, Biomass & Others)",142,102,205,3,1,452,24-02-2023
Total,1055,1739,1142,715,58,4708,24-02-2023
Hydro,138,84,91,27,8,348,25-02-2023
Nuclear,20,36,61,0,0,117,25-02-2023
"Gas, Naptha & Diesel",12,15,6,0,31,63,25-02-2023
"RES (Wind, Solar, Biomass & Others)",157,111,216,3,1,488,25-02-2023
Total,1054,1747,1141,689,58,4687,25-02-2023
Lignite,28,12,67,0,0,107,25-02-2023
Coal,699,1489,700,659,18,3564,25-02-2023
Total,1041,1663,1105,702,55,4567,26-02-2023
"RES (Wind, Solar, Biomass & Others)",146,117,245,7,1,516,26-02-2023
"Gas, Naptha & Diesel",9,9,6,0,30,54,26-02-2023
Nuclear,20,36,63,0,0,120,26-02-2023
Hydro,135,65,60,26,8,294,26-02-2023
Coal,702,1423,673,670,17,3485,26-02-2023
Lignite,29,13,58,0,0,99,26-02-2023
Total,1056,1701,1158,702,56,4672,27-02-2023
"RES (Wind, Solar, Biomass & Others)",150,104,228,6,1,489,27-02-2023
"Gas, Naptha & Diesel",9,16,6,0,31,62,27-02-2023
Nuclear,20,36,68,0,0,124,27-02-2023
Hydro,136,75,68,26,7,312,27-02-2023
Lignite,28,12,63,0,0,103,27-02-2023
Coal,714,1457,724,670,17,3582,27-02-2023
Coal,717,1459,721,653,17,3568,28-02-2023
Nuclear,20,37,70,0,0,127,28-02-2023
Lignite,27,12,60,0,0,99,28-02-2023
Hydro,132,74,85,28,8,326,28-02-2023
Total,1028,1719,1173,685,58,4663,28-02-2023
"Gas, Naptha & Diesel",9,19,6,0,33,67,28-02-2023
"RES (Wind, Solar, Biomass & Others)",122,118,231,4,1,476,28-02-2023
Coal,588,1359,676,703,9,3336,31-03-2023
Lignite,30,21,70,0,0,121,31-03-2023
Hydro,113,28,61,23,10,235,31-03-2023
Nuclear,30,32,76,0,0,139,31-03-2023
"Gas, Naptha & Diesel",10,15,463,0,25,513,31-03-2023
"RES (Wind, Solar, Biomass & Others)",161,168,196,6,1,531,31-03-2023
Total,932,1623,1543,733,45,4874,31-03-2023
Coal,671,1415,720,726,11,3544,30-03-2023
Lignite,27,20,67,0,0,115,30-03-2023
Hydro,112,41,68,28,11,259,30-03-2023
Nuclear,27,32,76,0,0,135,30-03-2023
"Gas, Naptha & Diesel",10,17,6,0,24,57,30-03-2023
"RES (Wind, Solar, Biomass & Others)",135,153,177,7,1,473,30-03-2023
Total,982,1678,1115,761,47,4583,30-03-2023
Coal,703,1411,712,743,11,3581,29-03-2023
Lignite,27,20,68,0,0,115,29-03-2023
Hydro,113,52,81,33,9,289,29-03-2023
Nuclear,25,32,76,0,0,133,29-03-2023
"Gas, Naptha & Diesel",11,19,7,0,23,59,29-03-2023
"RES (Wind, Solar, Biomass & Others)",171,125,181,3,1,482,29-03-2023
Total,1051,1659,1125,779,44,4658,29-03-2023
Coal,669,1429,713,732,11,3553,28-03-2023
Lignite,28,20,68,0,0,116,28-03-2023
Hydro,115,56,78,33,9,291,28-03-2023
Nuclear,25,32,76,0,0,133,28-03-2023
"Gas, Naptha & Diesel",12,19,7,0,23,60,28-03-2023
"RES (Wind, Solar, Biomass & Others)",178,131,181,4,1,495,28-03-2023
Total,1027,1686,1123,769,44,4648,28-03-2023
Coal,642,1377,664,710,10,3405,27-03-2023
Lignite,29,19,71,0,0,120,27-03-2023
Hydro,120,33,67,33,10,263,27-03-2023
Nuclear,25,32,76,0,0,133,27-03-2023
"Gas, Naptha & Diesel",4,15,6,0,24,49,27-03-2023
"RES (Wind, Solar, Biomass & Others)",176,137,193,3,1,511,27-03-2023
Total,997,1614,1078,746,45,4481,27-03-2023
Coal,610,1325,637,693,10,3275,26-03-2023
Lignite,29,18,66,0,0,114,26-03-2023
Hydro,118,24,55,26,11,235,26-03-2023
Nuclear,25,32,76,0,0,133,26-03-2023
"Gas, Naptha & Diesel",3,8,7,0,30,48,26-03-2023
"RES (Wind, Solar, Biomass & Others)",187,126,179,3,1,496,26-03-2023
Total,973,1533,1020,722,52,4299,26-03-2023
Coal,646,1371,684,708,11,3420,25-03-2023
Lignite,31,18,67,0,0,115,25-03-2023
Hydro,112,31,82,32,13,269,25-03-2023
Nuclear,25,31,76,0,0,133,25-03-2023
"Gas, Naptha & Diesel",3,9,6,0,30,49,25-03-2023
"RES (Wind, Solar, Biomass & Others)",418,141,170,3,1,734,25-03-2023
Total,1234,1602,1085,743,54,4719,25-03-2023
Coal,622,1340,653,696,10,3321,24-03-2023
Lignite,29,18,64,0,0,112,24-03-2023
Hydro,109,28,83,33,13,265,24-03-2023
Nuclear,25,31,76,0,0,132,24-03-2023
"Gas, Naptha & Diesel",3,10,7,0,30,50,24-03-2023
"RES (Wind, Solar, Biomass & Others)",187,191,181,6,1,566,24-03-2023
Total,976,1618,1064,734,54,4446,24-03-2023
Coal,624,1359,649,694,10,3336,23-03-2023
Lignite,29,20,61,0,0,110,23-03-2023
Hydro,115,25,73,31,16,260,23-03-2023
Nuclear,25,31,76,0,0,132,23-03-2023
"Gas, Naptha & Diesel",3,15,7,0,30,56,23-03-2023
"RES (Wind, Solar, Biomass & Others)",162,130,191,8,1,492,23-03-2023
Total,957,1581,1058,732,57,4386,23-03-2023
Coal,617,1316,635,673,9,3249,22-03-2023
Lignite,27,17,62,0,0,106,22-03-2023
Hydro,127,29,60,37,17,269,22-03-2023
Nuclear,25,31,76,0,0,132,22-03-2023
"Gas, Naptha & Diesel",3,16,7,0,30,56,22-03-2023
"RES (Wind, Solar, Biomass & Others)",161,113,194,7,1,476,22-03-2023
Total,959,1521,1034,717,57,4288,22-03-2023
Coal,605,1282,599,638,9,3133,21-03-2023
Lignite,27,17,57,0,0,102,21-03-2023
Hydro,128,38,64,31,15,276,21-03-2023
Nuclear,25,30,76,0,0,131,21-03-2023
"Gas, Naptha & Diesel",3,16,7,0,30,56,21-03-2023
"RES (Wind, Solar, Biomass & Others)",158,118,212,3,1,492,21-03-2023
Total,947,1501,1014,673,54,4190,21-03-2023
Coal,599,1261,560,602,8,3030,20-03-2023
Lignite,27,19,55,0,0,101,20-03-2023
Hydro,126,36,53,25,10,250,20-03-2023
Nuclear,25,30,76,0,0,131,20-03-2023
"Gas, Naptha & Diesel",3,14,5,0,30,52,20-03-2023
"RES (Wind, Solar, Biomass & Others)",158,124,213,3,1,498,20-03-2023
Total,937,1484,964,630,48,4062,20-03-2023
Coal,568,1242,509,552,7,2876,19-03-2023
Lignite,26,20,56,0,0,101,19-03-2023
Hydro,122,23,41,22,8,217,19-03-2023
Nuclear,25,30,76,0,0,131,19-03-2023
"Gas, Naptha & Diesel",4,8,5,0,30,46,19-03-2023
"RES (Wind, Solar, Biomass & Others)",139,127,222,3,0,492,19-03-2023
Total,883,1449,909,577,45,3863,19-03-2023
Coal,604,1352,601,612,8,3177,18-03-2023
Lignite,27,22,61,0,0,110,18-03-2023
Hydro,126,25,58,20,8,236,18-03-2023
Nuclear,25,32,76,0,0,133,18-03-2023
"Gas, Naptha & Diesel",4,17,7,0,31,59,18-03-2023
"RES (Wind, Solar, Biomass & Others)",160,109,173,3,1,446,18-03-2023
Total,947,1557,975,635,48,4161,18-03-2023
Coal,673,1403,641,644,10,3370,17-03-2023
Lignite,31,23,63,0,0,116,17-03-2023
Hydro,131,26,56,28,8,249,17-03-2023
Nuclear,25,32,76,0,0,133,17-03-2023
"Gas, Naptha & Diesel",4,18,7,0,31,60,17-03-2023
"RES (Wind, Solar, Biomass & Others)",136,112,166,4,1,419,17-03-2023
Total,1000,1614,1009,675,50,4347,17-03-2023
Coal,757,1410,723,678,11,3580,16-03-2023
Lignite,34,24,64,0,0,122,16-03-2023
Hydro,136,31,68,25,8,268,16-03-2023
Nuclear,25,43,76,0,0,144,16-03-2023
"Gas, Naptha & Diesel",9,18,7,0,31,64,16-03-2023
"RES (Wind, Solar, Biomass & Others)",138,103,158,3,1,404,16-03-2023
Total,1100,1629,1096,707,51,4582,16-03-2023
Coal,771,1464,743,704,12,3695,15-03-2023
Lignite,35,24,64,0,0,122,15-03-2023
Hydro,142,53,76,27,7,305,15-03-2023
Nuclear,25,45,76,0,0,146,15-03-2023
"Gas, Naptha & Diesel",16,26,7,0,31,80,15-03-2023
"RES (Wind, Solar, Biomass & Others)",131,104,171,6,1,412,15-03-2023
Total,1119,1715,1138,737,51,4760,15-03-2023
Coal,768,1469,738,694,12,3681,14-03-2023
Lignite,32,22,68,0,0,122,14-03-2023
Hydro,146,46,73,26,5,296,14-03-2023
Nuclear,25,44,76,0,0,145,14-03-2023
"Gas, Naptha & Diesel",12,17,7,0,31,67,14-03-2023
"RES (Wind, Solar, Biomass & Others)",160,107,194,7,1,468,14-03-2023
Total,1143,1704,1156,726,49,4778,14-03-2023
Coal,759,1451,714,698,12,3634,13-03-2023
Lignite,28,22,67,0,0,118,13-03-2023
Hydro,147,37,66,28,8,287,13-03-2023
Nuclear,25,44,76,0,0,145,13-03-2023
"Gas, Naptha & Diesel",6,11,7,0,32,55,13-03-2023
"RES (Wind, Solar, Biomass & Others)",149,110,215,4,1,479,13-03-2023
Total,1114,1676,1146,730,53,4718,13-03-2023
Coal,709,1413,675,694,11,3502,12-03-2023
Lignite,27,23,64,0,0,114,12-03-2023
Hydro,142,28,51,25,8,254,12-03-2023
Nuclear,25,35,76,0,0,136,12-03-2023
"Gas, Naptha & Diesel",4,4,6,0,31,46,12-03-2023
"RES (Wind, Solar, Biomass & Others)",141,112,237,4,1,495,12-03-2023
Total,1049,1614,1110,723,50,4546,12-03-2023
Coal,709,1446,714,681,11,3562,11-03-2023
Lignite,25,22,62,0,0,108,11-03-2023
Hydro,138,32,65,27,8,270,11-03-2023
Nuclear,25,38,76,0,0,140,11-03-2023
"Gas, Naptha & Diesel",4,5,6,0,31,46,11-03-2023
"RES (Wind, Solar, Biomass & Others)",170,115,220,4,1,509,11-03-2023
Total,1070,1657,1145,712,51,4635,11-03-2023
Coal,688,1435,694,677,11,3506,10-03-2023
Lignite,26,21,65,0,0,112,10-03-2023
Hydro,135,31,81,28,8,283,10-03-2023
Nuclear,25,32,77,0,0,133,10-03-2023
"Gas, Naptha & Diesel",4,4,6,0,31,45,10-03-2023
"RES (Wind, Solar, Biomass & Others)",171,109,217,4,1,502,10-03-2023
Total,1049,1632,1140,709,51,4581,10-03-2023
Coal,611,1375,649,645,10,3290,09-03-2023
Lignite,27,19,61,0,0,108,09-03-2023
Hydro,126,29,76,26,8,265,09-03-2023
Nuclear,25,43,76,0,0,144,09-03-2023
"Gas, Naptha & Diesel",3,3,7,0,29,42,09-03-2023
"RES (Wind, Solar, Biomass & Others)",168,119,210,5,1,502,09-03-2023
Total,961,1587,1079,675,48,4351,09-03-2023
Coal,604,1286,621,629,9,3149,08-03-2023
Lignite,28,19,58,0,0,104,08-03-2023
Hydro,126,27,53,23,8,237,08-03-2023
Nuclear,24,44,77,0,0,145,08-03-2023
"Gas, Naptha & Diesel",8,4,7,0,31,50,08-03-2023
"RES (Wind, Solar, Biomass & Others)",171,110,253,4,1,538,08-03-2023
Total,961,1491,1067,655,48,4222,08-03-2023
Coal,677,1286,671,693,10,3337,07-03-2023
Lignite,28,19,60,0,0,106,07-03-2023
Hydro,125,28,64,24,10,250,07-03-2023
Nuclear,22,42,76,0,0,140,07-03-2023
"Gas, Naptha & Diesel",11,8,7,0,32,58,07-03-2023
"RES (Wind, Solar, Biomass & Others)",164,133,221,7,1,526,07-03-2023
Total,1026,1515,1099,724,53,4417,07-03-2023
Coal,702,1445,703,709,12,3570,06-03-2023
Lignite,31,19,58,0,0,108,06-03-2023
Hydro,123,34,73,27,8,264,06-03-2023
Nuclear,20,36,76,0,0,133,06-03-2023
"Gas, Naptha & Diesel",11,12,7,0,33,63,06-03-2023
"RES (Wind, Solar, Biomass & Others)",168,107,225,8,1,508,06-03-2023
Total,1055,1654,1141,744,53,4647,06-03-2023
Coal,674,1407,682,695,11,3469,05-03-2023
Lignite,32,18,52,0,0,101,05-03-2023
Hydro,122,31,59,26,7,245,05-03-2023
Nuclear,20,32,76,0,0,129,05-03-2023
"Gas, Naptha & Diesel",11,7,7,0,32,56,05-03-2023
"RES (Wind, Solar, Biomass & Others)",173,117,234,4,1,530,05-03-2023
Total,1031,1613,1110,725,50,4530,05-03-2023
Coal,693,1505,737,702,10,3648,04-03-2023
Lignite,30,16,55,0,0,101,04-03-2023
Hydro,125,49,67,26,8,274,04-03-2023
Nuclear,20,36,76,0,0,133,04-03-2023
"Gas, Naptha & Diesel",11,16,7,0,33,66,04-03-2023
"RES (Wind, Solar, Biomass & Others)",163,117,255,4,1,539,04-03-2023
Total,1043,1738,1197,732,52,4762,04-03-2023
Coal,702,1494,745,677,12,3631,03-03-2023
Lignite,31,16,52,0,0,99,03-03-2023
Hydro,124,60,66,28,7,285,03-03-2023
Nuclear,20,37,75,0,0,132,03-03-2023
"Gas, Naptha & Diesel",11,16,6,0,32,65,03-03-2023
"RES (Wind, Solar, Biomass & Others)",187,118,242,3,1,551,03-03-2023
Total,1075,1740,1187,708,52,4763,03-03-2023
Coal,718,1481,714,658,12,3583,02-03-2023
Lignite,31,18,60,0,0,110,02-03-2023
Hydro,122,59,65,27,8,281,02-03-2023
Nuclear,20,37,71,0,0,127,02-03-2023
"Gas, Naptha & Diesel",9,21,6,0,31,68,02-03-2023
"RES (Wind, Solar, Biomass & Others)",176,117,266,3,1,562,02-03-2023
Total,1077,1733,1182,688,52,4731,02-03-2023
Coal,696,1470,711,657,17,3550,01-03-2023
Lignite,29,17,63,0,0,109,01-03-2023
Hydro,129,63,69,26,9,295,01-03-2023
Nuclear,20,37,70,0,0,127,01-03-2023
"Gas, Naptha & Diesel",9,22,6,0,32,69,01-03-2023
"RES (Wind, Solar, Biomass & Others)",172,109,248,4,1,534,01-03-2023
Total,1055,1716,1168,687,58,4684,01-03-2023
